[{"_id":"383654","area":"IND","below":["IND001","IND002","IND003","IND005","IND007","IND013","IND014","IND015","IND019","IND021","IND023","IND029","IND030","IND032","IND033"],"indicator":115,"ius":"Non-breastfeeding children receiving adequate diet (6-23 months):Percent:Total","rank":1,"src":1,"subgrp":1,"top":["IND006","IND008","IND009","IND010","IND017","IND020","IND024","IND027","IND028"],"tp":"2005-2006","trend":"na","value":"11.9","slugiddata":383654,"dKPIRSrs":false,"dNITIRSrs":true,"tps":"","dTHEMATICRSrs":false},{"_id":"383655","area":"IND001","below":[],"indicator":115,"ius":"Non-breastfeeding children receiving adequate diet (6-23 months):Percent:Total","rank":16,"src":1,"subgrp":1,"top":[],"tp":"2005-2006","trend":"na","value":"18.9","slugiddata":383655,"dKPIRSrs":false,"dNITIRSrs":true,"tps":"","dTHEMATICRSrs":false},{"_id":"383656","area":"IND002","below":[],"indicator":115,"ius":"Non-breastfeeding children receiving adequate diet (6-23 months):Percent:Total","rank":21,"src":1,"subgrp":1,"top":[],"tp":"2005-2006","trend":"na","value":"33.5","slugiddata":383656,"dKPIRSrs":false,"dNITIRSrs":true,"tps":"","dTHEMATICRSrs":false},{"_id":"383657","area":"IND003","below":[],"indicator":115,"ius":"Non-breastfeeding children receiving adequate diet (6-23 months):Percent:Total","rank":11,"src":1,"subgrp":1,"top":[],"tp":"2005-2006","trend":"na","value":"15.5","slugiddata":383657,"dKPIRSrs":false,"dNITIRSrs":true,"tps":"","dTHEMATICRSrs":false},{"_id":"383658","area":"IND005","below":[],"indicator":115,"ius":"Non-breastfeeding children receiving adequate diet (6-23 months):Percent:Total","rank":12,"src":1,"subgrp":1,"top":[],"tp":"2005-2006","trend":"na","value":"16.8","slugiddata":383658,"dKPIRSrs":false,"dNITIRSrs":true,"tps":"","dTHEMATICRSrs":false},{"_id":"383659","area":"IND006","below":[],"indicator":115,"ius":"Non-breastfeeding children receiving adequate diet (6-23 months):Percent:Total","rank":4,"src":1,"subgrp":1,"top":[],"tp":"2005-2006","trend":"na","value":"6.4","slugiddata":383659,"dKPIRSrs":false,"dNITIRSrs":true,"tps":"","dTHEMATICRSrs":false},{"_id":"383660","area":"IND008","below":[],"indicator":115,"ius":"Non-breastfeeding children receiving adequate diet (6-23 months):Percent:Total","rank":5,"src":1,"subgrp":1,"top":[],"tp":"2005-2006","trend":"na","value":"6.6","slugiddata":383660,"dKPIRSrs":false,"dNITIRSrs":true,"tps":"","dTHEMATICRSrs":false},{"_id":"383661","area":"IND009","below":[],"indicator":115,"ius":"Non-breastfeeding children receiving adequate diet (6-23 months):Percent:Total","rank":7,"src":1,"subgrp":1,"top":[],"tp":"2005-2006","trend":"na","value":"8.2","slugiddata":383661,"dKPIRSrs":false,"dNITIRSrs":true,"tps":"","dTHEMATICRSrs":false},{"_id":"383662","area":"IND010","below":[],"indicator":115,"ius":"Non-breastfeeding children receiving adequate diet (6-23 months):Percent:Total","rank":8,"src":1,"subgrp":1,"top":[],"tp":"2005-2006","trend":"na","value":"11.9","slugiddata":383662,"dKPIRSrs":false,"dNITIRSrs":true,"tps":"","dTHEMATICRSrs":false},{"_id":"383663","area":"IND013","below":[],"indicator":115,"ius":"Non-breastfeeding children receiving adequate diet (6-23 months):Percent:Total","rank":18,"src":1,"subgrp":1,"top":[],"tp":"2005-2006","trend":"na","value":"21.1","slugiddata":383663,"dKPIRSrs":false,"dNITIRSrs":true,"tps":"","dTHEMATICRSrs":false},{"_id":"383664","area":"IND014","below":[],"indicator":115,"ius":"Non-breastfeeding children receiving adequate diet (6-23 months):Percent:Total","rank":10,"src":1,"subgrp":1,"top":[],"tp":"2005-2006","trend":"na","value":"15.0","slugiddata":383664,"dKPIRSrs":false,"dNITIRSrs":true,"tps":"","dTHEMATICRSrs":false},{"_id":"383665","area":"IND015","below":[],"indicator":115,"ius":"Non-breastfeeding children receiving adequate diet (6-23 months):Percent:Total","rank":19,"src":1,"subgrp":1,"top":[],"tp":"2005-2006","trend":"na","value":"21.3","slugiddata":383665,"dKPIRSrs":false,"dNITIRSrs":true,"tps":"","dTHEMATICRSrs":false},{"_id":"383666","area":"IND017","below":[],"indicator":115,"ius":"Non-breastfeeding children receiving adequate diet (6-23 months):Percent:Total","rank":5,"src":1,"subgrp":1,"top":[],"tp":"2005-2006","trend":"na","value":"6.6","slugiddata":383666,"dKPIRSrs":false,"dNITIRSrs":true,"tps":"","dTHEMATICRSrs":false},{"_id":"383667","area":"IND020","below":[],"indicator":115,"ius":"Non-breastfeeding children receiving adequate diet (6-23 months):Percent:Total","rank":2,"src":1,"subgrp":1,"top":[],"tp":"2005-2006","trend":"na","value":"5.1","slugiddata":383667,"dKPIRSrs":false,"dNITIRSrs":true,"tps":"","dTHEMATICRSrs":false},{"_id":"383668","area":"IND023","below":[],"indicator":115,"ius":"Non-breastfeeding children receiving adequate diet (6-23 months):Percent:Total","rank":15,"src":1,"subgrp":1,"top":[],"tp":"2005-2006","trend":"na","value":"18.3","slugiddata":383668,"dKPIRSrs":false,"dNITIRSrs":true,"tps":"","dTHEMATICRSrs":false},{"_id":"383669","area":"IND024","below":[],"indicator":115,"ius":"Non-breastfeeding children receiving adequate diet (6-23 months):Percent:Total","rank":3,"src":1,"subgrp":1,"top":[],"tp":"2005-2006","trend":"na","value":"5.4","slugiddata":383669,"dKPIRSrs":false,"dNITIRSrs":true,"tps":"","dTHEMATICRSrs":false},{"_id":"383670","area":"IND027","below":[],"indicator":115,"ius":"Non-breastfeeding children receiving adequate diet (6-23 months):Percent:Total","rank":6,"src":1,"subgrp":1,"top":[],"tp":"2005-2006","trend":"na","value":"7.8","slugiddata":383670,"dKPIRSrs":false,"dNITIRSrs":true,"tps":"","dTHEMATICRSrs":false},{"_id":"383671","area":"IND028","below":[],"indicator":115,"ius":"Non-breastfeeding children receiving adequate diet (6-23 months):Percent:Total","rank":1,"src":1,"subgrp":1,"top":[],"tp":"2005-2006","trend":"na","value":"2.0","slugiddata":383671,"dKPIRSrs":false,"dNITIRSrs":true,"tps":"","dTHEMATICRSrs":false},{"_id":"383672","area":"IND029","below":[],"indicator":115,"ius":"Non-breastfeeding children receiving adequate diet (6-23 months):Percent:Total","rank":14,"src":1,"subgrp":1,"top":[],"tp":"2005-2006","trend":"na","value":"18.2","slugiddata":383672,"dKPIRSrs":false,"dNITIRSrs":true,"tps":"","dTHEMATICRSrs":false},{"_id":"383673","area":"IND033","below":[],"indicator":115,"ius":"Non-breastfeeding children receiving adequate diet (6-23 months):Percent:Total","rank":17,"src":1,"subgrp":1,"top":[],"tp":"2005-2006","trend":"na","value":"19.9","slugiddata":383673,"dKPIRSrs":false,"dNITIRSrs":true,"tps":"","dTHEMATICRSrs":false},{"_id":"407531","area":"IND012003","below":[],"indicator":115,"ius":"Non-breastfeeding children receiving adequate diet (6-23 months):Percent:Total","rank":1,"src":1,"subgrp":1,"top":[],"tp":"2015-2016","trend":"na","value":"4.1","slugiddata":407531,"dKPIRSrs":false,"dNITIRSrs":true,"tps":"","dTHEMATICRSrs":false},{"_id":"407532","area":"IND012004","below":[],"indicator":115,"ius":"Non-breastfeeding children receiving adequate diet (6-23 months):Percent:Total","rank":2,"src":1,"subgrp":1,"top":[],"tp":"2015-2016","trend":"na","value":"30.0","slugiddata":407532,"dKPIRSrs":false,"dNITIRSrs":true,"tps":"","dTHEMATICRSrs":false},{"_id":"407533","area":"IND010038","below":[],"indicator":115,"ius":"Non-breastfeeding children receiving adequate diet (6-23 months):Percent:Total","rank":8,"src":1,"subgrp":1,"top":[],"tp":"2015-2016","trend":"na","value":"9.8","slugiddata":407533,"dKPIRSrs":false,"dNITIRSrs":true,"tps":"","dTHEMATICRSrs":false},{"_id":"407534","area":"IND010022","below":[],"indicator":115,"ius":"Non-breastfeeding children receiving adequate diet (6-23 months):Percent:Total","rank":13,"src":1,"subgrp":1,"top":[],"tp":"2015-2016","trend":"na","value":"14.2","slugiddata":407534,"dKPIRSrs":false,"dNITIRSrs":true,"tps":"","dTHEMATICRSrs":false},{"_id":"407535","area":"IND010029","below":[],"indicator":115,"ius":"Non-breastfeeding children receiving adequate diet (6-23 months):Percent:Total","rank":14,"src":1,"subgrp":1,"top":[],"tp":"2015-2016","trend":"na","value":"15.1","slugiddata":407535,"dKPIRSrs":false,"dNITIRSrs":true,"tps":"","dTHEMATICRSrs":false},{"_id":"407536","area":"IND010013","below":[],"indicator":115,"ius":"Non-breastfeeding children receiving adequate diet (6-23 months):Percent:Total","rank":12,"src":1,"subgrp":1,"top":[],"tp":"2015-2016","trend":"na","value":"14.1","slugiddata":407536,"dKPIRSrs":false,"dNITIRSrs":true,"tps":"","dTHEMATICRSrs":false},{"_id":"407537","area":"IND010034","below":[],"indicator":115,"ius":"Non-breastfeeding children receiving adequate diet (6-23 months):Percent:Total","rank":4,"src":1,"subgrp":1,"top":[],"tp":"2015-2016","trend":"na","value":"4.0","slugiddata":407537,"dKPIRSrs":false,"dNITIRSrs":true,"tps":"","dTHEMATICRSrs":false},{"_id":"407538","area":"IND010036","below":[],"indicator":115,"ius":"Non-breastfeeding children receiving adequate diet (6-23 months):Percent:Total","rank":4,"src":1,"subgrp":1,"top":[],"tp":"2015-2016","trend":"na","value":"4.0","slugiddata":407538,"dKPIRSrs":false,"dNITIRSrs":true,"tps":"","dTHEMATICRSrs":false},{"_id":"407539","area":"IND010021","below":[],"indicator":115,"ius":"Non-breastfeeding children receiving adequate diet (6-23 months):Percent:Total","rank":9,"src":1,"subgrp":1,"top":[],"tp":"2015-2016","trend":"na","value":"11.0","slugiddata":407539,"dKPIRSrs":false,"dNITIRSrs":true,"tps":"","dTHEMATICRSrs":false},{"_id":"407540","area":"IND010035","below":[],"indicator":115,"ius":"Non-breastfeeding children receiving adequate diet (6-23 months):Percent:Total","rank":6,"src":1,"subgrp":1,"top":[],"tp":"2015-2016","trend":"na","value":"6.0","slugiddata":407540,"dKPIRSrs":false,"dNITIRSrs":true,"tps":"","dTHEMATICRSrs":false},{"_id":"407541","area":"IND010028","below":[],"indicator":115,"ius":"Non-breastfeeding children receiving adequate diet (6-23 months):Percent:Total","rank":5,"src":1,"subgrp":1,"top":[],"tp":"2015-2016","trend":"na","value":"5.4","slugiddata":407541,"dKPIRSrs":false,"dNITIRSrs":true,"tps":"","dTHEMATICRSrs":false},{"_id":"407542","area":"IND010009","below":[],"indicator":115,"ius":"Non-breastfeeding children receiving adequate diet (6-23 months):Percent:Total","rank":7,"src":1,"subgrp":1,"top":[],"tp":"2015-2016","trend":"na","value":"6.9","slugiddata":407542,"dKPIRSrs":false,"dNITIRSrs":true,"tps":"","dTHEMATICRSrs":false},{"_id":"407543","area":"IND010032","below":[],"indicator":115,"ius":"Non-breastfeeding children receiving adequate diet (6-23 months):Percent:Total","rank":1,"src":1,"subgrp":1,"top":[],"tp":"2015-2016","trend":"na","value":"0.0","slugiddata":407543,"dKPIRSrs":false,"dNITIRSrs":true,"tps":"","dTHEMATICRSrs":false},{"_id":"407544","area":"IND010012","below":[],"indicator":115,"ius":"Non-breastfeeding children receiving adequate diet (6-23 months):Percent:Total","rank":3,"src":1,"subgrp":1,"top":[],"tp":"2015-2016","trend":"na","value":"3.4","slugiddata":407544,"dKPIRSrs":false,"dNITIRSrs":true,"tps":"","dTHEMATICRSrs":false},{"_id":"407545","area":"IND010026","below":[],"indicator":115,"ius":"Non-breastfeeding children receiving adequate diet (6-23 months):Percent:Total","rank":11,"src":1,"subgrp":1,"top":[],"tp":"2015-2016","trend":"na","value":"13.1","slugiddata":407545,"dKPIRSrs":false,"dNITIRSrs":true,"tps":"","dTHEMATICRSrs":false},{"_id":"407546","area":"IND010016","below":[],"indicator":115,"ius":"Non-breastfeeding children receiving adequate diet (6-23 months):Percent:Total","rank":10,"src":1,"subgrp":1,"top":[],"tp":"2015-2016","trend":"na","value":"11.5","slugiddata":407546,"dKPIRSrs":false,"dNITIRSrs":true,"tps":"","dTHEMATICRSrs":false},{"_id":"407547","area":"IND010018","below":[],"indicator":115,"ius":"Non-breastfeeding children receiving adequate diet (6-23 months):Percent:Total","rank":2,"src":1,"subgrp":1,"top":[],"tp":"2015-2016","trend":"na","value":"2.1","slugiddata":407547,"dKPIRSrs":false,"dNITIRSrs":true,"tps":"","dTHEMATICRSrs":false},{"_id":"407548","area":"IND006006","below":[],"indicator":115,"ius":"Non-breastfeeding children receiving adequate diet (6-23 months):Percent:Total","rank":3,"src":1,"subgrp":1,"top":[],"tp":"2015-2016","trend":"na","value":"12.6","slugiddata":407548,"dKPIRSrs":false,"dNITIRSrs":true,"tps":"","dTHEMATICRSrs":false},{"_id":"407549","area":"IND006019","below":[],"indicator":115,"ius":"Non-breastfeeding children receiving adequate diet (6-23 months):Percent:Total","rank":2,"src":1,"subgrp":1,"top":[],"tp":"2015-2016","trend":"na","value":"4.4","slugiddata":407549,"dKPIRSrs":false,"dNITIRSrs":true,"tps":"","dTHEMATICRSrs":false},{"_id":"407550","area":"IND006021","below":[],"indicator":115,"ius":"Non-breastfeeding children receiving adequate diet (6-23 months):Percent:Total","rank":4,"src":1,"subgrp":1,"top":[],"tp":"2015-2016","trend":"na","value":"16.0","slugiddata":407550,"dKPIRSrs":false,"dNITIRSrs":true,"tps":"","dTHEMATICRSrs":false},{"_id":"407551","area":"IND006011","below":[],"indicator":115,"ius":"Non-breastfeeding children receiving adequate diet (6-23 months):Percent:Total","rank":1,"src":1,"subgrp":1,"top":[],"tp":"2015-2016","trend":"na","value":"0.0","slugiddata":407551,"dKPIRSrs":false,"dNITIRSrs":true,"tps":"","dTHEMATICRSrs":false},{"_id":"407552","area":"IND002010","below":[],"indicator":115,"ius":"Non-breastfeeding children receiving adequate diet (6-23 months):Percent:Total","rank":1,"src":1,"subgrp":1,"top":[],"tp":"2015-2016","trend":"na","value":"8.1","slugiddata":407552,"dKPIRSrs":false,"dNITIRSrs":true,"tps":"","dTHEMATICRSrs":false},{"_id":"407553","area":"IND029029","below":[],"indicator":115,"ius":"Non-breastfeeding children receiving adequate diet (6-23 months):Percent:Total","rank":3,"src":1,"subgrp":1,"top":[],"tp":"2015-2016","trend":"na","value":"20.8","slugiddata":407553,"dKPIRSrs":false,"dNITIRSrs":true,"tps":"","dTHEMATICRSrs":false},{"_id":"407554","area":"IND029018","below":[],"indicator":115,"ius":"Non-breastfeeding children receiving adequate diet (6-23 months):Percent:Total","rank":1,"src":1,"subgrp":1,"top":[],"tp":"2015-2016","trend":"na","value":"14.0","slugiddata":407554,"dKPIRSrs":false,"dNITIRSrs":true,"tps":"","dTHEMATICRSrs":false},{"_id":"407555","area":"IND029022","below":[],"indicator":115,"ius":"Non-breastfeeding children receiving adequate diet (6-23 months):Percent:Total","rank":4,"src":1,"subgrp":1,"top":[],"tp":"2015-2016","trend":"na","value":"21.6","slugiddata":407555,"dKPIRSrs":false,"dNITIRSrs":true,"tps":"","dTHEMATICRSrs":false},{"_id":"407556","area":"IND029019","below":[],"indicator":115,"ius":"Non-breastfeeding children receiving adequate diet (6-23 months):Percent:Total","rank":5,"src":1,"subgrp":1,"top":[],"tp":"2015-2016","trend":"na","value":"29.8","slugiddata":407556,"dKPIRSrs":false,"dNITIRSrs":true,"tps":"","dTHEMATICRSrs":false},{"_id":"407557","area":"IND029023","below":[],"indicator":115,"ius":"Non-breastfeeding children receiving adequate diet (6-23 months):Percent:Total","rank":2,"src":1,"subgrp":1,"top":[],"tp":"2015-2016","trend":"na","value":"17.6","slugiddata":407557,"dKPIRSrs":false,"dNITIRSrs":true,"tps":"","dTHEMATICRSrs":false},{"_id":"407558","area":"IND029030","below":[],"indicator":115,"ius":"Non-breastfeeding children receiving adequate diet (6-23 months):Percent:Total","rank":6,"src":1,"subgrp":1,"top":[],"tp":"2015-2016","trend":"na","value":"32.1","slugiddata":407558,"dKPIRSrs":false,"dNITIRSrs":true,"tps":"","dTHEMATICRSrs":false},{"_id":"407559","area":"IND023048","below":[],"indicator":115,"ius":"Non-breastfeeding children receiving adequate diet (6-23 months):Percent:Total","rank":6,"src":1,"subgrp":1,"top":[],"tp":"2015-2016","trend":"na","value":"5.3","slugiddata":407559,"dKPIRSrs":false,"dNITIRSrs":true,"tps":"","dTHEMATICRSrs":false},{"_id":"407560","area":"IND023050","below":[],"indicator":115,"ius":"Non-breastfeeding children receiving adequate diet (6-23 months):Percent:Total","rank":8,"src":1,"subgrp":1,"top":[],"tp":"2015-2016","trend":"na","value":"12.1","slugiddata":407560,"dKPIRSrs":false,"dNITIRSrs":true,"tps":"","dTHEMATICRSrs":false},{"_id":"407561","area":"IND023020","below":[],"indicator":115,"ius":"Non-breastfeeding children receiving adequate diet (6-23 months):Percent:Total","rank":5,"src":1,"subgrp":1,"top":[],"tp":"2015-2016","trend":"na","value":"4.4","slugiddata":407561,"dKPIRSrs":false,"dNITIRSrs":true,"tps":"","dTHEMATICRSrs":false},{"_id":"407562","area":"IND023021","below":[],"indicator":115,"ius":"Non-breastfeeding children receiving adequate diet (6-23 months):Percent:Total","rank":4,"src":1,"subgrp":1,"top":[],"tp":"2015-2016","trend":"na","value":"3.1","slugiddata":407562,"dKPIRSrs":false,"dNITIRSrs":true,"tps":"","dTHEMATICRSrs":false},{"_id":"407563","area":"IND023004","below":[],"indicator":115,"ius":"Non-breastfeeding children receiving adequate diet (6-23 months):Percent:Total","rank":1,"src":1,"subgrp":1,"top":[],"tp":"2015-2016","trend":"na","value":"0.0","slugiddata":407563,"dKPIRSrs":false,"dNITIRSrs":true,"tps":"","dTHEMATICRSrs":false},{"_id":"407564","area":"IND023032","below":[],"indicator":115,"ius":"Non-breastfeeding children receiving adequate diet (6-23 months):Percent:Total","rank":3,"src":1,"subgrp":1,"top":[],"tp":"2015-2016","trend":"na","value":"1.6","slugiddata":407564,"dKPIRSrs":false,"dNITIRSrs":true,"tps":"","dTHEMATICRSrs":false},{"_id":"407565","area":"IND023022","below":[],"indicator":115,"ius":"Non-breastfeeding children receiving adequate diet (6-23 months):Percent:Total","rank":2,"src":1,"subgrp":1,"top":[],"tp":"2015-2016","trend":"na","value":"0.6","slugiddata":407565,"dKPIRSrs":false,"dNITIRSrs":true,"tps":"","dTHEMATICRSrs":false},{"_id":"407566","area":"IND023034","below":[],"indicator":115,"ius":"Non-breastfeeding children receiving adequate diet (6-23 months):Percent:Total","rank":1,"src":1,"subgrp":1,"top":[],"tp":"2015-2016","trend":"na","value":"0.0","slugiddata":407566,"dKPIRSrs":false,"dNITIRSrs":true,"tps":"","dTHEMATICRSrs":false},{"_id":"407567","area":"IND023047","below":[],"indicator":115,"ius":"Non-breastfeeding children receiving adequate diet (6-23 months):Percent:Total","rank":9,"src":1,"subgrp":1,"top":[],"tp":"2015-2016","trend":"na","value":"18.2","slugiddata":407567,"dKPIRSrs":false,"dNITIRSrs":true,"tps":"","dTHEMATICRSrs":false},{"_id":"407568","area":"IND023018","below":[],"indicator":115,"ius":"Non-breastfeeding children receiving adequate diet (6-23 months):Percent:Total","rank":7,"src":1,"subgrp":1,"top":[],"tp":"2015-2016","trend":"na","value":"6.3","slugiddata":407568,"dKPIRSrs":false,"dNITIRSrs":true,"tps":"","dTHEMATICRSrs":false},{"_id":"407569","area":"IND027028","below":[],"indicator":115,"ius":"Non-breastfeeding children receiving adequate diet (6-23 months):Percent:Total","rank":1,"src":1,"subgrp":1,"top":[],"tp":"2015-2016","trend":"na","value":"20.9","slugiddata":407569,"dKPIRSrs":false,"dNITIRSrs":true,"tps":"","dTHEMATICRSrs":false},{"_id":"407570","area":"IND014003","below":[],"indicator":115,"ius":"Non-breastfeeding children receiving adequate diet (6-23 months):Percent:Total","rank":1,"src":1,"subgrp":1,"top":[],"tp":"2015-2016","trend":"na","value":"0.0","slugiddata":407570,"dKPIRSrs":false,"dNITIRSrs":true,"tps":"","dTHEMATICRSrs":false},{"_id":"407571","area":"IND017006","below":[],"indicator":115,"ius":"Non-breastfeeding children receiving adequate diet (6-23 months):Percent:Total","rank":4,"src":1,"subgrp":1,"top":[],"tp":"2015-2016","trend":"na","value":"26.8","slugiddata":407571,"dKPIRSrs":false,"dNITIRSrs":true,"tps":"","dTHEMATICRSrs":false},{"_id":"407572","area":"IND017007","below":[],"indicator":115,"ius":"Non-breastfeeding children receiving adequate diet (6-23 months):Percent:Total","rank":3,"src":1,"subgrp":1,"top":[],"tp":"2015-2016","trend":"na","value":"17.7","slugiddata":407572,"dKPIRSrs":false,"dNITIRSrs":true,"tps":"","dTHEMATICRSrs":false},{"_id":"407573","area":"IND017005","below":[],"indicator":115,"ius":"Non-breastfeeding children receiving adequate diet (6-23 months):Percent:Total","rank":1,"src":1,"subgrp":1,"top":[],"tp":"2015-2016","trend":"na","value":"8.8","slugiddata":407573,"dKPIRSrs":false,"dNITIRSrs":true,"tps":"","dTHEMATICRSrs":false},{"_id":"407574","area":"IND017004","below":[],"indicator":115,"ius":"Non-breastfeeding children receiving adequate diet (6-23 months):Percent:Total","rank":2,"src":1,"subgrp":1,"top":[],"tp":"2015-2016","trend":"na","value":"10.6","slugiddata":407574,"dKPIRSrs":false,"dNITIRSrs":true,"tps":"","dTHEMATICRSrs":false},{"_id":"407575","area":"IND015004","below":[],"indicator":115,"ius":"Non-breastfeeding children receiving adequate diet (6-23 months):Percent:Total","rank":3,"src":1,"subgrp":1,"top":[],"tp":"2015-2016","trend":"na","value":"14.1","slugiddata":407575,"dKPIRSrs":false,"dNITIRSrs":true,"tps":"","dTHEMATICRSrs":false},{"_id":"407576","area":"IND015002","below":[],"indicator":115,"ius":"Non-breastfeeding children receiving adequate diet (6-23 months):Percent:Total","rank":2,"src":1,"subgrp":1,"top":[],"tp":"2015-2016","trend":"na","value":"12.3","slugiddata":407576,"dKPIRSrs":false,"dNITIRSrs":true,"tps":"","dTHEMATICRSrs":false},{"_id":"407577","area":"IND015008","below":[],"indicator":115,"ius":"Non-breastfeeding children receiving adequate diet (6-23 months):Percent:Total","rank":1,"src":1,"subgrp":1,"top":[],"tp":"2015-2016","trend":"na","value":"4.7","slugiddata":407577,"dKPIRSrs":false,"dNITIRSrs":true,"tps":"","dTHEMATICRSrs":false},{"_id":"407578","area":"IND013005","below":[],"indicator":115,"ius":"Non-breastfeeding children receiving adequate diet (6-23 months):Percent:Total","rank":9,"src":1,"subgrp":1,"top":[],"tp":"2015-2016","trend":"na","value":"34.2","slugiddata":407578,"dKPIRSrs":false,"dNITIRSrs":true,"tps":"","dTHEMATICRSrs":false},{"_id":"407579","area":"IND013009","below":[],"indicator":115,"ius":"Non-breastfeeding children receiving adequate diet (6-23 months):Percent:Total","rank":5,"src":1,"subgrp":1,"top":[],"tp":"2015-2016","trend":"na","value":"24.5","slugiddata":407579,"dKPIRSrs":false,"dNITIRSrs":true,"tps":"","dTHEMATICRSrs":false},{"_id":"407580","area":"IND013010","below":[],"indicator":115,"ius":"Non-breastfeeding children receiving adequate diet (6-23 months):Percent:Total","rank":8,"src":1,"subgrp":1,"top":[],"tp":"2015-2016","trend":"na","value":"31.1","slugiddata":407580,"dKPIRSrs":false,"dNITIRSrs":true,"tps":"","dTHEMATICRSrs":false},{"_id":"407581","area":"IND013002","below":[],"indicator":115,"ius":"Non-breastfeeding children receiving adequate diet (6-23 months):Percent:Total","rank":2,"src":1,"subgrp":1,"top":[],"tp":"2015-2016","trend":"na","value":"10.3","slugiddata":407581,"dKPIRSrs":false,"dNITIRSrs":true,"tps":"","dTHEMATICRSrs":false},{"_id":"407582","area":"IND013001","below":[],"indicator":115,"ius":"Non-breastfeeding children receiving adequate diet (6-23 months):Percent:Total","rank":3,"src":1,"subgrp":1,"top":[],"tp":"2015-2016","trend":"na","value":"15.0","slugiddata":407582,"dKPIRSrs":false,"dNITIRSrs":true,"tps":"","dTHEMATICRSrs":false},{"_id":"407583","area":"IND013011","below":[],"indicator":115,"ius":"Non-breastfeeding children receiving adequate diet (6-23 months):Percent:Total","rank":6,"src":1,"subgrp":1,"top":[],"tp":"2015-2016","trend":"na","value":"25.0","slugiddata":407583,"dKPIRSrs":false,"dNITIRSrs":true,"tps":"","dTHEMATICRSrs":false},{"_id":"407584","area":"IND013007","below":[],"indicator":115,"ius":"Non-breastfeeding children receiving adequate diet (6-23 months):Percent:Total","rank":1,"src":1,"subgrp":1,"top":[],"tp":"2015-2016","trend":"na","value":"6.5","slugiddata":407584,"dKPIRSrs":false,"dNITIRSrs":true,"tps":"","dTHEMATICRSrs":false},{"_id":"407585","area":"IND013004","below":[],"indicator":115,"ius":"Non-breastfeeding children receiving adequate diet (6-23 months):Percent:Total","rank":7,"src":1,"subgrp":1,"top":[],"tp":"2015-2016","trend":"na","value":"27.8","slugiddata":407585,"dKPIRSrs":false,"dNITIRSrs":true,"tps":"","dTHEMATICRSrs":false},{"_id":"407586","area":"IND013003","below":[],"indicator":115,"ius":"Non-breastfeeding children receiving adequate diet (6-23 months):Percent:Total","rank":4,"src":1,"subgrp":1,"top":[],"tp":"2015-2016","trend":"na","value":"18.6","slugiddata":407586,"dKPIRSrs":false,"dNITIRSrs":true,"tps":"","dTHEMATICRSrs":false},{"_id":"407587","area":"IND003016","below":[],"indicator":115,"ius":"Non-breastfeeding children receiving adequate diet (6-23 months):Percent:Total","rank":1,"src":1,"subgrp":1,"top":[],"tp":"2015-2016","trend":"na","value":"0.0","slugiddata":407587,"dKPIRSrs":false,"dNITIRSrs":true,"tps":"","dTHEMATICRSrs":false},{"_id":"407588","area":"IND008001","below":[],"indicator":115,"ius":"Non-breastfeeding children receiving adequate diet (6-23 months):Percent:Total","rank":1,"src":1,"subgrp":1,"top":[],"tp":"2015-2016","trend":"na","value":"0.0","slugiddata":407588,"dKPIRSrs":false,"dNITIRSrs":true,"tps":"","dTHEMATICRSrs":false},{"_id":"407589","area":"IND008003","below":[],"indicator":115,"ius":"Non-breastfeeding children receiving adequate diet (6-23 months):Percent:Total","rank":1,"src":1,"subgrp":1,"top":[],"tp":"2015-2016","trend":"na","value":"0.0","slugiddata":407589,"dKPIRSrs":false,"dNITIRSrs":true,"tps":"","dTHEMATICRSrs":false},{"_id":"407590","area":"IND008005","below":[],"indicator":115,"ius":"Non-breastfeeding children receiving adequate diet (6-23 months):Percent:Total","rank":2,"src":1,"subgrp":1,"top":[],"tp":"2015-2016","trend":"na","value":"2.7","slugiddata":407590,"dKPIRSrs":false,"dNITIRSrs":true,"tps":"","dTHEMATICRSrs":false},{"_id":"407591","area":"IND008006","below":[],"indicator":115,"ius":"Non-breastfeeding children receiving adequate diet (6-23 months):Percent:Total","rank":5,"src":1,"subgrp":1,"top":[],"tp":"2015-2016","trend":"na","value":"11.2","slugiddata":407591,"dKPIRSrs":false,"dNITIRSrs":true,"tps":"","dTHEMATICRSrs":false},{"_id":"407592","area":"IND008007","below":[],"indicator":115,"ius":"Non-breastfeeding children receiving adequate diet (6-23 months):Percent:Total","rank":1,"src":1,"subgrp":1,"top":[],"tp":"2015-2016","trend":"na","value":"0.0","slugiddata":407592,"dKPIRSrs":false,"dNITIRSrs":true,"tps":"","dTHEMATICRSrs":false},{"_id":"407593","area":"IND008012","below":[],"indicator":115,"ius":"Non-breastfeeding children receiving adequate diet (6-23 months):Percent:Total","rank":3,"src":1,"subgrp":1,"top":[],"tp":"2015-2016","trend":"na","value":"2.9","slugiddata":407593,"dKPIRSrs":false,"dNITIRSrs":true,"tps":"","dTHEMATICRSrs":false},{"_id":"407594","area":"IND008013","below":[],"indicator":115,"ius":"Non-breastfeeding children receiving adequate diet (6-23 months):Percent:Total","rank":4,"src":1,"subgrp":1,"top":[],"tp":"2015-2016","trend":"na","value":"4.5","slugiddata":407594,"dKPIRSrs":false,"dNITIRSrs":true,"tps":"","dTHEMATICRSrs":false},{"_id":"407595","area":"IND008015","below":[],"indicator":115,"ius":"Non-breastfeeding children receiving adequate diet (6-23 months):Percent:Total","rank":1,"src":1,"subgrp":1,"top":[],"tp":"2015-2016","trend":"na","value":"0.0","slugiddata":407595,"dKPIRSrs":false,"dNITIRSrs":true,"tps":"","dTHEMATICRSrs":false},{"_id":"407596","area":"IND008018","below":[],"indicator":115,"ius":"Non-breastfeeding children receiving adequate diet (6-23 months):Percent:Total","rank":1,"src":1,"subgrp":1,"top":[],"tp":"2015-2016","trend":"na","value":"0.0","slugiddata":407596,"dKPIRSrs":false,"dNITIRSrs":true,"tps":"","dTHEMATICRSrs":false},{"_id":"407597","area":"IND008021","below":[],"indicator":115,"ius":"Non-breastfeeding children receiving adequate diet (6-23 months):Percent:Total","rank":3,"src":1,"subgrp":1,"top":[],"tp":"2015-2016","trend":"na","value":"2.9","slugiddata":407597,"dKPIRSrs":false,"dNITIRSrs":true,"tps":"","dTHEMATICRSrs":false},{"_id":"407598","area":"IND033029","below":[],"indicator":115,"ius":"Non-breastfeeding children receiving adequate diet (6-23 months):Percent:Total","rank":5,"src":1,"subgrp":1,"top":[],"tp":"2015-2016","trend":"na","value":"43.1","slugiddata":407598,"dKPIRSrs":false,"dNITIRSrs":true,"tps":"","dTHEMATICRSrs":false},{"_id":"407599","area":"IND033011","below":[],"indicator":115,"ius":"Non-breastfeeding children receiving adequate diet (6-23 months):Percent:Total","rank":7,"src":1,"subgrp":1,"top":[],"tp":"2015-2016","trend":"na","value":"51.5","slugiddata":407599,"dKPIRSrs":false,"dNITIRSrs":true,"tps":"","dTHEMATICRSrs":false},{"_id":"407600","area":"IND033009","below":[],"indicator":115,"ius":"Non-breastfeeding children receiving adequate diet (6-23 months):Percent:Total","rank":2,"src":1,"subgrp":1,"top":[],"tp":"2015-2016","trend":"na","value":"36.4","slugiddata":407600,"dKPIRSrs":false,"dNITIRSrs":true,"tps":"","dTHEMATICRSrs":false},{"_id":"407601","area":"IND033028","below":[],"indicator":115,"ius":"Non-breastfeeding children receiving adequate diet (6-23 months):Percent:Total","rank":6,"src":1,"subgrp":1,"top":[],"tp":"2015-2016","trend":"na","value":"47.5","slugiddata":407601,"dKPIRSrs":false,"dNITIRSrs":true,"tps":"","dTHEMATICRSrs":false},{"_id":"407602","area":"IND033012","below":[],"indicator":115,"ius":"Non-breastfeeding children receiving adequate diet (6-23 months):Percent:Total","rank":4,"src":1,"subgrp":1,"top":[],"tp":"2015-2016","trend":"na","value":"39.9","slugiddata":407602,"dKPIRSrs":false,"dNITIRSrs":true,"tps":"","dTHEMATICRSrs":false},{"_id":"407603","area":"IND033030","below":[],"indicator":115,"ius":"Non-breastfeeding children receiving adequate diet (6-23 months):Percent:Total","rank":8,"src":1,"subgrp":1,"top":[],"tp":"2015-2016","trend":"na","value":"52.0","slugiddata":407603,"dKPIRSrs":false,"dNITIRSrs":true,"tps":"","dTHEMATICRSrs":false},{"_id":"407604","area":"IND033014","below":[],"indicator":115,"ius":"Non-breastfeeding children receiving adequate diet (6-23 months):Percent:Total","rank":9,"src":1,"subgrp":1,"top":[],"tp":"2015-2016","trend":"na","value":"54.6","slugiddata":407604,"dKPIRSrs":false,"dNITIRSrs":true,"tps":"","dTHEMATICRSrs":false},{"_id":"407605","area":"IND033020","below":[],"indicator":115,"ius":"Non-breastfeeding children receiving adequate diet (6-23 months):Percent:Total","rank":10,"src":1,"subgrp":1,"top":[],"tp":"2015-2016","trend":"na","value":"58.1","slugiddata":407605,"dKPIRSrs":false,"dNITIRSrs":true,"tps":"","dTHEMATICRSrs":false},{"_id":"407606","area":"IND033025","below":[],"indicator":115,"ius":"Non-breastfeeding children receiving adequate diet (6-23 months):Percent:Total","rank":12,"src":1,"subgrp":1,"top":[],"tp":"2015-2016","trend":"na","value":"63.3","slugiddata":407606,"dKPIRSrs":false,"dNITIRSrs":true,"tps":"","dTHEMATICRSrs":false},{"_id":"407607","area":"IND033007","below":[],"indicator":115,"ius":"Non-breastfeeding children receiving adequate diet (6-23 months):Percent:Total","rank":1,"src":1,"subgrp":1,"top":[],"tp":"2015-2016","trend":"na","value":"31.5","slugiddata":407607,"dKPIRSrs":false,"dNITIRSrs":true,"tps":"","dTHEMATICRSrs":false},{"_id":"407608","area":"IND033021","below":[],"indicator":115,"ius":"Non-breastfeeding children receiving adequate diet (6-23 months):Percent:Total","rank":11,"src":1,"subgrp":1,"top":[],"tp":"2015-2016","trend":"na","value":"61.0","slugiddata":407608,"dKPIRSrs":false,"dNITIRSrs":true,"tps":"","dTHEMATICRSrs":false},{"_id":"407609","area":"IND033023","below":[],"indicator":115,"ius":"Non-breastfeeding children receiving adequate diet (6-23 months):Percent:Total","rank":3,"src":1,"subgrp":1,"top":[],"tp":"2015-2016","trend":"na","value":"39.3","slugiddata":407609,"dKPIRSrs":false,"dNITIRSrs":true,"tps":"","dTHEMATICRSrs":false},{"_id":"407610","area":"IND009001","below":[],"indicator":115,"ius":"Non-breastfeeding children receiving adequate diet (6-23 months):Percent:Total","rank":13,"src":1,"subgrp":1,"top":[],"tp":"2015-2016","trend":"na","value":"4.4","slugiddata":407610,"dKPIRSrs":false,"dNITIRSrs":true,"tps":"","dTHEMATICRSrs":false},{"_id":"407611","area":"IND009002","below":[],"indicator":115,"ius":"Non-breastfeeding children receiving adequate diet (6-23 months):Percent:Total","rank":7,"src":1,"subgrp":1,"top":[],"tp":"2015-2016","trend":"na","value":"2.9","slugiddata":407611,"dKPIRSrs":false,"dNITIRSrs":true,"tps":"","dTHEMATICRSrs":false},{"_id":"407612","area":"IND009003","below":[],"indicator":115,"ius":"Non-breastfeeding children receiving adequate diet (6-23 months):Percent:Total","rank":15,"src":1,"subgrp":1,"top":[],"tp":"2015-2016","trend":"na","value":"5.8","slugiddata":407612,"dKPIRSrs":false,"dNITIRSrs":true,"tps":"","dTHEMATICRSrs":false},{"_id":"407613","area":"IND009004","below":[],"indicator":115,"ius":"Non-breastfeeding children receiving adequate diet (6-23 months):Percent:Total","rank":12,"src":1,"subgrp":1,"top":[],"tp":"2015-2016","trend":"na","value":"4.3","slugiddata":407613,"dKPIRSrs":false,"dNITIRSrs":true,"tps":"","dTHEMATICRSrs":false},{"_id":"407614","area":"IND009005","below":[],"indicator":115,"ius":"Non-breastfeeding children receiving adequate diet (6-23 months):Percent:Total","rank":4,"src":1,"subgrp":1,"top":[],"tp":"2015-2016","trend":"na","value":"2.2","slugiddata":407614,"dKPIRSrs":false,"dNITIRSrs":true,"tps":"","dTHEMATICRSrs":false},{"_id":"407615","area":"IND009006","below":[],"indicator":115,"ius":"Non-breastfeeding children receiving adequate diet (6-23 months):Percent:Total","rank":24,"src":1,"subgrp":1,"top":[],"tp":"2015-2016","trend":"na","value":"17.8","slugiddata":407615,"dKPIRSrs":false,"dNITIRSrs":true,"tps":"","dTHEMATICRSrs":false},{"_id":"407616","area":"IND009007","below":[],"indicator":115,"ius":"Non-breastfeeding children receiving adequate diet (6-23 months):Percent:Total","rank":21,"src":1,"subgrp":1,"top":[],"tp":"2015-2016","trend":"na","value":"9.0","slugiddata":407616,"dKPIRSrs":false,"dNITIRSrs":true,"tps":"","dTHEMATICRSrs":false},{"_id":"407617","area":"IND009008","below":[],"indicator":115,"ius":"Non-breastfeeding children receiving adequate diet (6-23 months):Percent:Total","rank":3,"src":1,"subgrp":1,"top":[],"tp":"2015-2016","trend":"na","value":"2.0","slugiddata":407617,"dKPIRSrs":false,"dNITIRSrs":true,"tps":"","dTHEMATICRSrs":false},{"_id":"407618","area":"IND009009","below":[],"indicator":115,"ius":"Non-breastfeeding children receiving adequate diet (6-23 months):Percent:Total","rank":2,"src":1,"subgrp":1,"top":[],"tp":"2015-2016","trend":"na","value":"1.7","slugiddata":407618,"dKPIRSrs":false,"dNITIRSrs":true,"tps":"","dTHEMATICRSrs":false},{"_id":"407619","area":"IND009010","below":[],"indicator":115,"ius":"Non-breastfeeding children receiving adequate diet (6-23 months):Percent:Total","rank":19,"src":1,"subgrp":1,"top":[],"tp":"2015-2016","trend":"na","value":"8.0","slugiddata":407619,"dKPIRSrs":false,"dNITIRSrs":true,"tps":"","dTHEMATICRSrs":false},{"_id":"407620","area":"IND009011","below":[],"indicator":115,"ius":"Non-breastfeeding children receiving adequate diet (6-23 months):Percent:Total","rank":18,"src":1,"subgrp":1,"top":[],"tp":"2015-2016","trend":"na","value":"7.3","slugiddata":407620,"dKPIRSrs":false,"dNITIRSrs":true,"tps":"","dTHEMATICRSrs":false},{"_id":"407621","area":"IND009012","below":[],"indicator":115,"ius":"Non-breastfeeding children receiving adequate diet (6-23 months):Percent:Total","rank":8,"src":1,"subgrp":1,"top":[],"tp":"2015-2016","trend":"na","value":"3.0","slugiddata":407621,"dKPIRSrs":false,"dNITIRSrs":true,"tps":"","dTHEMATICRSrs":false},{"_id":"407622","area":"IND009013","below":[],"indicator":115,"ius":"Non-breastfeeding children receiving adequate diet (6-23 months):Percent:Total","rank":23,"src":1,"subgrp":1,"top":[],"tp":"2015-2016","trend":"na","value":"12.1","slugiddata":407622,"dKPIRSrs":false,"dNITIRSrs":true,"tps":"","dTHEMATICRSrs":false},{"_id":"407623","area":"IND009014","below":[],"indicator":115,"ius":"Non-breastfeeding children receiving adequate diet (6-23 months):Percent:Total","rank":5,"src":1,"subgrp":1,"top":[],"tp":"2015-2016","trend":"na","value":"2.5","slugiddata":407623,"dKPIRSrs":false,"dNITIRSrs":true,"tps":"","dTHEMATICRSrs":false},{"_id":"407624","area":"IND009015","below":[],"indicator":115,"ius":"Non-breastfeeding children receiving adequate diet (6-23 months):Percent:Total","rank":17,"src":1,"subgrp":1,"top":[],"tp":"2015-2016","trend":"na","value":"6.6","slugiddata":407624,"dKPIRSrs":false,"dNITIRSrs":true,"tps":"","dTHEMATICRSrs":false},{"_id":"407625","area":"IND009016","below":[],"indicator":115,"ius":"Non-breastfeeding children receiving adequate diet (6-23 months):Percent:Total","rank":14,"src":1,"subgrp":1,"top":[],"tp":"2015-2016","trend":"na","value":"4.7","slugiddata":407625,"dKPIRSrs":false,"dNITIRSrs":true,"tps":"","dTHEMATICRSrs":false},{"_id":"407626","area":"IND009018","below":[],"indicator":115,"ius":"Non-breastfeeding children receiving adequate diet (6-23 months):Percent:Total","rank":9,"src":1,"subgrp":1,"top":[],"tp":"2015-2016","trend":"na","value":"3.2","slugiddata":407626,"dKPIRSrs":false,"dNITIRSrs":true,"tps":"","dTHEMATICRSrs":false},{"_id":"407627","area":"IND009019","below":[],"indicator":115,"ius":"Non-breastfeeding children receiving adequate diet (6-23 months):Percent:Total","rank":12,"src":1,"subgrp":1,"top":[],"tp":"2015-2016","trend":"na","value":"4.3","slugiddata":407627,"dKPIRSrs":false,"dNITIRSrs":true,"tps":"","dTHEMATICRSrs":false},{"_id":"407628","area":"IND009029","below":[],"indicator":115,"ius":"Non-breastfeeding children receiving adequate diet (6-23 months):Percent:Total","rank":1,"src":1,"subgrp":1,"top":[],"tp":"2015-2016","trend":"na","value":"0.0","slugiddata":407628,"dKPIRSrs":false,"dNITIRSrs":true,"tps":"","dTHEMATICRSrs":false},{"_id":"407629","area":"IND009033","below":[],"indicator":115,"ius":"Non-breastfeeding children receiving adequate diet (6-23 months):Percent:Total","rank":20,"src":1,"subgrp":1,"top":[],"tp":"2015-2016","trend":"na","value":"8.7","slugiddata":407629,"dKPIRSrs":false,"dNITIRSrs":true,"tps":"","dTHEMATICRSrs":false},{"_id":"407630","area":"IND009047","below":[],"indicator":115,"ius":"Non-breastfeeding children receiving adequate diet (6-23 months):Percent:Total","rank":11,"src":1,"subgrp":1,"top":[],"tp":"2015-2016","trend":"na","value":"3.8","slugiddata":407630,"dKPIRSrs":false,"dNITIRSrs":true,"tps":"","dTHEMATICRSrs":false},{"_id":"407631","area":"IND009049","below":[],"indicator":115,"ius":"Non-breastfeeding children receiving adequate diet (6-23 months):Percent:Total","rank":16,"src":1,"subgrp":1,"top":[],"tp":"2015-2016","trend":"na","value":"6.2","slugiddata":407631,"dKPIRSrs":false,"dNITIRSrs":true,"tps":"","dTHEMATICRSrs":false},{"_id":"407632","area":"IND009065","below":[],"indicator":115,"ius":"Non-breastfeeding children receiving adequate diet (6-23 months):Percent:Total","rank":6,"src":1,"subgrp":1,"top":[],"tp":"2015-2016","trend":"na","value":"2.7","slugiddata":407632,"dKPIRSrs":false,"dNITIRSrs":true,"tps":"","dTHEMATICRSrs":false},{"_id":"407633","area":"IND009066","below":[],"indicator":115,"ius":"Non-breastfeeding children receiving adequate diet (6-23 months):Percent:Total","rank":1,"src":1,"subgrp":1,"top":[],"tp":"2015-2016","trend":"na","value":"0.0","slugiddata":407633,"dKPIRSrs":false,"dNITIRSrs":true,"tps":"","dTHEMATICRSrs":false},{"_id":"407634","area":"IND009067","below":[],"indicator":115,"ius":"Non-breastfeeding children receiving adequate diet (6-23 months):Percent:Total","rank":22,"src":1,"subgrp":1,"top":[],"tp":"2015-2016","trend":"na","value":"11.5","slugiddata":407634,"dKPIRSrs":false,"dNITIRSrs":true,"tps":"","dTHEMATICRSrs":false},{"_id":"407635","area":"IND009070","below":[],"indicator":115,"ius":"Non-breastfeeding children receiving adequate diet (6-23 months):Percent:Total","rank":10,"src":1,"subgrp":1,"top":[],"tp":"2015-2016","trend":"na","value":"3.3","slugiddata":407635,"dKPIRSrs":false,"dNITIRSrs":true,"tps":"","dTHEMATICRSrs":false},{"_id":"407636","area":"IND009071","below":[],"indicator":115,"ius":"Non-breastfeeding children receiving adequate diet (6-23 months):Percent:Total","rank":1,"src":1,"subgrp":1,"top":[],"tp":"2015-2016","trend":"na","value":"0.0","slugiddata":407636,"dKPIRSrs":false,"dNITIRSrs":true,"tps":"","dTHEMATICRSrs":false},{"_id":"407637","area":"IND005013","below":[],"indicator":115,"ius":"Non-breastfeeding children receiving adequate diet (6-23 months):Percent:Total","rank":2,"src":1,"subgrp":1,"top":[],"tp":"2015-2016","trend":"na","value":"5.0","slugiddata":407637,"dKPIRSrs":false,"dNITIRSrs":true,"tps":"","dTHEMATICRSrs":false},{"_id":"407638","area":"IND005011","below":[],"indicator":115,"ius":"Non-breastfeeding children receiving adequate diet (6-23 months):Percent:Total","rank":1,"src":1,"subgrp":1,"top":[],"tp":"2015-2016","trend":"na","value":"3.1","slugiddata":407638,"dKPIRSrs":false,"dNITIRSrs":true,"tps":"","dTHEMATICRSrs":false},{"_id":"407639","area":"IND005012","below":[],"indicator":115,"ius":"Non-breastfeeding children receiving adequate diet (6-23 months):Percent:Total","rank":3,"src":1,"subgrp":1,"top":[],"tp":"2015-2016","trend":"na","value":"19.3","slugiddata":407639,"dKPIRSrs":false,"dNITIRSrs":true,"tps":"","dTHEMATICRSrs":false},{"_id":"407640","area":"IND001001","below":[],"indicator":115,"ius":"Non-breastfeeding children receiving adequate diet (6-23 months):Percent:Total","rank":2,"src":1,"subgrp":1,"top":[],"tp":"2015-2016","trend":"na","value":"33.7","slugiddata":407640,"dKPIRSrs":false,"dNITIRSrs":true,"tps":"","dTHEMATICRSrs":false},{"_id":"407641","area":"IND001005","below":[],"indicator":115,"ius":"Non-breastfeeding children receiving adequate diet (6-23 months):Percent:Total","rank":4,"src":1,"subgrp":1,"top":[],"tp":"2015-2016","trend":"na","value":"47.2","slugiddata":407641,"dKPIRSrs":false,"dNITIRSrs":true,"tps":"","dTHEMATICRSrs":false},{"_id":"407642","area":"IND001006","below":[],"indicator":115,"ius":"Non-breastfeeding children receiving adequate diet (6-23 months):Percent:Total","rank":1,"src":1,"subgrp":1,"top":[],"tp":"2015-2016","trend":"na","value":"24.9","slugiddata":407642,"dKPIRSrs":false,"dNITIRSrs":true,"tps":"","dTHEMATICRSrs":false},{"_id":"407643","area":"IND001017","below":[],"indicator":115,"ius":"Non-breastfeeding children receiving adequate diet (6-23 months):Percent:Total","rank":3,"src":1,"subgrp":1,"top":[],"tp":"2015-2016","trend":"na","value":"41.7","slugiddata":407643,"dKPIRSrs":false,"dNITIRSrs":true,"tps":"","dTHEMATICRSrs":false},{"_id":"407644","area":"IND","below":["IND001","IND012","IND013","IND017","IND019","IND029","IND030","IND032","IND033","IND034","IND035"],"indicator":115,"ius":"Non-breastfeeding children receiving adequate diet (6-23 months):Percent:Total","rank":1,"src":1,"subgrp":1,"top":["IND002","IND003","IND005","IND006","IND007","IND008","IND009","IND010","IND014","IND015","IND018","IND020","IND021","IND022","IND023","IND024","IND025","IND027","IND028","IND036"],"tp":"2015-2016","trend":"dn","value":"14.3","slugiddata":407644,"dKPIRSrs":false,"dNITIRSrs":true,"tps":"","dTHEMATICRSrs":false},{"_id":"407645","area":"IND035","below":[],"indicator":115,"ius":"Non-breastfeeding children receiving adequate diet (6-23 months):Percent:Total","rank":23,"src":1,"subgrp":1,"top":[],"tp":"2015-2016","trend":"na","value":"17.6","slugiddata":407645,"dKPIRSrs":false,"dNITIRSrs":true,"tps":"","dTHEMATICRSrs":false},{"_id":"407646","area":"IND028","below":[],"indicator":115,"ius":"Non-breastfeeding children receiving adequate diet (6-23 months):Percent:Total","rank":17,"src":1,"subgrp":1,"top":[],"tp":"2015-2016","trend":"dn","value":"11.9","slugiddata":407646,"dKPIRSrs":false,"dNITIRSrs":true,"tps":"","dTHEMATICRSrs":false},{"_id":"407647","area":"IND012","below":["IND012004"],"indicator":115,"ius":"Non-breastfeeding children receiving adequate diet (6-23 months):Percent:Total","rank":27,"src":1,"subgrp":1,"top":["IND012003"],"tp":"2015-2016","trend":"na","value":"25.4","slugiddata":407647,"dKPIRSrs":false,"dNITIRSrs":true,"tps":"","dTHEMATICRSrs":false},{"_id":"407648","area":"IND018","below":[],"indicator":115,"ius":"Non-breastfeeding children receiving adequate diet (6-23 months):Percent:Total","rank":15,"src":1,"subgrp":1,"top":[],"tp":"2015-2016","trend":"na","value":"10.8","slugiddata":407648,"dKPIRSrs":false,"dNITIRSrs":true,"tps":"","dTHEMATICRSrs":false},{"_id":"407649","area":"IND010","below":["IND010013","IND010016","IND010021","IND010022","IND010026","IND010029","IND010038"],"indicator":115,"ius":"Non-breastfeeding children receiving adequate diet (6-23 months):Percent:Total","rank":11,"src":1,"subgrp":1,"top":["IND010009","IND010012","IND010018","IND010028","IND010032","IND010034","IND010035","IND010036"],"tp":"2015-2016","trend":"up","value":"9.2","slugiddata":407649,"dKPIRSrs":false,"dNITIRSrs":true,"tps":"","dTHEMATICRSrs":false},{"_id":"407650","area":"IND022","below":[],"indicator":115,"ius":"Non-breastfeeding children receiving adequate diet (6-23 months):Percent:Total","rank":10,"src":1,"subgrp":1,"top":[],"tp":"2015-2016","trend":"na","value":"8.4","slugiddata":407650,"dKPIRSrs":false,"dNITIRSrs":true,"tps":"","dTHEMATICRSrs":false},{"_id":"407651","area":"IND025","below":[],"indicator":115,"ius":"Non-breastfeeding children receiving adequate diet (6-23 months):Percent:Total","rank":8,"src":1,"subgrp":1,"top":[],"tp":"2015-2016","trend":"na","value":"7.4","slugiddata":407651,"dKPIRSrs":false,"dNITIRSrs":true,"tps":"","dTHEMATICRSrs":false},{"_id":"407652","area":"IND007","below":[],"indicator":115,"ius":"Non-breastfeeding children receiving adequate diet (6-23 months):Percent:Total","rank":12,"src":1,"subgrp":1,"top":[],"tp":"2015-2016","trend":"up","value":"9.5","slugiddata":407652,"dKPIRSrs":false,"dNITIRSrs":true,"tps":"","dTHEMATICRSrs":false},{"_id":"407653","area":"IND030","below":[],"indicator":115,"ius":"Non-breastfeeding children receiving adequate diet (6-23 months):Percent:Total","rank":22,"src":1,"subgrp":1,"top":[],"tp":"2015-2016","trend":"up","value":"15.1","slugiddata":407653,"dKPIRSrs":false,"dNITIRSrs":true,"tps":"","dTHEMATICRSrs":false},{"_id":"407654","area":"IND024","below":[],"indicator":115,"ius":"Non-breastfeeding children receiving adequate diet (6-23 months):Percent:Total","rank":1,"src":1,"subgrp":1,"top":[],"tp":"2015-2016","trend":"up","value":"2.8","slugiddata":407654,"dKPIRSrs":false,"dNITIRSrs":true,"tps":"","dTHEMATICRSrs":false},{"_id":"407655","area":"IND002","below":[],"indicator":115,"ius":"Non-breastfeeding children receiving adequate diet (6-23 months):Percent:Total","rank":13,"src":1,"subgrp":1,"top":["IND002010"],"tp":"2015-2016","trend":"up","value":"9.9","slugiddata":407655,"dKPIRSrs":false,"dNITIRSrs":true,"tps":"","dTHEMATICRSrs":false},{"_id":"407656","area":"IND006","below":["IND006006","IND006021"],"indicator":115,"ius":"Non-breastfeeding children receiving adequate diet (6-23 months):Percent:Total","rank":14,"src":1,"subgrp":1,"top":["IND006011","IND006019"],"tp":"2015-2016","trend":"dn","value":"10.0","slugiddata":407656,"dKPIRSrs":false,"dNITIRSrs":true,"tps":"","dTHEMATICRSrs":false},{"_id":"407657","area":"IND020","below":[],"indicator":115,"ius":"Non-breastfeeding children receiving adequate diet (6-23 months):Percent:Total","rank":7,"src":1,"subgrp":1,"top":[],"tp":"2015-2016","trend":"dn","value":"7.1","slugiddata":407657,"dKPIRSrs":false,"dNITIRSrs":true,"tps":"","dTHEMATICRSrs":false},{"_id":"407658","area":"IND001","below":["IND001001","IND001005","IND001017"],"indicator":115,"ius":"Non-breastfeeding children receiving adequate diet (6-23 months):Percent:Total","rank":29,"src":1,"subgrp":1,"top":["IND001006"],"tp":"2015-2016","trend":"dn","value":"32.1","slugiddata":407658,"dKPIRSrs":false,"dNITIRSrs":true,"tps":"","dTHEMATICRSrs":false},{"_id":"407659","area":"IND029","below":["IND029019","IND029022","IND029023","IND029029","IND029030"],"indicator":115,"ius":"Non-breastfeeding children receiving adequate diet (6-23 months):Percent:Total","rank":21,"src":1,"subgrp":1,"top":["IND029018"],"tp":"2015-2016","trend":"up","value":"14.4","slugiddata":407659,"dKPIRSrs":false,"dNITIRSrs":true,"tps":"","dTHEMATICRSrs":false},{"_id":"407660","area":"IND032","below":[],"indicator":115,"ius":"Non-breastfeeding children receiving adequate diet (6-23 months):Percent:Total","rank":26,"src":1,"subgrp":1,"top":[],"tp":"2015-2016","trend":"up","value":"22.3","slugiddata":407660,"dKPIRSrs":false,"dNITIRSrs":true,"tps":"","dTHEMATICRSrs":false},{"_id":"407661","area":"IND023","below":["IND023018","IND023047","IND023048","IND023050"],"indicator":115,"ius":"Non-breastfeeding children receiving adequate diet (6-23 months):Percent:Total","rank":3,"src":1,"subgrp":1,"top":["IND023004","IND023020","IND023021","IND023022","IND023032","IND023034"],"tp":"2015-2016","trend":"up","value":"4.8","slugiddata":407661,"dKPIRSrs":false,"dNITIRSrs":true,"tps":"","dTHEMATICRSrs":false},{"_id":"407662","area":"IND027","below":["IND027028"],"indicator":115,"ius":"Non-breastfeeding children receiving adequate diet (6-23 months):Percent:Total","rank":18,"src":1,"subgrp":1,"top":[],"tp":"2015-2016","trend":"dn","value":"12.2","slugiddata":407662,"dKPIRSrs":false,"dNITIRSrs":true,"tps":"","dTHEMATICRSrs":false},{"_id":"407663","area":"IND014","below":[],"indicator":115,"ius":"Non-breastfeeding children receiving adequate diet (6-23 months):Percent:Total","rank":20,"src":1,"subgrp":1,"top":["IND014003"],"tp":"2015-2016","trend":"up","value":"14.1","slugiddata":407663,"dKPIRSrs":false,"dNITIRSrs":true,"tps":"","dTHEMATICRSrs":false},{"_id":"407664","area":"IND017","below":["IND017006"],"indicator":115,"ius":"Non-breastfeeding children receiving adequate diet (6-23 months):Percent:Total","rank":24,"src":1,"subgrp":1,"top":["IND017004","IND017005","IND017007"],"tp":"2015-2016","trend":"dn","value":"19.8","slugiddata":407664,"dKPIRSrs":false,"dNITIRSrs":true,"tps":"","dTHEMATICRSrs":false},{"_id":"407665","area":"IND015","below":["IND015004"],"indicator":115,"ius":"Non-breastfeeding children receiving adequate diet (6-23 months):Percent:Total","rank":19,"src":1,"subgrp":1,"top":["IND015002","IND015008"],"tp":"2015-2016","trend":"up","value":"13.6","slugiddata":407665,"dKPIRSrs":false,"dNITIRSrs":true,"tps":"","dTHEMATICRSrs":false},{"_id":"407666","area":"IND013","below":["IND013004","IND013005","IND013009","IND013010","IND013011"],"indicator":115,"ius":"Non-breastfeeding children receiving adequate diet (6-23 months):Percent:Total","rank":25,"src":1,"subgrp":1,"top":["IND013001","IND013002","IND013003","IND013007"],"tp":"2015-2016","trend":"dn","value":"21.4","slugiddata":407666,"dKPIRSrs":false,"dNITIRSrs":true,"tps":"","dTHEMATICRSrs":false},{"_id":"407667","area":"IND021","below":[],"indicator":115,"ius":"Non-breastfeeding children receiving adequate diet (6-23 months):Percent:Total","rank":4,"src":1,"subgrp":1,"top":[],"tp":"2015-2016","trend":"up","value":"5.0","slugiddata":407667,"dKPIRSrs":false,"dNITIRSrs":true,"tps":"","dTHEMATICRSrs":false},{"_id":"407668","area":"IND003","below":[],"indicator":115,"ius":"Non-breastfeeding children receiving adequate diet (6-23 months):Percent:Total","rank":6,"src":1,"subgrp":1,"top":["IND003016"],"tp":"2015-2016","trend":"up","value":"6.7","slugiddata":407668,"dKPIRSrs":false,"dNITIRSrs":true,"tps":"","dTHEMATICRSrs":false},{"_id":"407669","area":"IND034","below":[],"indicator":115,"ius":"Non-breastfeeding children receiving adequate diet (6-23 months):Percent:Total","rank":31,"src":1,"subgrp":1,"top":[],"tp":"2015-2016","trend":"na","value":"54.8","slugiddata":407669,"dKPIRSrs":false,"dNITIRSrs":true,"tps":"","dTHEMATICRSrs":false},{"_id":"407670","area":"IND008","below":["IND008006","IND008013"],"indicator":115,"ius":"Non-breastfeeding children receiving adequate diet (6-23 months):Percent:Total","rank":2,"src":1,"subgrp":1,"top":["IND008001","IND008003","IND008005","IND008007","IND008012","IND008015","IND008018","IND008021"],"tp":"2015-2016","trend":"up","value":"3.7","slugiddata":407670,"dKPIRSrs":false,"dNITIRSrs":true,"tps":"","dTHEMATICRSrs":false},{"_id":"407671","area":"IND036","below":[],"indicator":115,"ius":"Non-breastfeeding children receiving adequate diet (6-23 months):Percent:Total","rank":16,"src":1,"subgrp":1,"top":[],"tp":"2015-2016","trend":"na","value":"11.4","slugiddata":407671,"dKPIRSrs":false,"dNITIRSrs":true,"tps":"","dTHEMATICRSrs":false},{"_id":"407672","area":"IND033","below":["IND033011","IND033014","IND033020","IND033021","IND033025","IND033028","IND033030"],"indicator":115,"ius":"Non-breastfeeding children receiving adequate diet (6-23 months):Percent:Total","rank":30,"src":1,"subgrp":1,"top":["IND033007","IND033009","IND033012","IND033023","IND033029"],"tp":"2015-2016","trend":"dn","value":"47.1","slugiddata":407672,"dKPIRSrs":false,"dNITIRSrs":true,"tps":"","dTHEMATICRSrs":false},{"_id":"407673","area":"IND009","below":["IND009003","IND009006","IND009007","IND009010","IND009011","IND009013","IND009015","IND009033","IND009049","IND009067"],"indicator":115,"ius":"Non-breastfeeding children receiving adequate diet (6-23 months):Percent:Total","rank":5,"src":1,"subgrp":1,"top":["IND009001","IND009002","IND009004","IND009005","IND009008","IND009009","IND009012","IND009014","IND009016","IND009018","IND009019","IND009029","IND009047","IND009065","IND009066","IND009070","IND009071"],"tp":"2015-2016","trend":"up","value":"5.3","slugiddata":407673,"dKPIRSrs":false,"dNITIRSrs":true,"tps":"","dTHEMATICRSrs":false},{"_id":"407674","area":"IND005","below":["IND005012"],"indicator":115,"ius":"Non-breastfeeding children receiving adequate diet (6-23 months):Percent:Total","rank":9,"src":1,"subgrp":1,"top":["IND005011","IND005013"],"tp":"2015-2016","trend":"up","value":"7.9","slugiddata":407674,"dKPIRSrs":false,"dNITIRSrs":true,"tps":"","dTHEMATICRSrs":false},{"_id":"407675","area":"IND019","below":[],"indicator":115,"ius":"Non-breastfeeding children receiving adequate diet (6-23 months):Percent:Total","rank":28,"src":1,"subgrp":1,"top":[],"tp":"2015-2016","trend":"dn","value":"25.7","slugiddata":407675,"dKPIRSrs":false,"dNITIRSrs":true,"tps":"","dTHEMATICRSrs":false},{"_id":"407695","area":"IND007","below":[],"indicator":115,"ius":"Non-breastfeeding children receiving adequate diet (6-23 months):Percent:Total","rank":13,"src":1,"subgrp":1,"top":[],"tp":"2005-2006","trend":"na","value":"17.8","slugiddata":407695,"dKPIRSrs":false,"dNITIRSrs":true,"tps":"","dTHEMATICRSrs":false},{"_id":"407696","area":"IND030","below":[],"indicator":115,"ius":"Non-breastfeeding children receiving adequate diet (6-23 months):Percent:Total","rank":20,"src":1,"subgrp":1,"top":[],"tp":"2005-2006","trend":"na","value":"32.5","slugiddata":407696,"dKPIRSrs":false,"dNITIRSrs":true,"tps":"","dTHEMATICRSrs":false},{"_id":"407697","area":"IND032","below":[],"indicator":115,"ius":"Non-breastfeeding children receiving adequate diet (6-23 months):Percent:Total","rank":22,"src":1,"subgrp":1,"top":[],"tp":"2005-2006","trend":"na","value":"50.0","slugiddata":407697,"dKPIRSrs":false,"dNITIRSrs":true,"tps":"","dTHEMATICRSrs":false},{"_id":"407698","area":"IND021","below":[],"indicator":115,"ius":"Non-breastfeeding children receiving adequate diet (6-23 months):Percent:Total","rank":17,"src":1,"subgrp":1,"top":[],"tp":"2005-2006","trend":"na","value":"19.9","slugiddata":407698,"dKPIRSrs":false,"dNITIRSrs":true,"tps":"","dTHEMATICRSrs":false},{"_id":"407699","area":"IND019","below":[],"indicator":115,"ius":"Non-breastfeeding children receiving adequate diet (6-23 months):Percent:Total","rank":9,"src":1,"subgrp":1,"top":[],"tp":"2005-2006","trend":"na","value":"12.2","slugiddata":407699,"dKPIRSrs":false,"dNITIRSrs":true,"tps":"","dTHEMATICRSrs":false}]