[{"_id":"384070","area":"IND","below":[],"indicator":30,"ius":"Children aged (6-9 months) receiving solid/semi-solid food and breast milk:Percent:Total","rank":1,"src":1,"subgrp":1,"top":[],"tp":"1998-1999","trend":"up","value":"33.5","slugiddata":384070,"dKPIRSrs":false,"dNITIRSrs":false,"tps":"","dTHEMATICRSrs":true},{"_id":"384071","area":"IND007","below":[],"indicator":30,"ius":"Children aged (6-9 months) receiving solid/semi-solid food and breast milk:Percent:Total","rank":19,"src":1,"subgrp":1,"top":[],"tp":"1998-1999","trend":"up","value":"37.0","slugiddata":384071,"dKPIRSrs":false,"dNITIRSrs":false,"tps":"","dTHEMATICRSrs":true},{"_id":"384072","area":"IND006","below":[],"indicator":30,"ius":"Children aged (6-9 months) receiving solid/semi-solid food and breast milk:Percent:Total","rank":15,"src":1,"subgrp":1,"top":[],"tp":"1998-1999","trend":"up","value":"41.8","slugiddata":384072,"dKPIRSrs":false,"dNITIRSrs":false,"tps":"","dTHEMATICRSrs":true},{"_id":"384073","area":"IND002","below":[],"indicator":30,"ius":"Children aged (6-9 months) receiving solid/semi-solid food and breast milk:Percent:Total","rank":8,"src":1,"subgrp":1,"top":[],"tp":"1998-1999","trend":"up","value":"61.3","slugiddata":384073,"dKPIRSrs":false,"dNITIRSrs":false,"tps":"","dTHEMATICRSrs":true},{"_id":"384074","area":"IND001","below":[],"indicator":30,"ius":"Children aged (6-9 months) receiving solid/semi-solid food and breast milk:Percent:Total","rank":16,"src":1,"subgrp":1,"top":[],"tp":"1998-1999","trend":"dn","value":"38.9","slugiddata":384074,"dKPIRSrs":false,"dNITIRSrs":false,"tps":"","dTHEMATICRSrs":true},{"_id":"384075","area":"IND003","below":[],"indicator":30,"ius":"Children aged (6-9 months) receiving solid/semi-solid food and breast milk:Percent:Total","rank":17,"src":1,"subgrp":1,"top":[],"tp":"1998-1999","trend":"up","value":"38.7","slugiddata":384075,"dKPIRSrs":false,"dNITIRSrs":false,"tps":"","dTHEMATICRSrs":true},{"_id":"384076","area":"IND008","below":[],"indicator":30,"ius":"Children aged (6-9 months) receiving solid/semi-solid food and breast milk:Percent:Total","rank":23,"src":1,"subgrp":1,"top":[],"tp":"1998-1999","trend":"up","value":"17.5","slugiddata":384076,"dKPIRSrs":false,"dNITIRSrs":false,"tps":"","dTHEMATICRSrs":true},{"_id":"384077","area":"IND023","below":[],"indicator":30,"ius":"Children aged (6-9 months) receiving solid/semi-solid food and breast milk:Percent:Total","rank":22,"src":1,"subgrp":1,"top":[],"tp":"1998-1999","trend":"dn","value":"27.3","slugiddata":384077,"dKPIRSrs":false,"dNITIRSrs":false,"tps":"","dTHEMATICRSrs":true},{"_id":"384078","area":"IND009","below":[],"indicator":30,"ius":"Children aged (6-9 months) receiving solid/semi-solid food and breast milk:Percent:Total","rank":24,"src":1,"subgrp":1,"top":[],"tp":"1998-1999","trend":"dn","value":"17.3","slugiddata":384078,"dKPIRSrs":false,"dNITIRSrs":false,"tps":"","dTHEMATICRSrs":true},{"_id":"384079","area":"IND010","below":[],"indicator":30,"ius":"Children aged (6-9 months) receiving solid/semi-solid food and breast milk:Percent:Total","rank":25,"src":1,"subgrp":1,"top":[],"tp":"1998-1999","trend":"dn","value":"15.0","slugiddata":384079,"dKPIRSrs":false,"dNITIRSrs":false,"tps":"","dTHEMATICRSrs":true},{"_id":"384080","area":"IND021","below":[],"indicator":30,"ius":"Children aged (6-9 months) receiving solid/semi-solid food and breast milk:Percent:Total","rank":21,"src":1,"subgrp":1,"top":[],"tp":"1998-1999","trend":"dn","value":"30.1","slugiddata":384080,"dKPIRSrs":false,"dNITIRSrs":false,"tps":"","dTHEMATICRSrs":true},{"_id":"384081","area":"IND019","below":[],"indicator":30,"ius":"Children aged (6-9 months) receiving solid/semi-solid food and breast milk:Percent:Total","rank":14,"src":1,"subgrp":1,"top":[],"tp":"1998-1999","trend":"dn","value":"46.3","slugiddata":384081,"dKPIRSrs":false,"dNITIRSrs":false,"tps":"","dTHEMATICRSrs":true},{"_id":"384082","area":"IND012","below":[],"indicator":30,"ius":"Children aged (6-9 months) receiving solid/semi-solid food and breast milk:Percent:Total","rank":9,"src":1,"subgrp":1,"top":[],"tp":"1998-1999","trend":"up","value":"60.2","slugiddata":384082,"dKPIRSrs":false,"dNITIRSrs":false,"tps":"","dTHEMATICRSrs":true},{"_id":"384083","area":"IND018","below":[],"indicator":30,"ius":"Children aged (6-9 months) receiving solid/semi-solid food and breast milk:Percent:Total","rank":11,"src":1,"subgrp":1,"top":[],"tp":"1998-1999","trend":"up","value":"58.5","slugiddata":384083,"dKPIRSrs":false,"dNITIRSrs":false,"tps":"","dTHEMATICRSrs":true},{"_id":"384084","area":"IND014","below":[],"indicator":30,"ius":"Children aged (6-9 months) receiving solid/semi-solid food and breast milk:Percent:Total","rank":2,"src":1,"subgrp":1,"top":[],"tp":"1998-1999","trend":"up","value":"86.8","slugiddata":384084,"dKPIRSrs":false,"dNITIRSrs":false,"tps":"","dTHEMATICRSrs":true},{"_id":"384085","area":"IND017","below":[],"indicator":30,"ius":"Children aged (6-9 months) receiving solid/semi-solid food and breast milk:Percent:Total","rank":4,"src":1,"subgrp":1,"top":[],"tp":"1998-1999","trend":"up","value":"77.1","slugiddata":384085,"dKPIRSrs":false,"dNITIRSrs":false,"tps":"","dTHEMATICRSrs":true},{"_id":"384086","area":"IND015","below":[],"indicator":30,"ius":"Children aged (6-9 months) receiving solid/semi-solid food and breast milk:Percent:Total","rank":5,"src":1,"subgrp":1,"top":[],"tp":"1998-1999","trend":"up","value":"74.2","slugiddata":384086,"dKPIRSrs":false,"dNITIRSrs":false,"tps":"","dTHEMATICRSrs":true},{"_id":"384087","area":"IND013","below":[],"indicator":30,"ius":"Children aged (6-9 months) receiving solid/semi-solid food and breast milk:Percent:Total","rank":3,"src":1,"subgrp":1,"top":[],"tp":"1998-1999","trend":"up","value":"81.3","slugiddata":384087,"dKPIRSrs":false,"dNITIRSrs":false,"tps":"","dTHEMATICRSrs":true},{"_id":"384088","area":"IND011","below":[],"indicator":30,"ius":"Children aged (6-9 months) receiving solid/semi-solid food and breast milk:Percent:Total","rank":1,"src":1,"subgrp":1,"top":[],"tp":"1998-1999","trend":"na","value":"87.3","slugiddata":384088,"dKPIRSrs":false,"dNITIRSrs":false,"tps":"","dTHEMATICRSrs":true},{"_id":"384089","area":"IND030","below":[],"indicator":30,"ius":"Children aged (6-9 months) receiving solid/semi-solid food and breast milk:Percent:Total","rank":7,"src":1,"subgrp":1,"top":[],"tp":"1998-1999","trend":"up","value":"65.4","slugiddata":384089,"dKPIRSrs":false,"dNITIRSrs":false,"tps":"","dTHEMATICRSrs":true},{"_id":"384090","area":"IND024","below":[],"indicator":30,"ius":"Children aged (6-9 months) receiving solid/semi-solid food and breast milk:Percent:Total","rank":13,"src":1,"subgrp":1,"top":[],"tp":"1998-1999","trend":"up","value":"46.5","slugiddata":384090,"dKPIRSrs":false,"dNITIRSrs":false,"tps":"","dTHEMATICRSrs":true},{"_id":"384091","area":"IND027","below":[],"indicator":30,"ius":"Children aged (6-9 months) receiving solid/semi-solid food and breast milk:Percent:Total","rank":20,"src":1,"subgrp":1,"top":[],"tp":"1998-1999","trend":"up","value":"30.8","slugiddata":384091,"dKPIRSrs":false,"dNITIRSrs":false,"tps":"","dTHEMATICRSrs":true},{"_id":"384092","area":"IND028","below":[],"indicator":30,"ius":"Children aged (6-9 months) receiving solid/semi-solid food and breast milk:Percent:Total","rank":10,"src":1,"subgrp":1,"top":[],"tp":"1998-1999","trend":"up","value":"59.4","slugiddata":384092,"dKPIRSrs":false,"dNITIRSrs":false,"tps":"","dTHEMATICRSrs":true},{"_id":"384093","area":"IND029","below":[],"indicator":30,"ius":"Children aged (6-9 months) receiving solid/semi-solid food and breast milk:Percent:Total","rank":18,"src":1,"subgrp":1,"top":[],"tp":"1998-1999","trend":"up","value":"38.4","slugiddata":384093,"dKPIRSrs":false,"dNITIRSrs":false,"tps":"","dTHEMATICRSrs":true},{"_id":"384094","area":"IND032","below":[],"indicator":30,"ius":"Children aged (6-9 months) receiving solid/semi-solid food and breast milk:Percent:Total","rank":6,"src":1,"subgrp":1,"top":[],"tp":"1998-1999","trend":"up","value":"72.9","slugiddata":384094,"dKPIRSrs":false,"dNITIRSrs":false,"tps":"","dTHEMATICRSrs":true},{"_id":"384095","area":"IND033","below":[],"indicator":30,"ius":"Children aged (6-9 months) receiving solid/semi-solid food and breast milk:Percent:Total","rank":12,"src":1,"subgrp":1,"top":[],"tp":"1998-1999","trend":"dn","value":"55.4","slugiddata":384095,"dKPIRSrs":false,"dNITIRSrs":false,"tps":"","dTHEMATICRSrs":true},{"_id":"384643","area":"IND","below":[],"indicator":30,"ius":"Children aged (6-9 months) receiving solid/semi-solid food and breast milk:Percent:Total","rank":1,"src":1,"subgrp":1,"top":[],"tp":"1992-1993","trend":"na","value":"31.4","slugiddata":384643,"dKPIRSrs":false,"dNITIRSrs":false,"tps":"","dTHEMATICRSrs":true},{"_id":"384644","area":"IND001","below":[],"indicator":30,"ius":"Children aged (6-9 months) receiving solid/semi-solid food and breast milk:Percent:Total","rank":9,"src":1,"subgrp":1,"top":[],"tp":"1992-1993","trend":"na","value":"44.8","slugiddata":384644,"dKPIRSrs":false,"dNITIRSrs":false,"tps":"","dTHEMATICRSrs":true},{"_id":"384645","area":"IND002","below":[],"indicator":30,"ius":"Children aged (6-9 months) receiving solid/semi-solid food and breast milk:Percent:Total","rank":11,"src":1,"subgrp":1,"top":[],"tp":"1992-1993","trend":"na","value":"39.9","slugiddata":384645,"dKPIRSrs":false,"dNITIRSrs":false,"tps":"","dTHEMATICRSrs":true},{"_id":"384646","area":"IND003","below":[],"indicator":30,"ius":"Children aged (6-9 months) receiving solid/semi-solid food and breast milk:Percent:Total","rank":15,"src":1,"subgrp":1,"top":[],"tp":"1992-1993","trend":"na","value":"37.3","slugiddata":384646,"dKPIRSrs":false,"dNITIRSrs":false,"tps":"","dTHEMATICRSrs":true},{"_id":"384647","area":"IND006","below":[],"indicator":30,"ius":"Children aged (6-9 months) receiving solid/semi-solid food and breast milk:Percent:Total","rank":13,"src":1,"subgrp":1,"top":[],"tp":"1992-1993","trend":"na","value":"38.5","slugiddata":384647,"dKPIRSrs":false,"dNITIRSrs":false,"tps":"","dTHEMATICRSrs":true},{"_id":"384648","area":"IND007","below":[],"indicator":30,"ius":"Children aged (6-9 months) receiving solid/semi-solid food and breast milk:Percent:Total","rank":20,"src":1,"subgrp":1,"top":[],"tp":"1992-1993","trend":"na","value":"25.1","slugiddata":384648,"dKPIRSrs":false,"dNITIRSrs":false,"tps":"","dTHEMATICRSrs":true},{"_id":"384649","area":"IND008","below":[],"indicator":30,"ius":"Children aged (6-9 months) receiving solid/semi-solid food and breast milk:Percent:Total","rank":25,"src":1,"subgrp":1,"top":[],"tp":"1992-1993","trend":"na","value":"9.4","slugiddata":384649,"dKPIRSrs":false,"dNITIRSrs":false,"tps":"","dTHEMATICRSrs":true},{"_id":"384650","area":"IND012","below":[],"indicator":30,"ius":"Children aged (6-9 months) receiving solid/semi-solid food and breast milk:Percent:Total","rank":16,"src":1,"subgrp":1,"top":[],"tp":"1992-1993","trend":"na","value":"35.8","slugiddata":384650,"dKPIRSrs":false,"dNITIRSrs":false,"tps":"","dTHEMATICRSrs":true},{"_id":"384651","area":"IND013","below":[],"indicator":30,"ius":"Children aged (6-9 months) receiving solid/semi-solid food and breast milk:Percent:Total","rank":10,"src":1,"subgrp":1,"top":[],"tp":"1992-1993","trend":"na","value":"43.5","slugiddata":384651,"dKPIRSrs":false,"dNITIRSrs":false,"tps":"","dTHEMATICRSrs":true},{"_id":"384652","area":"IND014","below":[],"indicator":30,"ius":"Children aged (6-9 months) receiving solid/semi-solid food and breast milk:Percent:Total","rank":7,"src":1,"subgrp":1,"top":[],"tp":"1992-1993","trend":"na","value":"50.0","slugiddata":384652,"dKPIRSrs":false,"dNITIRSrs":false,"tps":"","dTHEMATICRSrs":true},{"_id":"384653","area":"IND015","below":[],"indicator":30,"ius":"Children aged (6-9 months) receiving solid/semi-solid food and breast milk:Percent:Total","rank":3,"src":1,"subgrp":1,"top":[],"tp":"1992-1993","trend":"na","value":"64.3","slugiddata":384653,"dKPIRSrs":false,"dNITIRSrs":false,"tps":"","dTHEMATICRSrs":true},{"_id":"384654","area":"IND016","below":[],"indicator":30,"ius":"Children aged (6-9 months) receiving solid/semi-solid food and breast milk:Percent:Total","rank":2,"src":1,"subgrp":1,"top":[],"tp":"1992-1993","trend":"na","value":"65.0","slugiddata":384654,"dKPIRSrs":false,"dNITIRSrs":false,"tps":"","dTHEMATICRSrs":true},{"_id":"384655","area":"IND017","below":[],"indicator":30,"ius":"Children aged (6-9 months) receiving solid/semi-solid food and breast milk:Percent:Total","rank":5,"src":1,"subgrp":1,"top":[],"tp":"1992-1993","trend":"na","value":"56.3","slugiddata":384655,"dKPIRSrs":false,"dNITIRSrs":false,"tps":"","dTHEMATICRSrs":true},{"_id":"384656","area":"IND018","below":[],"indicator":30,"ius":"Children aged (6-9 months) receiving solid/semi-solid food and breast milk:Percent:Total","rank":12,"src":1,"subgrp":1,"top":[],"tp":"1992-1993","trend":"na","value":"39.2","slugiddata":384656,"dKPIRSrs":false,"dNITIRSrs":false,"tps":"","dTHEMATICRSrs":true},{"_id":"384657","area":"IND019","below":[],"indicator":30,"ius":"Children aged (6-9 months) receiving solid/semi-solid food and breast milk:Percent:Total","rank":6,"src":1,"subgrp":1,"top":[],"tp":"1992-1993","trend":"na","value":"53.6","slugiddata":384657,"dKPIRSrs":false,"dNITIRSrs":false,"tps":"","dTHEMATICRSrs":true},{"_id":"384658","area":"IND021","below":[],"indicator":30,"ius":"Children aged (6-9 months) receiving solid/semi-solid food and breast milk:Percent:Total","rank":18,"src":1,"subgrp":1,"top":[],"tp":"1992-1993","trend":"na","value":"30.2","slugiddata":384658,"dKPIRSrs":false,"dNITIRSrs":false,"tps":"","dTHEMATICRSrs":true},{"_id":"384659","area":"IND024","below":[],"indicator":30,"ius":"Children aged (6-9 months) receiving solid/semi-solid food and breast milk:Percent:Total","rank":22,"src":1,"subgrp":1,"top":[],"tp":"1992-1993","trend":"na","value":"22.9","slugiddata":384659,"dKPIRSrs":false,"dNITIRSrs":false,"tps":"","dTHEMATICRSrs":true},{"_id":"384660","area":"IND027","below":[],"indicator":30,"ius":"Children aged (6-9 months) receiving solid/semi-solid food and breast milk:Percent:Total","rank":21,"src":1,"subgrp":1,"top":[],"tp":"1992-1993","trend":"na","value":"25.0","slugiddata":384660,"dKPIRSrs":false,"dNITIRSrs":false,"tps":"","dTHEMATICRSrs":true},{"_id":"384661","area":"IND028","below":[],"indicator":30,"ius":"Children aged (6-9 months) receiving solid/semi-solid food and breast milk:Percent:Total","rank":8,"src":1,"subgrp":1,"top":[],"tp":"1992-1993","trend":"na","value":"47.8","slugiddata":384661,"dKPIRSrs":false,"dNITIRSrs":false,"tps":"","dTHEMATICRSrs":true},{"_id":"384662","area":"IND029","below":[],"indicator":30,"ius":"Children aged (6-9 months) receiving solid/semi-solid food and breast milk:Percent:Total","rank":14,"src":1,"subgrp":1,"top":[],"tp":"1992-1993","trend":"na","value":"38.2","slugiddata":384662,"dKPIRSrs":false,"dNITIRSrs":false,"tps":"","dTHEMATICRSrs":true},{"_id":"384663","area":"IND030","below":[],"indicator":30,"ius":"Children aged (6-9 months) receiving solid/semi-solid food and breast milk:Percent:Total","rank":17,"src":1,"subgrp":1,"top":[],"tp":"1992-1993","trend":"na","value":"33.9","slugiddata":384663,"dKPIRSrs":false,"dNITIRSrs":false,"tps":"","dTHEMATICRSrs":true},{"_id":"384664","area":"IND032","below":[],"indicator":30,"ius":"Children aged (6-9 months) receiving solid/semi-solid food and breast milk:Percent:Total","rank":1,"src":1,"subgrp":1,"top":[],"tp":"1992-1993","trend":"na","value":"69.3","slugiddata":384664,"dKPIRSrs":false,"dNITIRSrs":false,"tps":"","dTHEMATICRSrs":true},{"_id":"384665","area":"IND033","below":[],"indicator":30,"ius":"Children aged (6-9 months) receiving solid/semi-solid food and breast milk:Percent:Total","rank":4,"src":1,"subgrp":1,"top":[],"tp":"1992-1993","trend":"na","value":"56.5","slugiddata":384665,"dKPIRSrs":false,"dNITIRSrs":false,"tps":"","dTHEMATICRSrs":true},{"_id":"384666","area":"IND009","below":[],"indicator":30,"ius":"Children aged (6-9 months) receiving solid/semi-solid food and breast milk:Percent:Total","rank":23,"src":1,"subgrp":1,"top":[],"tp":"1992-1993","trend":"na","value":"19.4","slugiddata":384666,"dKPIRSrs":false,"dNITIRSrs":false,"tps":"","dTHEMATICRSrs":true},{"_id":"384667","area":"IND010","below":[],"indicator":30,"ius":"Children aged (6-9 months) receiving solid/semi-solid food and breast milk:Percent:Total","rank":24,"src":1,"subgrp":1,"top":[],"tp":"1992-1993","trend":"na","value":"18.1","slugiddata":384667,"dKPIRSrs":false,"dNITIRSrs":false,"tps":"","dTHEMATICRSrs":true},{"_id":"384668","area":"IND023","below":[],"indicator":30,"ius":"Children aged (6-9 months) receiving solid/semi-solid food and breast milk:Percent:Total","rank":19,"src":1,"subgrp":1,"top":[],"tp":"1992-1993","trend":"na","value":"27.7","slugiddata":384668,"dKPIRSrs":false,"dNITIRSrs":false,"tps":"","dTHEMATICRSrs":true},{"_id":"59065","area":"IND035","below":[],"indicator":30,"ius":"Children aged (6-9 months) receiving solid/semi-solid food and breast milk:Percent:Total","rank":17,"src":2,"subgrp":1,"top":[],"tp":"2012-2013","trend":"na","value":"53.6","slugiddata":59065,"dKPIRSrs":false,"dNITIRSrs":false,"tps":"","dTHEMATICRSrs":false},{"_id":"59066","area":"IND028","below":[],"indicator":30,"ius":"Children aged (6-9 months) receiving solid/semi-solid food and breast milk:Percent:Total","rank":11,"src":2,"subgrp":1,"top":[],"tp":"2012-2013","trend":"up","value":"62.3","slugiddata":59066,"dKPIRSrs":false,"dNITIRSrs":false,"tps":"","dTHEMATICRSrs":false},{"_id":"59067","area":"IND012","below":[],"indicator":30,"ius":"Children aged (6-9 months) receiving solid/semi-solid food and breast milk:Percent:Total","rank":8,"src":2,"subgrp":1,"top":[],"tp":"2012-2013","trend":"up","value":"69.0","slugiddata":59067,"dKPIRSrs":false,"dNITIRSrs":false,"tps":"","dTHEMATICRSrs":false},{"_id":"59068","area":"IND004","below":[],"indicator":30,"ius":"Children aged (6-9 months) receiving solid/semi-solid food and breast milk:Percent:Total","rank":2,"src":2,"subgrp":1,"top":[],"tp":"2012-2013","trend":"na","value":"85.7","slugiddata":59068,"dKPIRSrs":false,"dNITIRSrs":false,"tps":"","dTHEMATICRSrs":false},{"_id":"59069","area":"IND030","below":[],"indicator":30,"ius":"Children aged (6-9 months) receiving solid/semi-solid food and breast milk:Percent:Total","rank":1,"src":2,"subgrp":1,"top":[],"tp":"2012-2013","trend":"na","value":"87.1","slugiddata":59069,"dKPIRSrs":false,"dNITIRSrs":false,"tps":"","dTHEMATICRSrs":false},{"_id":"59070","area":"IND006","below":[],"indicator":30,"ius":"Children aged (6-9 months) receiving solid/semi-solid food and breast milk:Percent:Total","rank":16,"src":2,"subgrp":1,"top":[],"tp":"2012-2013","trend":"dn","value":"56.5","slugiddata":59070,"dKPIRSrs":false,"dNITIRSrs":false,"tps":"","dTHEMATICRSrs":false},{"_id":"59071","area":"IND002","below":[],"indicator":30,"ius":"Children aged (6-9 months) receiving solid/semi-solid food and breast milk:Percent:Total","rank":18,"src":2,"subgrp":1,"top":[],"tp":"2012-2013","trend":"dn","value":"51.2","slugiddata":59071,"dKPIRSrs":false,"dNITIRSrs":false,"tps":"","dTHEMATICRSrs":false},{"_id":"59072","area":"IND029","below":[],"indicator":30,"ius":"Children aged (6-9 months) receiving solid/semi-solid food and breast milk:Percent:Total","rank":9,"src":2,"subgrp":1,"top":[],"tp":"2012-2013","trend":"up","value":"63.6","slugiddata":59072,"dKPIRSrs":false,"dNITIRSrs":false,"tps":"","dTHEMATICRSrs":false},{"_id":"59073","area":"IND032","below":[],"indicator":30,"ius":"Children aged (6-9 months) receiving solid/semi-solid food and breast milk:Percent:Total","rank":16,"src":2,"subgrp":1,"top":[],"tp":"2012-2013","trend":"dn","value":"56.5","slugiddata":59073,"dKPIRSrs":false,"dNITIRSrs":false,"tps":"","dTHEMATICRSrs":false},{"_id":"59074","area":"IND027","below":[],"indicator":30,"ius":"Children aged (6-9 months) receiving solid/semi-solid food and breast milk:Percent:Total","rank":19,"src":2,"subgrp":1,"top":[],"tp":"2012-2013","trend":"up","value":"47.7","slugiddata":59074,"dKPIRSrs":false,"dNITIRSrs":false,"tps":"","dTHEMATICRSrs":false},{"_id":"59075","area":"IND014","below":[],"indicator":30,"ius":"Children aged (6-9 months) receiving solid/semi-solid food and breast milk:Percent:Total","rank":3,"src":2,"subgrp":1,"top":[],"tp":"2012-2013","trend":"up","value":"79.7","slugiddata":59075,"dKPIRSrs":false,"dNITIRSrs":false,"tps":"","dTHEMATICRSrs":false},{"_id":"59076","area":"IND017","below":[],"indicator":30,"ius":"Children aged (6-9 months) receiving solid/semi-solid food and breast milk:Percent:Total","rank":15,"src":2,"subgrp":1,"top":[],"tp":"2012-2013","trend":"dn","value":"58.7","slugiddata":59076,"dKPIRSrs":false,"dNITIRSrs":false,"tps":"","dTHEMATICRSrs":false},{"_id":"59077","area":"IND015","below":[],"indicator":30,"ius":"Children aged (6-9 months) receiving solid/semi-solid food and breast milk:Percent:Total","rank":13,"src":2,"subgrp":1,"top":[],"tp":"2012-2013","trend":"dn","value":"60.0","slugiddata":59077,"dKPIRSrs":false,"dNITIRSrs":false,"tps":"","dTHEMATICRSrs":false},{"_id":"59078","area":"IND013","below":[],"indicator":30,"ius":"Children aged (6-9 months) receiving solid/semi-solid food and breast milk:Percent:Total","rank":5,"src":2,"subgrp":1,"top":[],"tp":"2012-2013","trend":"na","value":"74.4","slugiddata":59078,"dKPIRSrs":false,"dNITIRSrs":false,"tps":"","dTHEMATICRSrs":false},{"_id":"59079","area":"IND034","below":[],"indicator":30,"ius":"Children aged (6-9 months) receiving solid/semi-solid food and breast milk:Percent:Total","rank":12,"src":2,"subgrp":1,"top":[],"tp":"2012-2013","trend":"na","value":"60.3","slugiddata":59079,"dKPIRSrs":false,"dNITIRSrs":false,"tps":"","dTHEMATICRSrs":false},{"_id":"59080","area":"IND003","below":[],"indicator":30,"ius":"Children aged (6-9 months) receiving solid/semi-solid food and breast milk:Percent:Total","rank":5,"src":2,"subgrp":1,"top":[],"tp":"2012-2013","trend":"up","value":"74.4","slugiddata":59080,"dKPIRSrs":false,"dNITIRSrs":false,"tps":"","dTHEMATICRSrs":false},{"_id":"59081","area":"IND011","below":[],"indicator":30,"ius":"Children aged (6-9 months) receiving solid/semi-solid food and breast milk:Percent:Total","rank":7,"src":2,"subgrp":1,"top":[],"tp":"2012-2013","trend":"dn","value":"70.1","slugiddata":59081,"dKPIRSrs":false,"dNITIRSrs":false,"tps":"","dTHEMATICRSrs":false},{"_id":"59082","area":"IND033","below":[],"indicator":30,"ius":"Children aged (6-9 months) receiving solid/semi-solid food and breast milk:Percent:Total","rank":14,"src":2,"subgrp":1,"top":[],"tp":"2012-2013","trend":"dn","value":"59.1","slugiddata":59082,"dKPIRSrs":false,"dNITIRSrs":false,"tps":"","dTHEMATICRSrs":false},{"_id":"59083","area":"IND036","below":[],"indicator":30,"ius":"Children aged (6-9 months) receiving solid/semi-solid food and breast milk:Percent:Total","rank":10,"src":2,"subgrp":1,"top":[],"tp":"2012-2013","trend":"na","value":"62.8","slugiddata":59083,"dKPIRSrs":false,"dNITIRSrs":false,"tps":"","dTHEMATICRSrs":false},{"_id":"59084","area":"IND016","below":[],"indicator":30,"ius":"Children aged (6-9 months) receiving solid/semi-solid food and breast milk:Percent:Total","rank":4,"src":2,"subgrp":1,"top":[],"tp":"2012-2013","trend":"dn","value":"77.9","slugiddata":59084,"dKPIRSrs":false,"dNITIRSrs":false,"tps":"","dTHEMATICRSrs":false},{"_id":"59085","area":"IND019","below":[],"indicator":30,"ius":"Children aged (6-9 months) receiving solid/semi-solid food and breast milk:Percent:Total","rank":6,"src":2,"subgrp":1,"top":[],"tp":"2012-2013","trend":"up","value":"72.8","slugiddata":59085,"dKPIRSrs":false,"dNITIRSrs":false,"tps":"","dTHEMATICRSrs":false},{"_id":"66536","area":"IND","below":[],"indicator":30,"ius":"Children aged (6-9 months) receiving solid/semi-solid food and breast milk:Percent:Total","rank":1,"src":2,"subgrp":1,"top":[],"tp":"2007-2008","trend":"na","value":"56.9","slugiddata":66536,"dKPIRSrs":false,"dNITIRSrs":false,"tps":"","dTHEMATICRSrs":false},{"_id":"66537","area":"IND028","below":[],"indicator":30,"ius":"Children aged (6-9 months) receiving solid/semi-solid food and breast milk:Percent:Total","rank":18,"src":2,"subgrp":1,"top":[],"tp":"2007-2008","trend":"na","value":"54.7","slugiddata":66537,"dKPIRSrs":false,"dNITIRSrs":false,"tps":"","dTHEMATICRSrs":false},{"_id":"66538","area":"IND012","below":[],"indicator":30,"ius":"Children aged (6-9 months) receiving solid/semi-solid food and breast milk:Percent:Total","rank":23,"src":2,"subgrp":1,"top":[],"tp":"2007-2008","trend":"na","value":"43.9","slugiddata":66538,"dKPIRSrs":false,"dNITIRSrs":false,"tps":"","dTHEMATICRSrs":false},{"_id":"66539","area":"IND018","below":[],"indicator":30,"ius":"Children aged (6-9 months) receiving solid/semi-solid food and breast milk:Percent:Total","rank":8,"src":2,"subgrp":1,"top":[],"tp":"2007-2008","trend":"na","value":"66.3","slugiddata":66539,"dKPIRSrs":false,"dNITIRSrs":false,"tps":"","dTHEMATICRSrs":false},{"_id":"66540","area":"IND010","below":[],"indicator":30,"ius":"Children aged (6-9 months) receiving solid/semi-solid food and breast milk:Percent:Total","rank":14,"src":2,"subgrp":1,"top":[],"tp":"2007-2008","trend":"na","value":"61.2","slugiddata":66540,"dKPIRSrs":false,"dNITIRSrs":false,"tps":"","dTHEMATICRSrs":false},{"_id":"66541","area":"IND022","below":[],"indicator":30,"ius":"Children aged (6-9 months) receiving solid/semi-solid food and breast milk:Percent:Total","rank":17,"src":2,"subgrp":1,"top":[],"tp":"2007-2008","trend":"na","value":"56.5","slugiddata":66541,"dKPIRSrs":false,"dNITIRSrs":false,"tps":"","dTHEMATICRSrs":false},{"_id":"66542","area":"IND007","below":[],"indicator":30,"ius":"Children aged (6-9 months) receiving solid/semi-solid food and breast milk:Percent:Total","rank":15,"src":2,"subgrp":1,"top":[],"tp":"2007-2008","trend":"na","value":"60.8","slugiddata":66542,"dKPIRSrs":false,"dNITIRSrs":false,"tps":"","dTHEMATICRSrs":false},{"_id":"66543","area":"IND024","below":[],"indicator":30,"ius":"Children aged (6-9 months) receiving solid/semi-solid food and breast milk:Percent:Total","rank":21,"src":2,"subgrp":1,"top":[],"tp":"2007-2008","trend":"na","value":"47.6","slugiddata":66543,"dKPIRSrs":false,"dNITIRSrs":false,"tps":"","dTHEMATICRSrs":false},{"_id":"66544","area":"IND006","below":[],"indicator":30,"ius":"Children aged (6-9 months) receiving solid/semi-solid food and breast milk:Percent:Total","rank":6,"src":2,"subgrp":1,"top":[],"tp":"2007-2008","trend":"na","value":"73.4","slugiddata":66544,"dKPIRSrs":false,"dNITIRSrs":false,"tps":"","dTHEMATICRSrs":false},{"_id":"66545","area":"IND002","below":[],"indicator":30,"ius":"Children aged (6-9 months) receiving solid/semi-solid food and breast milk:Percent:Total","rank":13,"src":2,"subgrp":1,"top":[],"tp":"2007-2008","trend":"na","value":"62.4","slugiddata":66545,"dKPIRSrs":false,"dNITIRSrs":false,"tps":"","dTHEMATICRSrs":false},{"_id":"66546","area":"IND001","below":[],"indicator":30,"ius":"Children aged (6-9 months) receiving solid/semi-solid food and breast milk:Percent:Total","rank":25,"src":2,"subgrp":1,"top":[],"tp":"2007-2008","trend":"na","value":"41.5","slugiddata":66546,"dKPIRSrs":false,"dNITIRSrs":false,"tps":"","dTHEMATICRSrs":false},{"_id":"66547","area":"IND020","below":[],"indicator":30,"ius":"Children aged (6-9 months) receiving solid/semi-solid food and breast milk:Percent:Total","rank":20,"src":2,"subgrp":1,"top":[],"tp":"2007-2008","trend":"na","value":"53.5","slugiddata":66547,"dKPIRSrs":false,"dNITIRSrs":false,"tps":"","dTHEMATICRSrs":false},{"_id":"66548","area":"IND029","below":[],"indicator":30,"ius":"Children aged (6-9 months) receiving solid/semi-solid food and breast milk:Percent:Total","rank":12,"src":2,"subgrp":1,"top":[],"tp":"2007-2008","trend":"na","value":"62.7","slugiddata":66548,"dKPIRSrs":false,"dNITIRSrs":false,"tps":"","dTHEMATICRSrs":false},{"_id":"66549","area":"IND032","below":[],"indicator":30,"ius":"Children aged (6-9 months) receiving solid/semi-solid food and breast milk:Percent:Total","rank":2,"src":2,"subgrp":1,"top":[],"tp":"2007-2008","trend":"na","value":"84.6","slugiddata":66549,"dKPIRSrs":false,"dNITIRSrs":false,"tps":"","dTHEMATICRSrs":false},{"_id":"66550","area":"IND023","below":[],"indicator":30,"ius":"Children aged (6-9 months) receiving solid/semi-solid food and breast milk:Percent:Total","rank":26,"src":2,"subgrp":1,"top":[],"tp":"2007-2008","trend":"na","value":"39.7","slugiddata":66550,"dKPIRSrs":false,"dNITIRSrs":false,"tps":"","dTHEMATICRSrs":false},{"_id":"66551","area":"IND027","below":[],"indicator":30,"ius":"Children aged (6-9 months) receiving solid/semi-solid food and breast milk:Percent:Total","rank":22,"src":2,"subgrp":1,"top":[],"tp":"2007-2008","trend":"na","value":"46.4","slugiddata":66551,"dKPIRSrs":false,"dNITIRSrs":false,"tps":"","dTHEMATICRSrs":false},{"_id":"66552","area":"IND014","below":[],"indicator":30,"ius":"Children aged (6-9 months) receiving solid/semi-solid food and breast milk:Percent:Total","rank":4,"src":2,"subgrp":1,"top":[],"tp":"2007-2008","trend":"na","value":"78.3","slugiddata":66552,"dKPIRSrs":false,"dNITIRSrs":false,"tps":"","dTHEMATICRSrs":false},{"_id":"66553","area":"IND017","below":[],"indicator":30,"ius":"Children aged (6-9 months) receiving solid/semi-solid food and breast milk:Percent:Total","rank":12,"src":2,"subgrp":1,"top":[],"tp":"2007-2008","trend":"na","value":"62.7","slugiddata":66553,"dKPIRSrs":false,"dNITIRSrs":false,"tps":"","dTHEMATICRSrs":false},{"_id":"66554","area":"IND015","below":[],"indicator":30,"ius":"Children aged (6-9 months) receiving solid/semi-solid food and breast milk:Percent:Total","rank":5,"src":2,"subgrp":1,"top":[],"tp":"2007-2008","trend":"na","value":"74.3","slugiddata":66554,"dKPIRSrs":false,"dNITIRSrs":false,"tps":"","dTHEMATICRSrs":false},{"_id":"66555","area":"IND021","below":[],"indicator":30,"ius":"Children aged (6-9 months) receiving solid/semi-solid food and breast milk:Percent:Total","rank":16,"src":2,"subgrp":1,"top":[],"tp":"2007-2008","trend":"na","value":"59.5","slugiddata":66555,"dKPIRSrs":false,"dNITIRSrs":false,"tps":"","dTHEMATICRSrs":false},{"_id":"66556","area":"IND003","below":[],"indicator":30,"ius":"Children aged (6-9 months) receiving solid/semi-solid food and breast milk:Percent:Total","rank":7,"src":2,"subgrp":1,"top":[],"tp":"2007-2008","trend":"na","value":"68.9","slugiddata":66556,"dKPIRSrs":false,"dNITIRSrs":false,"tps":"","dTHEMATICRSrs":false},{"_id":"66557","area":"IND008","below":[],"indicator":30,"ius":"Children aged (6-9 months) receiving solid/semi-solid food and breast milk:Percent:Total","rank":24,"src":2,"subgrp":1,"top":[],"tp":"2007-2008","trend":"na","value":"43.6","slugiddata":66557,"dKPIRSrs":false,"dNITIRSrs":false,"tps":"","dTHEMATICRSrs":false},{"_id":"66558","area":"IND011","below":[],"indicator":30,"ius":"Children aged (6-9 months) receiving solid/semi-solid food and breast milk:Percent:Total","rank":1,"src":2,"subgrp":1,"top":[],"tp":"2007-2008","trend":"na","value":"88.8","slugiddata":66558,"dKPIRSrs":false,"dNITIRSrs":false,"tps":"","dTHEMATICRSrs":false},{"_id":"66559","area":"IND033","below":[],"indicator":30,"ius":"Children aged (6-9 months) receiving solid/semi-solid food and breast milk:Percent:Total","rank":11,"src":2,"subgrp":1,"top":[],"tp":"2007-2008","trend":"na","value":"62.9","slugiddata":66559,"dKPIRSrs":false,"dNITIRSrs":false,"tps":"","dTHEMATICRSrs":false},{"_id":"66560","area":"IND016","below":[],"indicator":30,"ius":"Children aged (6-9 months) receiving solid/semi-solid food and breast milk:Percent:Total","rank":3,"src":2,"subgrp":1,"top":[],"tp":"2007-2008","trend":"na","value":"81.1","slugiddata":66560,"dKPIRSrs":false,"dNITIRSrs":false,"tps":"","dTHEMATICRSrs":false},{"_id":"66561","area":"IND009","below":[],"indicator":30,"ius":"Children aged (6-9 months) receiving solid/semi-solid food and breast milk:Percent:Total","rank":19,"src":2,"subgrp":1,"top":[],"tp":"2007-2008","trend":"na","value":"54.1","slugiddata":66561,"dKPIRSrs":false,"dNITIRSrs":false,"tps":"","dTHEMATICRSrs":false},{"_id":"66562","area":"IND005","below":[],"indicator":30,"ius":"Children aged (6-9 months) receiving solid/semi-solid food and breast milk:Percent:Total","rank":10,"src":2,"subgrp":1,"top":[],"tp":"2007-2008","trend":"na","value":"63.4","slugiddata":66562,"dKPIRSrs":false,"dNITIRSrs":false,"tps":"","dTHEMATICRSrs":false},{"_id":"66563","area":"IND019","below":[],"indicator":30,"ius":"Children aged (6-9 months) receiving solid/semi-solid food and breast milk:Percent:Total","rank":9,"src":2,"subgrp":1,"top":[],"tp":"2007-2008","trend":"na","value":"64.1","slugiddata":66563,"dKPIRSrs":false,"dNITIRSrs":false,"tps":"","dTHEMATICRSrs":false}]