[{"_id":"263208","area":"IND036025","below":[],"indicator":88,"ius":"1st trimester registration to total ANC registrations:Percent:Total","rank":29,"src":6,"subgrp":1,"top":[],"tp":"2017-2018","trend":"na","value":"28.1","slugiddata":263208,"dKPIRSrs":false,"dNITIRSrs":true,"tps":"","dTHEMATICRSrs":false},{"_id":"263944","area":"IND036025","below":[],"indicator":48,"ius":"Mothers who had at least 4 antenatal care visits:Percent:Total","rank":31,"src":6,"subgrp":1,"top":[],"tp":"2017-2018","trend":"na","value":"21.5","slugiddata":263944,"dKPIRSrs":false,"dNITIRSrs":true,"tps":"","dTHEMATICRSrs":false},{"_id":"264673","area":"IND036025","below":[],"indicator":12,"ius":"Home delivery conducted by skilled health personnel:Percent:Total","rank":1,"src":6,"subgrp":1,"top":[],"tp":"2017-2018","trend":"na","value":"100.0","slugiddata":264673,"dKPIRSrs":false,"dNITIRSrs":true,"tps":"","dTHEMATICRSrs":false},{"_id":"265407","area":"IND036025","below":[],"indicator":112,"ius":"Newborns having weight less than 2.5 kg to newborns weighed at birth:Percent:Total","rank":8,"src":6,"subgrp":1,"top":[],"tp":"2017-2018","trend":"na","value":"7.8","slugiddata":265407,"dKPIRSrs":true,"dNITIRSrs":true,"tps":"","dTHEMATICRSrs":false},{"_id":"266143","area":"IND036025","below":[],"indicator":111,"ius":"Newborns breastfed within 1 hour of birth to total live birth:Percent:Total","rank":19,"src":6,"subgrp":1,"top":[],"tp":"2017-2018","trend":"na","value":"79.6","slugiddata":266143,"dKPIRSrs":false,"dNITIRSrs":true,"tps":"","dTHEMATICRSrs":false},{"_id":"266879","area":"IND036025","below":[],"indicator":109,"ius":"Percentage of institutional deliveries out of total ANC registration:Percent:Total","rank":30,"src":6,"subgrp":1,"top":[],"tp":"2017-2018","trend":"na","value":"7.0","slugiddata":266879,"dKPIRSrs":false,"dNITIRSrs":true,"tps":"","dTHEMATICRSrs":false},{"_id":"267615","area":"IND036025","below":[],"indicator":108,"ius":"Percentage of PW having Hb level<11 (tested cases) (7.1 to 10.9) against total ANC registration:Percent:Total","rank":2,"src":6,"subgrp":1,"top":[],"tp":"2017-2018","trend":"na","value":"23.2","slugiddata":267615,"dKPIRSrs":false,"dNITIRSrs":true,"tps":"","dTHEMATICRSrs":false},{"_id":"268351","area":"IND036025","below":[],"indicator":113,"ius":"Percentage of PW having Hb level<7 (tested cases) against total ANC registration:Percent:Total","rank":6,"src":6,"subgrp":1,"top":[],"tp":"2017-2018","trend":"na","value":"0.8","slugiddata":268351,"dKPIRSrs":false,"dNITIRSrs":true,"tps":"","dTHEMATICRSrs":false},{"_id":"269087","area":"IND036025","below":[],"indicator":110,"ius":"Proportion of live babies weighed at birth:Percent:Total","rank":16,"src":6,"subgrp":1,"top":[],"tp":"2017-2018","trend":"na","value":"91.6","slugiddata":269087,"dKPIRSrs":false,"dNITIRSrs":true,"tps":"","dTHEMATICRSrs":false},{"_id":"294761","area":"IND036025","below":[],"indicator":89,"ius":"Pregnant women received TT2 or Booster to total ANC registration:Percent:Total","rank":29,"src":6,"subgrp":1,"top":[],"tp":"2017-2018","trend":"na","value":"20.9","slugiddata":294761,"dKPIRSrs":false,"dNITIRSrs":false,"tps":"","dTHEMATICRSrs":true},{"_id":"295497","area":"IND036025","below":[],"indicator":92,"ius":"Women discharged in less than 48 hours of delivery to total reported deliveries at public institutions:Percent:Total","rank":17,"src":6,"subgrp":1,"top":[],"tp":"2017-2018","trend":"na","value":"47.9","slugiddata":295497,"dKPIRSrs":false,"dNITIRSrs":false,"tps":"","dTHEMATICRSrs":true},{"_id":"296233","area":"IND036025","below":[],"indicator":14,"ius":"Institutional delivery:Percent:Total","rank":2,"src":6,"subgrp":1,"top":[],"tp":"2017-2018","trend":"na","value":"99.9","slugiddata":296233,"dKPIRSrs":false,"dNITIRSrs":false,"tps":"","dTHEMATICRSrs":false},{"_id":"297705","area":"IND036025","below":[],"indicator":93,"ius":"Home deliveries to total reported deliveries:Percent:Total","rank":2,"src":6,"subgrp":1,"top":[],"tp":"2017-2018","trend":"na","value":"0.1","slugiddata":297705,"dKPIRSrs":true,"dNITIRSrs":false,"tps":"","dTHEMATICRSrs":true},{"_id":"298441","area":"IND036025","below":[],"indicator":2,"ius":"Births delivered by caesarean section:Percent:Total","rank":3,"src":6,"subgrp":1,"top":[],"tp":"2017-2018","trend":"na","value":"72.0","slugiddata":298441,"dKPIRSrs":false,"dNITIRSrs":false,"tps":"","dTHEMATICRSrs":false},{"_id":"299177","area":"IND036025","below":[],"indicator":11,"ius":"Institutional delivery in public/government health facility:Percent:Total","rank":1,"src":6,"subgrp":1,"top":[],"tp":"2017-2018","trend":"na","value":"100.0","slugiddata":299177,"dKPIRSrs":false,"dNITIRSrs":false,"tps":"","dTHEMATICRSrs":false},{"_id":"300623","area":"IND036025","below":[],"indicator":96,"ius":"MTPs conducted at public institutions to total MTPs:Percent:Total","rank":1,"src":6,"subgrp":1,"top":[],"tp":"2017-2018","trend":"na","value":"100.0","slugiddata":300623,"dKPIRSrs":false,"dNITIRSrs":false,"tps":"","dTHEMATICRSrs":true},{"_id":"302043","area":"IND036025","below":[],"indicator":98,"ius":"Male sterilization (vasectomies) to total sterilization:Percent:Total","rank":10,"src":6,"subgrp":1,"top":[],"tp":"2017-2018","trend":"na","value":"6.4","slugiddata":302043,"dKPIRSrs":false,"dNITIRSrs":false,"tps":"","dTHEMATICRSrs":true},{"_id":"302763","area":"IND036025","below":[],"indicator":99,"ius":"Post partum sterilizations to total female sterilizations:Percent:Total","rank":24,"src":6,"subgrp":1,"top":[],"tp":"2017-2018","trend":"na","value":"59.9","slugiddata":302763,"dKPIRSrs":false,"dNITIRSrs":false,"tps":"","dTHEMATICRSrs":false},{"_id":"304234","area":"IND036025","below":[],"indicator":101,"ius":"IUCD insertions in public plus private institutions to all family planning methods ( IUCD plus permanent):Percent:Total","rank":14,"src":6,"subgrp":1,"top":[],"tp":"2017-2018","trend":"na","value":"23.7","slugiddata":304234,"dKPIRSrs":false,"dNITIRSrs":false,"tps":"","dTHEMATICRSrs":true},{"_id":"304970","area":"IND036025","below":[],"indicator":102,"ius":"Newborns given BCG to reported live birth:Percent:Total","rank":31,"src":6,"subgrp":1,"top":[],"tp":"2017-2018","trend":"na","value":"87.0","slugiddata":304970,"dKPIRSrs":false,"dNITIRSrs":false,"tps":"","dTHEMATICRSrs":true},{"_id":"305706","area":"IND036025","below":[],"indicator":103,"ius":"Infants 0 to 11 months old who received measles vaccine to reported live births:Percent:Total","rank":23,"src":6,"subgrp":1,"top":[],"tp":"2017-2018","trend":"na","value":"128.1","slugiddata":305706,"dKPIRSrs":false,"dNITIRSrs":false,"tps":"","dTHEMATICRSrs":true},{"_id":"314172","area":"IND036025","below":[],"indicator":119,"ius":"Cases of Pregnant women with obstetric complications and attended to reported deliveries:Percent:Total","rank":20,"src":6,"subgrp":1,"top":[],"tp":"2017-2018","trend":"na","value":"0.6","slugiddata":314172,"dKPIRSrs":false,"dNITIRSrs":false,"tps":"","dTHEMATICRSrs":false},{"_id":"314908","area":"IND036025","below":[],"indicator":118,"ius":"Pregnant women given 180 IFA to total ANC registration:Percent:Total","rank":20,"src":6,"subgrp":1,"top":[],"tp":"2017-2018","trend":"na","value":"66.8","slugiddata":314908,"dKPIRSrs":false,"dNITIRSrs":false,"tps":"","dTHEMATICRSrs":false},{"_id":"315644","area":"IND036025","below":[],"indicator":88,"ius":"1st trimester registration to total ANC registrations:Percent:Total","rank":28,"src":6,"subgrp":1,"top":[],"tp":"Apr-Sep_2018","trend":"up","value":"35.8","slugiddata":315644,"dKPIRSrs":false,"dNITIRSrs":true,"tps":"","dTHEMATICRSrs":false},{"_id":"316383","area":"IND036025","below":[],"indicator":48,"ius":"Mothers who had at least 4 antenatal care visits:Percent:Total","rank":30,"src":6,"subgrp":1,"top":[],"tp":"Apr-Sep_2018","trend":"up","value":"33.7","slugiddata":316383,"dKPIRSrs":false,"dNITIRSrs":true,"tps":"","dTHEMATICRSrs":false},{"_id":"317122","area":"IND036025","below":[],"indicator":89,"ius":"Pregnant women received TT2 or Booster to total ANC registration:Percent:Total","rank":26,"src":6,"subgrp":1,"top":[],"tp":"Apr-Sep_2018","trend":"up","value":"52.9","slugiddata":317122,"dKPIRSrs":false,"dNITIRSrs":false,"tps":"","dTHEMATICRSrs":true},{"_id":"317861","area":"IND036025","below":[],"indicator":118,"ius":"Pregnant women given 180 IFA to total ANC registration:Percent:Total","rank":12,"src":6,"subgrp":1,"top":[],"tp":"Apr-Sep_2018","trend":"up","value":"106.0","slugiddata":317861,"dKPIRSrs":false,"dNITIRSrs":false,"tps":"","dTHEMATICRSrs":false},{"_id":"318600","area":"IND036025","below":[],"indicator":108,"ius":"Percentage of PW having Hb level<11 (tested cases) (7.1 to 10.9) against total ANC registration:Percent:Total","rank":3,"src":6,"subgrp":1,"top":[],"tp":"Apr-Sep_2018","trend":"dn","value":"29.7","slugiddata":318600,"dKPIRSrs":false,"dNITIRSrs":true,"tps":"","dTHEMATICRSrs":false},{"_id":"320077","area":"IND036025","below":[],"indicator":113,"ius":"Percentage of PW having Hb level<7 (tested cases) against total ANC registration:Percent:Total","rank":6,"src":6,"subgrp":1,"top":[],"tp":"Apr-Sep_2018","trend":"up","value":"0.7","slugiddata":320077,"dKPIRSrs":false,"dNITIRSrs":true,"tps":"","dTHEMATICRSrs":false},{"_id":"320816","area":"IND036025","below":[],"indicator":91,"ius":"New cases detected at institution for hypertension to total ANC registrations:Percent:Total","rank":6,"src":6,"subgrp":1,"top":[],"tp":"Apr-Sep_2018","trend":"na","value":"0.9","slugiddata":320816,"dKPIRSrs":false,"dNITIRSrs":false,"tps":"","dTHEMATICRSrs":true},{"_id":"321537","area":"IND036025","below":[],"indicator":12,"ius":"Home delivery conducted by skilled health personnel:Percent:Total","rank":12,"src":6,"subgrp":1,"top":[],"tp":"Apr-Sep_2018","trend":"dn","value":"56.7","slugiddata":321537,"dKPIRSrs":false,"dNITIRSrs":true,"tps":"","dTHEMATICRSrs":false},{"_id":"322275","area":"IND036025","below":[],"indicator":92,"ius":"Women discharged in less than 48 hours of delivery to total reported deliveries at public institutions:Percent:Total","rank":11,"src":6,"subgrp":1,"top":[],"tp":"Apr-Sep_2018","trend":"up","value":"39.1","slugiddata":322275,"dKPIRSrs":false,"dNITIRSrs":false,"tps":"","dTHEMATICRSrs":true},{"_id":"323014","area":"IND036025","below":[],"indicator":109,"ius":"Percentage of institutional deliveries out of total ANC registration:Percent:Total","rank":27,"src":6,"subgrp":1,"top":[],"tp":"Apr-Sep_2018","trend":"up","value":"12.0","slugiddata":323014,"dKPIRSrs":false,"dNITIRSrs":true,"tps":"","dTHEMATICRSrs":false},{"_id":"323753","area":"IND036025","below":[],"indicator":14,"ius":"Institutional delivery:Percent:Total","rank":8,"src":6,"subgrp":1,"top":[],"tp":"Apr-Sep_2018","trend":"dn","value":"99.3","slugiddata":323753,"dKPIRSrs":false,"dNITIRSrs":false,"tps":"","dTHEMATICRSrs":false},{"_id":"325231","area":"IND036025","below":[],"indicator":93,"ius":"Home deliveries to total reported deliveries:Percent:Total","rank":8,"src":6,"subgrp":1,"top":[],"tp":"Apr-Sep_2018","trend":"dn","value":"0.7","slugiddata":325231,"dKPIRSrs":true,"dNITIRSrs":false,"tps":"","dTHEMATICRSrs":true},{"_id":"325970","area":"IND036025","below":[],"indicator":2,"ius":"Births delivered by caesarean section:Percent:Total","rank":16,"src":6,"subgrp":1,"top":[],"tp":"Apr-Sep_2018","trend":"dn","value":"42.8","slugiddata":325970,"dKPIRSrs":false,"dNITIRSrs":false,"tps":"","dTHEMATICRSrs":false},{"_id":"326709","area":"IND036025","below":[],"indicator":11,"ius":"Institutional delivery in public/government health facility:Percent:Total","rank":1,"src":6,"subgrp":1,"top":[],"tp":"Apr-Sep_2018","trend":"eq","value":"100.0","slugiddata":326709,"dKPIRSrs":false,"dNITIRSrs":false,"tps":"","dTHEMATICRSrs":false},{"_id":"328187","area":"IND036025","below":[],"indicator":110,"ius":"Proportion of live babies weighed at birth:Percent:Total","rank":15,"src":6,"subgrp":1,"top":[],"tp":"Apr-Sep_2018","trend":"dn","value":"90.4","slugiddata":328187,"dKPIRSrs":false,"dNITIRSrs":true,"tps":"","dTHEMATICRSrs":false},{"_id":"328926","area":"IND036025","below":[],"indicator":112,"ius":"Newborns having weight less than 2.5 kg to newborns weighed at birth:Percent:Total","rank":8,"src":6,"subgrp":1,"top":[],"tp":"Apr-Sep_2018","trend":"dn","value":"8.4","slugiddata":328926,"dKPIRSrs":true,"dNITIRSrs":true,"tps":"","dTHEMATICRSrs":false},{"_id":"329665","area":"IND036025","below":[],"indicator":111,"ius":"Newborns breastfed within 1 hour of birth to total live birth:Percent:Total","rank":21,"src":6,"subgrp":1,"top":[],"tp":"Apr-Sep_2018","trend":"dn","value":"77.5","slugiddata":329665,"dKPIRSrs":false,"dNITIRSrs":true,"tps":"","dTHEMATICRSrs":false},{"_id":"331143","area":"IND036025","below":[],"indicator":119,"ius":"Cases of Pregnant women with obstetric complications and attended to reported deliveries:Percent:Total","rank":15,"src":6,"subgrp":1,"top":[],"tp":"Apr-Sep_2018","trend":"dn","value":"0.5","slugiddata":331143,"dKPIRSrs":false,"dNITIRSrs":false,"tps":"","dTHEMATICRSrs":false},{"_id":"331842","area":"IND036025","below":[],"indicator":96,"ius":"MTPs conducted at public institutions to total MTPs:Percent:Total","rank":1,"src":6,"subgrp":1,"top":[],"tp":"Apr-Sep_2018","trend":"eq","value":"100.0","slugiddata":331842,"dKPIRSrs":false,"dNITIRSrs":false,"tps":"","dTHEMATICRSrs":true},{"_id":"333239","area":"IND036025","below":[],"indicator":98,"ius":"Male sterilization (vasectomies) to total sterilization:Percent:Total","rank":18,"src":6,"subgrp":1,"top":[],"tp":"Apr-Sep_2018","trend":"dn","value":"0.0","slugiddata":333239,"dKPIRSrs":false,"dNITIRSrs":false,"tps":"","dTHEMATICRSrs":true},{"_id":"333950","area":"IND036025","below":[],"indicator":99,"ius":"Post partum sterilizations to total female sterilizations:Percent:Total","rank":23,"src":6,"subgrp":1,"top":[],"tp":"Apr-Sep_2018","trend":"dn","value":"91.6","slugiddata":333950,"dKPIRSrs":false,"dNITIRSrs":false,"tps":"","dTHEMATICRSrs":false},{"_id":"335424","area":"IND036025","below":[],"indicator":101,"ius":"IUCD insertions in public plus private institutions to all family planning methods ( IUCD plus permanent):Percent:Total","rank":23,"src":6,"subgrp":1,"top":[],"tp":"Apr-Sep_2018","trend":"dn","value":"17.2","slugiddata":335424,"dKPIRSrs":false,"dNITIRSrs":false,"tps":"","dTHEMATICRSrs":true},{"_id":"336163","area":"IND036025","below":[],"indicator":102,"ius":"Newborns given BCG to reported live birth:Percent:Total","rank":24,"src":6,"subgrp":1,"top":[],"tp":"Apr-Sep_2018","trend":"up","value":"99.4","slugiddata":336163,"dKPIRSrs":false,"dNITIRSrs":false,"tps":"","dTHEMATICRSrs":true},{"_id":"336902","area":"IND036025","below":[],"indicator":103,"ius":"Infants 0 to 11 months old who received measles vaccine to reported live births:Percent:Total","rank":24,"src":6,"subgrp":1,"top":[],"tp":"Apr-Sep_2018","trend":"up","value":"153.4","slugiddata":336902,"dKPIRSrs":false,"dNITIRSrs":false,"tps":"","dTHEMATICRSrs":true}]