[{"_id":"103598","area":"IND001009","below":[],"indicator":91,"ius":"New cases detected at institution for hypertension to total ANC registrations:Percent:Total","rank":16,"src":6,"subgrp":1,"top":[],"tp":"2008-2009","trend":"na","value":"8.3","slugiddata":103598,"dKPIRSrs":false,"dNITIRSrs":false,"tps":"","dTHEMATICRSrs":true},{"_id":"104267","area":"IND001009","below":[],"indicator":91,"ius":"New cases detected at institution for hypertension to total ANC registrations:Percent:Total","rank":15,"src":6,"subgrp":1,"top":[],"tp":"2009-2010","trend":"up","value":"4.3","slugiddata":104267,"dKPIRSrs":false,"dNITIRSrs":false,"tps":"","dTHEMATICRSrs":true},{"_id":"104939","area":"IND001009","below":[],"indicator":91,"ius":"New cases detected at institution for hypertension to total ANC registrations:Percent:Total","rank":15,"src":6,"subgrp":1,"top":[],"tp":"2010-2011","trend":"up","value":"3.5","slugiddata":104939,"dKPIRSrs":false,"dNITIRSrs":false,"tps":"","dTHEMATICRSrs":true},{"_id":"105619","area":"IND001009","below":[],"indicator":91,"ius":"New cases detected at institution for hypertension to total ANC registrations:Percent:Total","rank":8,"src":6,"subgrp":1,"top":[],"tp":"2011-2012","trend":"up","value":"2.7","slugiddata":105619,"dKPIRSrs":false,"dNITIRSrs":false,"tps":"","dTHEMATICRSrs":true},{"_id":"106318","area":"IND001009","below":[],"indicator":91,"ius":"New cases detected at institution for hypertension to total ANC registrations:Percent:Total","rank":10,"src":6,"subgrp":1,"top":[],"tp":"2012-2013","trend":"up","value":"2.4","slugiddata":106318,"dKPIRSrs":false,"dNITIRSrs":false,"tps":"","dTHEMATICRSrs":true},{"_id":"107018","area":"IND001009","below":[],"indicator":91,"ius":"New cases detected at institution for hypertension to total ANC registrations:Percent:Total","rank":13,"src":6,"subgrp":1,"top":[],"tp":"2013-2014","trend":"dn","value":"3.2","slugiddata":107018,"dKPIRSrs":false,"dNITIRSrs":false,"tps":"","dTHEMATICRSrs":true},{"_id":"107715","area":"IND001009","below":[],"indicator":91,"ius":"New cases detected at institution for hypertension to total ANC registrations:Percent:Total","rank":16,"src":6,"subgrp":1,"top":[],"tp":"2014-2015","trend":"dn","value":"3.4","slugiddata":107715,"dKPIRSrs":false,"dNITIRSrs":false,"tps":"","dTHEMATICRSrs":true},{"_id":"108426","area":"IND001009","below":[],"indicator":91,"ius":"New cases detected at institution for hypertension to total ANC registrations:Percent:Total","rank":13,"src":6,"subgrp":1,"top":[],"tp":"2015-2016","trend":"dn","value":"3.7","slugiddata":108426,"dKPIRSrs":false,"dNITIRSrs":false,"tps":"","dTHEMATICRSrs":true},{"_id":"109139","area":"IND001009","below":[],"indicator":91,"ius":"New cases detected at institution for hypertension to total ANC registrations:Percent:Total","rank":16,"src":6,"subgrp":1,"top":[],"tp":"2016-2017","trend":"up","value":"3.3","slugiddata":109139,"dKPIRSrs":false,"dNITIRSrs":false,"tps":"","dTHEMATICRSrs":true},{"_id":"109817","area":"IND001009","below":[],"indicator":12,"ius":"Home delivery conducted by skilled health personnel:Percent:Total","rank":17,"src":6,"subgrp":1,"top":[],"tp":"2008-2009","trend":"na","value":"35.6","slugiddata":109817,"dKPIRSrs":false,"dNITIRSrs":true,"tps":"","dTHEMATICRSrs":false},{"_id":"110473","area":"IND001009","below":[],"indicator":12,"ius":"Home delivery conducted by skilled health personnel:Percent:Total","rank":19,"src":6,"subgrp":1,"top":[],"tp":"2009-2010","trend":"dn","value":"19.8","slugiddata":110473,"dKPIRSrs":false,"dNITIRSrs":true,"tps":"","dTHEMATICRSrs":false},{"_id":"111137","area":"IND001009","below":[],"indicator":12,"ius":"Home delivery conducted by skilled health personnel:Percent:Total","rank":10,"src":6,"subgrp":1,"top":[],"tp":"2010-2011","trend":"up","value":"49.3","slugiddata":111137,"dKPIRSrs":false,"dNITIRSrs":true,"tps":"","dTHEMATICRSrs":false},{"_id":"111811","area":"IND001009","below":[],"indicator":12,"ius":"Home delivery conducted by skilled health personnel:Percent:Total","rank":6,"src":6,"subgrp":1,"top":[],"tp":"2011-2012","trend":"dn","value":"46.8","slugiddata":111811,"dKPIRSrs":false,"dNITIRSrs":true,"tps":"","dTHEMATICRSrs":false},{"_id":"112508","area":"IND001009","below":[],"indicator":12,"ius":"Home delivery conducted by skilled health personnel:Percent:Total","rank":6,"src":6,"subgrp":1,"top":[],"tp":"2012-2013","trend":"dn","value":"44.4","slugiddata":112508,"dKPIRSrs":false,"dNITIRSrs":true,"tps":"","dTHEMATICRSrs":false},{"_id":"113204","area":"IND001009","below":[],"indicator":12,"ius":"Home delivery conducted by skilled health personnel:Percent:Total","rank":7,"src":6,"subgrp":1,"top":[],"tp":"2013-2014","trend":"dn","value":"28.7","slugiddata":113204,"dKPIRSrs":false,"dNITIRSrs":true,"tps":"","dTHEMATICRSrs":false},{"_id":"113895","area":"IND001009","below":[],"indicator":12,"ius":"Home delivery conducted by skilled health personnel:Percent:Total","rank":4,"src":6,"subgrp":1,"top":[],"tp":"2014-2015","trend":"up","value":"34.5","slugiddata":113895,"dKPIRSrs":false,"dNITIRSrs":true,"tps":"","dTHEMATICRSrs":false},{"_id":"114594","area":"IND001009","below":[],"indicator":12,"ius":"Home delivery conducted by skilled health personnel:Percent:Total","rank":8,"src":6,"subgrp":1,"top":[],"tp":"2015-2016","trend":"dn","value":"18.5","slugiddata":114594,"dKPIRSrs":false,"dNITIRSrs":true,"tps":"","dTHEMATICRSrs":false},{"_id":"115285","area":"IND001009","below":[],"indicator":12,"ius":"Home delivery conducted by skilled health personnel:Percent:Total","rank":4,"src":6,"subgrp":1,"top":[],"tp":"2016-2017","trend":"up","value":"29.7","slugiddata":115285,"dKPIRSrs":false,"dNITIRSrs":true,"tps":"","dTHEMATICRSrs":false},{"_id":"122067","area":"IND001009","below":[],"indicator":92,"ius":"Women discharged in less than 48 hours of delivery to total reported deliveries at public institutions:Percent:Total","rank":16,"src":6,"subgrp":1,"top":[],"tp":"2008-2009","trend":"na","value":"34.0","slugiddata":122067,"dKPIRSrs":false,"dNITIRSrs":false,"tps":"","dTHEMATICRSrs":true},{"_id":"122735","area":"IND001009","below":[],"indicator":92,"ius":"Women discharged in less than 48 hours of delivery to total reported deliveries at public institutions:Percent:Total","rank":21,"src":6,"subgrp":1,"top":[],"tp":"2009-2010","trend":"dn","value":"87.5","slugiddata":122735,"dKPIRSrs":false,"dNITIRSrs":false,"tps":"","dTHEMATICRSrs":true},{"_id":"123407","area":"IND001009","below":[],"indicator":92,"ius":"Women discharged in less than 48 hours of delivery to total reported deliveries at public institutions:Percent:Total","rank":22,"src":6,"subgrp":1,"top":[],"tp":"2010-2011","trend":"dn","value":"90.5","slugiddata":123407,"dKPIRSrs":false,"dNITIRSrs":false,"tps":"","dTHEMATICRSrs":true},{"_id":"124088","area":"IND001009","below":[],"indicator":92,"ius":"Women discharged in less than 48 hours of delivery to total reported deliveries at public institutions:Percent:Total","rank":21,"src":6,"subgrp":1,"top":[],"tp":"2011-2012","trend":"up","value":"87.7","slugiddata":124088,"dKPIRSrs":false,"dNITIRSrs":false,"tps":"","dTHEMATICRSrs":true},{"_id":"124787","area":"IND001009","below":[],"indicator":92,"ius":"Women discharged in less than 48 hours of delivery to total reported deliveries at public institutions:Percent:Total","rank":20,"src":6,"subgrp":1,"top":[],"tp":"2012-2013","trend":"dn","value":"90.1","slugiddata":124787,"dKPIRSrs":false,"dNITIRSrs":false,"tps":"","dTHEMATICRSrs":true},{"_id":"125487","area":"IND001009","below":[],"indicator":92,"ius":"Women discharged in less than 48 hours of delivery to total reported deliveries at public institutions:Percent:Total","rank":21,"src":6,"subgrp":1,"top":[],"tp":"2013-2014","trend":"dn","value":"92.3","slugiddata":125487,"dKPIRSrs":false,"dNITIRSrs":false,"tps":"","dTHEMATICRSrs":true},{"_id":"126184","area":"IND001009","below":[],"indicator":92,"ius":"Women discharged in less than 48 hours of delivery to total reported deliveries at public institutions:Percent:Total","rank":21,"src":6,"subgrp":1,"top":[],"tp":"2014-2015","trend":"up","value":"90.6","slugiddata":126184,"dKPIRSrs":false,"dNITIRSrs":false,"tps":"","dTHEMATICRSrs":true},{"_id":"126895","area":"IND001009","below":[],"indicator":92,"ius":"Women discharged in less than 48 hours of delivery to total reported deliveries at public institutions:Percent:Total","rank":20,"src":6,"subgrp":1,"top":[],"tp":"2015-2016","trend":"dn","value":"91.2","slugiddata":126895,"dKPIRSrs":false,"dNITIRSrs":false,"tps":"","dTHEMATICRSrs":true},{"_id":"127608","area":"IND001009","below":[],"indicator":92,"ius":"Women discharged in less than 48 hours of delivery to total reported deliveries at public institutions:Percent:Total","rank":21,"src":6,"subgrp":1,"top":[],"tp":"2016-2017","trend":"up","value":"87.9","slugiddata":127608,"dKPIRSrs":false,"dNITIRSrs":false,"tps":"","dTHEMATICRSrs":true},{"_id":"134520","area":"IND001009","below":[],"indicator":93,"ius":"Home deliveries to total reported deliveries:Percent:Total","rank":7,"src":6,"subgrp":1,"top":[],"tp":"2008-2009","trend":"na","value":"20.0","slugiddata":134520,"dKPIRSrs":true,"dNITIRSrs":false,"tps":"","dTHEMATICRSrs":true},{"_id":"135189","area":"IND001009","below":[],"indicator":93,"ius":"Home deliveries to total reported deliveries:Percent:Total","rank":11,"src":6,"subgrp":1,"top":[],"tp":"2009-2010","trend":"dn","value":"32.8","slugiddata":135189,"dKPIRSrs":true,"dNITIRSrs":false,"tps":"","dTHEMATICRSrs":true},{"_id":"135861","area":"IND001009","below":[],"indicator":93,"ius":"Home deliveries to total reported deliveries:Percent:Total","rank":15,"src":6,"subgrp":1,"top":[],"tp":"2010-2011","trend":"dn","value":"33.5","slugiddata":135861,"dKPIRSrs":true,"dNITIRSrs":false,"tps":"","dTHEMATICRSrs":true},{"_id":"136542","area":"IND001009","below":[],"indicator":93,"ius":"Home deliveries to total reported deliveries:Percent:Total","rank":13,"src":6,"subgrp":1,"top":[],"tp":"2011-2012","trend":"up","value":"20.0","slugiddata":136542,"dKPIRSrs":true,"dNITIRSrs":false,"tps":"","dTHEMATICRSrs":true},{"_id":"137241","area":"IND001009","below":[],"indicator":93,"ius":"Home deliveries to total reported deliveries:Percent:Total","rank":11,"src":6,"subgrp":1,"top":[],"tp":"2012-2013","trend":"up","value":"11.2","slugiddata":137241,"dKPIRSrs":true,"dNITIRSrs":false,"tps":"","dTHEMATICRSrs":true},{"_id":"137941","area":"IND001009","below":[],"indicator":93,"ius":"Home deliveries to total reported deliveries:Percent:Total","rank":9,"src":6,"subgrp":1,"top":[],"tp":"2013-2014","trend":"up","value":"5.8","slugiddata":137941,"dKPIRSrs":true,"dNITIRSrs":false,"tps":"","dTHEMATICRSrs":true},{"_id":"138638","area":"IND001009","below":[],"indicator":93,"ius":"Home deliveries to total reported deliveries:Percent:Total","rank":9,"src":6,"subgrp":1,"top":[],"tp":"2014-2015","trend":"up","value":"4.5","slugiddata":138638,"dKPIRSrs":true,"dNITIRSrs":false,"tps":"","dTHEMATICRSrs":true},{"_id":"139349","area":"IND001009","below":[],"indicator":93,"ius":"Home deliveries to total reported deliveries:Percent:Total","rank":9,"src":6,"subgrp":1,"top":[],"tp":"2015-2016","trend":"dn","value":"6.1","slugiddata":139349,"dKPIRSrs":true,"dNITIRSrs":false,"tps":"","dTHEMATICRSrs":true},{"_id":"140062","area":"IND001009","below":[],"indicator":93,"ius":"Home deliveries to total reported deliveries:Percent:Total","rank":7,"src":6,"subgrp":1,"top":[],"tp":"2016-2017","trend":"up","value":"4.9","slugiddata":140062,"dKPIRSrs":true,"dNITIRSrs":false,"tps":"","dTHEMATICRSrs":true},{"_id":"140746","area":"IND001009","below":[],"indicator":2,"ius":"Births delivered by caesarean section:Percent:Total","rank":17,"src":6,"subgrp":1,"top":[],"tp":"2008-2009","trend":"na","value":"0.0","slugiddata":140746,"dKPIRSrs":false,"dNITIRSrs":false,"tps":"","dTHEMATICRSrs":false},{"_id":"141415","area":"IND001009","below":[],"indicator":2,"ius":"Births delivered by caesarean section:Percent:Total","rank":17,"src":6,"subgrp":1,"top":[],"tp":"2009-2010","trend":"up","value":"3.5","slugiddata":141415,"dKPIRSrs":false,"dNITIRSrs":false,"tps":"","dTHEMATICRSrs":false},{"_id":"142087","area":"IND001009","below":[],"indicator":2,"ius":"Births delivered by caesarean section:Percent:Total","rank":16,"src":6,"subgrp":1,"top":[],"tp":"2010-2011","trend":"up","value":"5.8","slugiddata":142087,"dKPIRSrs":false,"dNITIRSrs":false,"tps":"","dTHEMATICRSrs":false},{"_id":"142768","area":"IND001009","below":[],"indicator":2,"ius":"Births delivered by caesarean section:Percent:Total","rank":13,"src":6,"subgrp":1,"top":[],"tp":"2011-2012","trend":"up","value":"13.6","slugiddata":142768,"dKPIRSrs":false,"dNITIRSrs":false,"tps":"","dTHEMATICRSrs":false},{"_id":"143467","area":"IND001009","below":[],"indicator":2,"ius":"Births delivered by caesarean section:Percent:Total","rank":10,"src":6,"subgrp":1,"top":[],"tp":"2012-2013","trend":"up","value":"16.4","slugiddata":143467,"dKPIRSrs":false,"dNITIRSrs":false,"tps":"","dTHEMATICRSrs":false},{"_id":"144167","area":"IND001009","below":[],"indicator":2,"ius":"Births delivered by caesarean section:Percent:Total","rank":19,"src":6,"subgrp":1,"top":[],"tp":"2013-2014","trend":"dn","value":"9.1","slugiddata":144167,"dKPIRSrs":false,"dNITIRSrs":false,"tps":"","dTHEMATICRSrs":false},{"_id":"144864","area":"IND001009","below":[],"indicator":2,"ius":"Births delivered by caesarean section:Percent:Total","rank":19,"src":6,"subgrp":1,"top":[],"tp":"2014-2015","trend":"eq","value":"9.1","slugiddata":144864,"dKPIRSrs":false,"dNITIRSrs":false,"tps":"","dTHEMATICRSrs":false},{"_id":"145575","area":"IND001009","below":[],"indicator":2,"ius":"Births delivered by caesarean section:Percent:Total","rank":20,"src":6,"subgrp":1,"top":[],"tp":"2015-2016","trend":"dn","value":"8.7","slugiddata":145575,"dKPIRSrs":false,"dNITIRSrs":false,"tps":"","dTHEMATICRSrs":false},{"_id":"146288","area":"IND001009","below":[],"indicator":2,"ius":"Births delivered by caesarean section:Percent:Total","rank":19,"src":6,"subgrp":1,"top":[],"tp":"2016-2017","trend":"up","value":"9.9","slugiddata":146288,"dKPIRSrs":false,"dNITIRSrs":false,"tps":"","dTHEMATICRSrs":false},{"_id":"146973","area":"IND001009","below":[],"indicator":33,"ius":"Mothers who received post-natal check-up within 48 hrs. of delivery:Percent:Total","rank":12,"src":6,"subgrp":1,"top":[],"tp":"2008-2009","trend":"na","value":"7.7","slugiddata":146973,"dKPIRSrs":false,"dNITIRSrs":false,"tps":"","dTHEMATICRSrs":true},{"_id":"147642","area":"IND001009","below":[],"indicator":33,"ius":"Mothers who received post-natal check-up within 48 hrs. of delivery:Percent:Total","rank":12,"src":6,"subgrp":1,"top":[],"tp":"2009-2010","trend":"up","value":"29.6","slugiddata":147642,"dKPIRSrs":false,"dNITIRSrs":false,"tps":"","dTHEMATICRSrs":true},{"_id":"148314","area":"IND001009","below":[],"indicator":33,"ius":"Mothers who received post-natal check-up within 48 hrs. of delivery:Percent:Total","rank":16,"src":6,"subgrp":1,"top":[],"tp":"2010-2011","trend":"dn","value":"22.3","slugiddata":148314,"dKPIRSrs":false,"dNITIRSrs":false,"tps":"","dTHEMATICRSrs":true},{"_id":"148995","area":"IND001009","below":[],"indicator":33,"ius":"Mothers who received post-natal check-up within 48 hrs. of delivery:Percent:Total","rank":16,"src":6,"subgrp":1,"top":[],"tp":"2011-2012","trend":"up","value":"41.2","slugiddata":148995,"dKPIRSrs":false,"dNITIRSrs":false,"tps":"","dTHEMATICRSrs":true},{"_id":"149694","area":"IND001009","below":[],"indicator":33,"ius":"Mothers who received post-natal check-up within 48 hrs. of delivery:Percent:Total","rank":12,"src":6,"subgrp":1,"top":[],"tp":"2012-2013","trend":"up","value":"66.2","slugiddata":149694,"dKPIRSrs":false,"dNITIRSrs":false,"tps":"","dTHEMATICRSrs":true},{"_id":"150394","area":"IND001009","below":[],"indicator":33,"ius":"Mothers who received post-natal check-up within 48 hrs. of delivery:Percent:Total","rank":12,"src":6,"subgrp":1,"top":[],"tp":"2013-2014","trend":"up","value":"76.6","slugiddata":150394,"dKPIRSrs":false,"dNITIRSrs":false,"tps":"","dTHEMATICRSrs":true},{"_id":"151091","area":"IND001009","below":[],"indicator":33,"ius":"Mothers who received post-natal check-up within 48 hrs. of delivery:Percent:Total","rank":12,"src":6,"subgrp":1,"top":[],"tp":"2014-2015","trend":"dn","value":"76.4","slugiddata":151091,"dKPIRSrs":false,"dNITIRSrs":false,"tps":"","dTHEMATICRSrs":true},{"_id":"151802","area":"IND001009","below":[],"indicator":33,"ius":"Mothers who received post-natal check-up within 48 hrs. of delivery:Percent:Total","rank":11,"src":6,"subgrp":1,"top":[],"tp":"2015-2016","trend":"up","value":"80.5","slugiddata":151802,"dKPIRSrs":false,"dNITIRSrs":false,"tps":"","dTHEMATICRSrs":true},{"_id":"152515","area":"IND001009","below":[],"indicator":33,"ius":"Mothers who received post-natal check-up within 48 hrs. of delivery:Percent:Total","rank":9,"src":6,"subgrp":1,"top":[],"tp":"2016-2017","trend":"up","value":"88.8","slugiddata":152515,"dKPIRSrs":false,"dNITIRSrs":false,"tps":"","dTHEMATICRSrs":true},{"_id":"153194","area":"IND001009","below":[],"indicator":112,"ius":"Newborns having weight less than 2.5 kg to newborns weighed at birth:Percent:Total","rank":5,"src":6,"subgrp":1,"top":[],"tp":"2008-2009","trend":"na","value":"3.1","slugiddata":153194,"dKPIRSrs":true,"dNITIRSrs":true,"tps":"","dTHEMATICRSrs":false},{"_id":"153858","area":"IND001009","below":[],"indicator":112,"ius":"Newborns having weight less than 2.5 kg to newborns weighed at birth:Percent:Total","rank":9,"src":6,"subgrp":1,"top":[],"tp":"2009-2010","trend":"dn","value":"11.5","slugiddata":153858,"dKPIRSrs":true,"dNITIRSrs":true,"tps":"","dTHEMATICRSrs":false},{"_id":"154529","area":"IND001009","below":[],"indicator":112,"ius":"Newborns having weight less than 2.5 kg to newborns weighed at birth:Percent:Total","rank":15,"src":6,"subgrp":1,"top":[],"tp":"2010-2011","trend":"dn","value":"13.0","slugiddata":154529,"dKPIRSrs":true,"dNITIRSrs":true,"tps":"","dTHEMATICRSrs":false},{"_id":"155209","area":"IND001009","below":[],"indicator":112,"ius":"Newborns having weight less than 2.5 kg to newborns weighed at birth:Percent:Total","rank":12,"src":6,"subgrp":1,"top":[],"tp":"2011-2012","trend":"up","value":"11.1","slugiddata":155209,"dKPIRSrs":true,"dNITIRSrs":true,"tps":"","dTHEMATICRSrs":false},{"_id":"155908","area":"IND001009","below":[],"indicator":112,"ius":"Newborns having weight less than 2.5 kg to newborns weighed at birth:Percent:Total","rank":10,"src":6,"subgrp":1,"top":[],"tp":"2012-2013","trend":"up","value":"8.5","slugiddata":155908,"dKPIRSrs":true,"dNITIRSrs":true,"tps":"","dTHEMATICRSrs":false},{"_id":"156608","area":"IND001009","below":[],"indicator":112,"ius":"Newborns having weight less than 2.5 kg to newborns weighed at birth:Percent:Total","rank":8,"src":6,"subgrp":1,"top":[],"tp":"2013-2014","trend":"up","value":"2.9","slugiddata":156608,"dKPIRSrs":true,"dNITIRSrs":true,"tps":"","dTHEMATICRSrs":false},{"_id":"157305","area":"IND001009","below":[],"indicator":112,"ius":"Newborns having weight less than 2.5 kg to newborns weighed at birth:Percent:Total","rank":3,"src":6,"subgrp":1,"top":[],"tp":"2014-2015","trend":"up","value":"1.1","slugiddata":157305,"dKPIRSrs":true,"dNITIRSrs":true,"tps":"","dTHEMATICRSrs":false},{"_id":"158016","area":"IND001009","below":[],"indicator":112,"ius":"Newborns having weight less than 2.5 kg to newborns weighed at birth:Percent:Total","rank":5,"src":6,"subgrp":1,"top":[],"tp":"2015-2016","trend":"dn","value":"2.2","slugiddata":158016,"dKPIRSrs":true,"dNITIRSrs":true,"tps":"","dTHEMATICRSrs":false},{"_id":"158729","area":"IND001009","below":[],"indicator":112,"ius":"Newborns having weight less than 2.5 kg to newborns weighed at birth:Percent:Total","rank":3,"src":6,"subgrp":1,"top":[],"tp":"2016-2017","trend":"up","value":"1.3","slugiddata":158729,"dKPIRSrs":true,"dNITIRSrs":true,"tps":"","dTHEMATICRSrs":false},{"_id":"159410","area":"IND001009","below":[],"indicator":111,"ius":"Newborns breastfed within 1 hour of birth to total live birth:Percent:Total","rank":5,"src":6,"subgrp":1,"top":[],"tp":"2008-2009","trend":"na","value":"49.3","slugiddata":159410,"dKPIRSrs":false,"dNITIRSrs":true,"tps":"","dTHEMATICRSrs":false},{"_id":"160074","area":"IND001009","below":[],"indicator":111,"ius":"Newborns breastfed within 1 hour of birth to total live birth:Percent:Total","rank":6,"src":6,"subgrp":1,"top":[],"tp":"2009-2010","trend":"up","value":"67.6","slugiddata":160074,"dKPIRSrs":false,"dNITIRSrs":true,"tps":"","dTHEMATICRSrs":false},{"_id":"160746","area":"IND001009","below":[],"indicator":111,"ius":"Newborns breastfed within 1 hour of birth to total live birth:Percent:Total","rank":10,"src":6,"subgrp":1,"top":[],"tp":"2010-2011","trend":"up","value":"71.5","slugiddata":160746,"dKPIRSrs":false,"dNITIRSrs":true,"tps":"","dTHEMATICRSrs":false},{"_id":"161427","area":"IND001009","below":[],"indicator":111,"ius":"Newborns breastfed within 1 hour of birth to total live birth:Percent:Total","rank":11,"src":6,"subgrp":1,"top":[],"tp":"2011-2012","trend":"up","value":"79.4","slugiddata":161427,"dKPIRSrs":false,"dNITIRSrs":true,"tps":"","dTHEMATICRSrs":false},{"_id":"162126","area":"IND001009","below":[],"indicator":111,"ius":"Newborns breastfed within 1 hour of birth to total live birth:Percent:Total","rank":3,"src":6,"subgrp":1,"top":[],"tp":"2012-2013","trend":"up","value":"93.1","slugiddata":162126,"dKPIRSrs":false,"dNITIRSrs":true,"tps":"","dTHEMATICRSrs":false},{"_id":"162826","area":"IND001009","below":[],"indicator":111,"ius":"Newborns breastfed within 1 hour of birth to total live birth:Percent:Total","rank":6,"src":6,"subgrp":1,"top":[],"tp":"2013-2014","trend":"dn","value":"91.8","slugiddata":162826,"dKPIRSrs":false,"dNITIRSrs":true,"tps":"","dTHEMATICRSrs":false},{"_id":"163523","area":"IND001009","below":[],"indicator":111,"ius":"Newborns breastfed within 1 hour of birth to total live birth:Percent:Total","rank":5,"src":6,"subgrp":1,"top":[],"tp":"2014-2015","trend":"up","value":"92.9","slugiddata":163523,"dKPIRSrs":false,"dNITIRSrs":true,"tps":"","dTHEMATICRSrs":false},{"_id":"164234","area":"IND001009","below":[],"indicator":111,"ius":"Newborns breastfed within 1 hour of birth to total live birth:Percent:Total","rank":6,"src":6,"subgrp":1,"top":[],"tp":"2015-2016","trend":"up","value":"93.6","slugiddata":164234,"dKPIRSrs":false,"dNITIRSrs":true,"tps":"","dTHEMATICRSrs":false},{"_id":"164947","area":"IND001009","below":[],"indicator":111,"ius":"Newborns breastfed within 1 hour of birth to total live birth:Percent:Total","rank":9,"src":6,"subgrp":1,"top":[],"tp":"2016-2017","trend":"dn","value":"91.3","slugiddata":164947,"dKPIRSrs":false,"dNITIRSrs":true,"tps":"","dTHEMATICRSrs":false},{"_id":"165625","area":"IND001009","below":[],"indicator":94,"ius":"Newborns visited within 24hrs of home delivery to total reported home deliveries:Percent:Total","rank":7,"src":6,"subgrp":1,"top":[],"tp":"2008-2009","trend":"na","value":"29.6","slugiddata":165625,"dKPIRSrs":false,"dNITIRSrs":false,"tps":"","dTHEMATICRSrs":false},{"_id":"166281","area":"IND001009","below":[],"indicator":94,"ius":"Newborns visited within 24hrs of home delivery to total reported home deliveries:Percent:Total","rank":14,"src":6,"subgrp":1,"top":[],"tp":"2009-2010","trend":"dn","value":"21.2","slugiddata":166281,"dKPIRSrs":false,"dNITIRSrs":false,"tps":"","dTHEMATICRSrs":false},{"_id":"166945","area":"IND001009","below":[],"indicator":94,"ius":"Newborns visited within 24hrs of home delivery to total reported home deliveries:Percent:Total","rank":8,"src":6,"subgrp":1,"top":[],"tp":"2010-2011","trend":"up","value":"37.3","slugiddata":166945,"dKPIRSrs":false,"dNITIRSrs":false,"tps":"","dTHEMATICRSrs":false},{"_id":"167619","area":"IND001009","below":[],"indicator":94,"ius":"Newborns visited within 24hrs of home delivery to total reported home deliveries:Percent:Total","rank":5,"src":6,"subgrp":1,"top":[],"tp":"2011-2012","trend":"up","value":"58.7","slugiddata":167619,"dKPIRSrs":false,"dNITIRSrs":false,"tps":"","dTHEMATICRSrs":false},{"_id":"168316","area":"IND001009","below":[],"indicator":94,"ius":"Newborns visited within 24hrs of home delivery to total reported home deliveries:Percent:Total","rank":8,"src":6,"subgrp":1,"top":[],"tp":"2012-2013","trend":"dn","value":"51.1","slugiddata":168316,"dKPIRSrs":false,"dNITIRSrs":false,"tps":"","dTHEMATICRSrs":false},{"_id":"169012","area":"IND001009","below":[],"indicator":94,"ius":"Newborns visited within 24hrs of home delivery to total reported home deliveries:Percent:Total","rank":7,"src":6,"subgrp":1,"top":[],"tp":"2013-2014","trend":"up","value":"58.4","slugiddata":169012,"dKPIRSrs":false,"dNITIRSrs":false,"tps":"","dTHEMATICRSrs":false},{"_id":"169703","area":"IND001009","below":[],"indicator":94,"ius":"Newborns visited within 24hrs of home delivery to total reported home deliveries:Percent:Total","rank":12,"src":6,"subgrp":1,"top":[],"tp":"2014-2015","trend":"dn","value":"41.8","slugiddata":169703,"dKPIRSrs":false,"dNITIRSrs":false,"tps":"","dTHEMATICRSrs":false},{"_id":"170402","area":"IND001009","below":[],"indicator":94,"ius":"Newborns visited within 24hrs of home delivery to total reported home deliveries:Percent:Total","rank":17,"src":6,"subgrp":1,"top":[],"tp":"2015-2016","trend":"dn","value":"29.1","slugiddata":170402,"dKPIRSrs":false,"dNITIRSrs":false,"tps":"","dTHEMATICRSrs":false},{"_id":"171093","area":"IND001009","below":[],"indicator":94,"ius":"Newborns visited within 24hrs of home delivery to total reported home deliveries:Percent:Total","rank":16,"src":6,"subgrp":1,"top":[],"tp":"2016-2017","trend":"up","value":"50.3","slugiddata":171093,"dKPIRSrs":false,"dNITIRSrs":false,"tps":"","dTHEMATICRSrs":false},{"_id":"177381","area":"IND001009","below":[],"indicator":96,"ius":"MTPs conducted at public institutions to total MTPs:Percent:Total","rank":1,"src":6,"subgrp":1,"top":[],"tp":"2008-2009","trend":"na","value":"100.0","slugiddata":177381,"dKPIRSrs":false,"dNITIRSrs":false,"tps":"","dTHEMATICRSrs":true},{"_id":"177995","area":"IND001009","below":[],"indicator":96,"ius":"MTPs conducted at public institutions to total MTPs:Percent:Total","rank":1,"src":6,"subgrp":1,"top":[],"tp":"2009-2010","trend":"eq","value":"100.0","slugiddata":177995,"dKPIRSrs":false,"dNITIRSrs":false,"tps":"","dTHEMATICRSrs":true},{"_id":"178637","area":"IND001009","below":[],"indicator":96,"ius":"MTPs conducted at public institutions to total MTPs:Percent:Total","rank":1,"src":6,"subgrp":1,"top":[],"tp":"2010-2011","trend":"eq","value":"100.0","slugiddata":178637,"dKPIRSrs":false,"dNITIRSrs":false,"tps":"","dTHEMATICRSrs":true},{"_id":"179284","area":"IND001009","below":[],"indicator":96,"ius":"MTPs conducted at public institutions to total MTPs:Percent:Total","rank":4,"src":6,"subgrp":1,"top":[],"tp":"2011-2012","trend":"dn","value":"97.4","slugiddata":179284,"dKPIRSrs":false,"dNITIRSrs":false,"tps":"","dTHEMATICRSrs":true},{"_id":"179951","area":"IND001009","below":[],"indicator":96,"ius":"MTPs conducted at public institutions to total MTPs:Percent:Total","rank":1,"src":6,"subgrp":1,"top":[],"tp":"2012-2013","trend":"up","value":"100.0","slugiddata":179951,"dKPIRSrs":false,"dNITIRSrs":false,"tps":"","dTHEMATICRSrs":true},{"_id":"180613","area":"IND001009","below":[],"indicator":96,"ius":"MTPs conducted at public institutions to total MTPs:Percent:Total","rank":1,"src":6,"subgrp":1,"top":[],"tp":"2013-2014","trend":"eq","value":"100.0","slugiddata":180613,"dKPIRSrs":false,"dNITIRSrs":false,"tps":"","dTHEMATICRSrs":true},{"_id":"181278","area":"IND001009","below":[],"indicator":96,"ius":"MTPs conducted at public institutions to total MTPs:Percent:Total","rank":1,"src":6,"subgrp":1,"top":[],"tp":"2014-2015","trend":"eq","value":"100.0","slugiddata":181278,"dKPIRSrs":false,"dNITIRSrs":false,"tps":"","dTHEMATICRSrs":true},{"_id":"181955","area":"IND001009","below":[],"indicator":96,"ius":"MTPs conducted at public institutions to total MTPs:Percent:Total","rank":1,"src":6,"subgrp":1,"top":[],"tp":"2015-2016","trend":"eq","value":"100.0","slugiddata":181955,"dKPIRSrs":false,"dNITIRSrs":false,"tps":"","dTHEMATICRSrs":true},{"_id":"189193","area":"IND001009","below":[],"indicator":98,"ius":"Male sterilization (vasectomies) to total sterilization:Percent:Total","rank":1,"src":6,"subgrp":1,"top":[],"tp":"2008-2009","trend":"na","value":"100.0","slugiddata":189193,"dKPIRSrs":false,"dNITIRSrs":false,"tps":"","dTHEMATICRSrs":true},{"_id":"189847","area":"IND001009","below":[],"indicator":98,"ius":"Male sterilization (vasectomies) to total sterilization:Percent:Total","rank":2,"src":6,"subgrp":1,"top":[],"tp":"2009-2010","trend":"dn","value":"32.8","slugiddata":189847,"dKPIRSrs":false,"dNITIRSrs":false,"tps":"","dTHEMATICRSrs":true},{"_id":"190511","area":"IND001009","below":[],"indicator":98,"ius":"Male sterilization (vasectomies) to total sterilization:Percent:Total","rank":5,"src":6,"subgrp":1,"top":[],"tp":"2010-2011","trend":"dn","value":"9.0","slugiddata":190511,"dKPIRSrs":false,"dNITIRSrs":false,"tps":"","dTHEMATICRSrs":true},{"_id":"191180","area":"IND001009","below":[],"indicator":98,"ius":"Male sterilization (vasectomies) to total sterilization:Percent:Total","rank":7,"src":6,"subgrp":1,"top":[],"tp":"2011-2012","trend":"dn","value":"6.8","slugiddata":191180,"dKPIRSrs":false,"dNITIRSrs":false,"tps":"","dTHEMATICRSrs":true},{"_id":"191867","area":"IND001009","below":[],"indicator":98,"ius":"Male sterilization (vasectomies) to total sterilization:Percent:Total","rank":6,"src":6,"subgrp":1,"top":[],"tp":"2012-2013","trend":"dn","value":"5.0","slugiddata":191867,"dKPIRSrs":false,"dNITIRSrs":false,"tps":"","dTHEMATICRSrs":true},{"_id":"192555","area":"IND001009","below":[],"indicator":98,"ius":"Male sterilization (vasectomies) to total sterilization:Percent:Total","rank":3,"src":6,"subgrp":1,"top":[],"tp":"2013-2014","trend":"up","value":"10.2","slugiddata":192555,"dKPIRSrs":false,"dNITIRSrs":false,"tps":"","dTHEMATICRSrs":true},{"_id":"193238","area":"IND001009","below":[],"indicator":98,"ius":"Male sterilization (vasectomies) to total sterilization:Percent:Total","rank":2,"src":6,"subgrp":1,"top":[],"tp":"2014-2015","trend":"up","value":"11.1","slugiddata":193238,"dKPIRSrs":false,"dNITIRSrs":false,"tps":"","dTHEMATICRSrs":true},{"_id":"193934","area":"IND001009","below":[],"indicator":98,"ius":"Male sterilization (vasectomies) to total sterilization:Percent:Total","rank":5,"src":6,"subgrp":1,"top":[],"tp":"2015-2016","trend":"dn","value":"3.3","slugiddata":193934,"dKPIRSrs":false,"dNITIRSrs":false,"tps":"","dTHEMATICRSrs":true},{"_id":"194629","area":"IND001009","below":[],"indicator":98,"ius":"Male sterilization (vasectomies) to total sterilization:Percent:Total","rank":9,"src":6,"subgrp":1,"top":[],"tp":"2016-2017","trend":"dn","value":"0.9","slugiddata":194629,"dKPIRSrs":false,"dNITIRSrs":false,"tps":"","dTHEMATICRSrs":true},{"_id":"195945","area":"IND001009","below":[],"indicator":99,"ius":"Post partum sterilizations to total female sterilizations:Percent:Total","rank":10,"src":6,"subgrp":1,"top":[],"tp":"2009-2010","trend":"na","value":"9.0","slugiddata":195945,"dKPIRSrs":false,"dNITIRSrs":false,"tps":"","dTHEMATICRSrs":false},{"_id":"196607","area":"IND001009","below":[],"indicator":99,"ius":"Post partum sterilizations to total female sterilizations:Percent:Total","rank":13,"src":6,"subgrp":1,"top":[],"tp":"2010-2011","trend":"dn","value":"37.2","slugiddata":196607,"dKPIRSrs":false,"dNITIRSrs":false,"tps":"","dTHEMATICRSrs":false},{"_id":"197272","area":"IND001009","below":[],"indicator":99,"ius":"Post partum sterilizations to total female sterilizations:Percent:Total","rank":11,"src":6,"subgrp":1,"top":[],"tp":"2011-2012","trend":"up","value":"9.8","slugiddata":197272,"dKPIRSrs":false,"dNITIRSrs":false,"tps":"","dTHEMATICRSrs":false},{"_id":"197959","area":"IND001009","below":[],"indicator":99,"ius":"Post partum sterilizations to total female sterilizations:Percent:Total","rank":17,"src":6,"subgrp":1,"top":[],"tp":"2012-2013","trend":"dn","value":"45.3","slugiddata":197959,"dKPIRSrs":false,"dNITIRSrs":false,"tps":"","dTHEMATICRSrs":false},{"_id":"198646","area":"IND001009","below":[],"indicator":99,"ius":"Post partum sterilizations to total female sterilizations:Percent:Total","rank":15,"src":6,"subgrp":1,"top":[],"tp":"2013-2014","trend":"dn","value":"73.0","slugiddata":198646,"dKPIRSrs":false,"dNITIRSrs":false,"tps":"","dTHEMATICRSrs":false},{"_id":"199329","area":"IND001009","below":[],"indicator":99,"ius":"Post partum sterilizations to total female sterilizations:Percent:Total","rank":16,"src":6,"subgrp":1,"top":[],"tp":"2014-2015","trend":"dn","value":"73.4","slugiddata":199329,"dKPIRSrs":false,"dNITIRSrs":false,"tps":"","dTHEMATICRSrs":false},{"_id":"200025","area":"IND001009","below":[],"indicator":99,"ius":"Post partum sterilizations to total female sterilizations:Percent:Total","rank":10,"src":6,"subgrp":1,"top":[],"tp":"2015-2016","trend":"up","value":"34.5","slugiddata":200025,"dKPIRSrs":false,"dNITIRSrs":false,"tps":"","dTHEMATICRSrs":false},{"_id":"200718","area":"IND001009","below":[],"indicator":99,"ius":"Post partum sterilizations to total female sterilizations:Percent:Total","rank":1,"src":6,"subgrp":1,"top":[],"tp":"2016-2017","trend":"up","value":"0.0","slugiddata":200718,"dKPIRSrs":false,"dNITIRSrs":false,"tps":"","dTHEMATICRSrs":false},{"_id":"207620","area":"IND001009","below":[],"indicator":101,"ius":"IUCD insertions in public plus private institutions to all family planning methods ( IUCD plus permanent):Percent:Total","rank":5,"src":6,"subgrp":1,"top":[],"tp":"2008-2009","trend":"na","value":"90.4","slugiddata":207620,"dKPIRSrs":false,"dNITIRSrs":false,"tps":"","dTHEMATICRSrs":true},{"_id":"208288","area":"IND001009","below":[],"indicator":101,"ius":"IUCD insertions in public plus private institutions to all family planning methods ( IUCD plus permanent):Percent:Total","rank":7,"src":6,"subgrp":1,"top":[],"tp":"2009-2010","trend":"dn","value":"74.1","slugiddata":208288,"dKPIRSrs":false,"dNITIRSrs":false,"tps":"","dTHEMATICRSrs":true},{"_id":"208960","area":"IND001009","below":[],"indicator":101,"ius":"IUCD insertions in public plus private institutions to all family planning methods ( IUCD plus permanent):Percent:Total","rank":7,"src":6,"subgrp":1,"top":[],"tp":"2010-2011","trend":"dn","value":"73.6","slugiddata":208960,"dKPIRSrs":false,"dNITIRSrs":false,"tps":"","dTHEMATICRSrs":true},{"_id":"209641","area":"IND001009","below":[],"indicator":101,"ius":"IUCD insertions in public plus private institutions to all family planning methods ( IUCD plus permanent):Percent:Total","rank":17,"src":6,"subgrp":1,"top":[],"tp":"2011-2012","trend":"dn","value":"35.0","slugiddata":209641,"dKPIRSrs":false,"dNITIRSrs":false,"tps":"","dTHEMATICRSrs":true},{"_id":"210339","area":"IND001009","below":[],"indicator":101,"ius":"IUCD insertions in public plus private institutions to all family planning methods ( IUCD plus permanent):Percent:Total","rank":10,"src":6,"subgrp":1,"top":[],"tp":"2012-2013","trend":"up","value":"65.1","slugiddata":210339,"dKPIRSrs":false,"dNITIRSrs":false,"tps":"","dTHEMATICRSrs":true},{"_id":"211039","area":"IND001009","below":[],"indicator":101,"ius":"IUCD insertions in public plus private institutions to all family planning methods ( IUCD plus permanent):Percent:Total","rank":9,"src":6,"subgrp":1,"top":[],"tp":"2013-2014","trend":"dn","value":"62.8","slugiddata":211039,"dKPIRSrs":false,"dNITIRSrs":false,"tps":"","dTHEMATICRSrs":true},{"_id":"211735","area":"IND001009","below":[],"indicator":101,"ius":"IUCD insertions in public plus private institutions to all family planning methods ( IUCD plus permanent):Percent:Total","rank":6,"src":6,"subgrp":1,"top":[],"tp":"2014-2015","trend":"up","value":"79.5","slugiddata":211735,"dKPIRSrs":false,"dNITIRSrs":false,"tps":"","dTHEMATICRSrs":true},{"_id":"212446","area":"IND001009","below":[],"indicator":101,"ius":"IUCD insertions in public plus private institutions to all family planning methods ( IUCD plus permanent):Percent:Total","rank":12,"src":6,"subgrp":1,"top":[],"tp":"2015-2016","trend":"dn","value":"59.8","slugiddata":212446,"dKPIRSrs":false,"dNITIRSrs":false,"tps":"","dTHEMATICRSrs":true},{"_id":"213159","area":"IND001009","below":[],"indicator":101,"ius":"IUCD insertions in public plus private institutions to all family planning methods ( IUCD plus permanent):Percent:Total","rank":6,"src":6,"subgrp":1,"top":[],"tp":"2016-2017","trend":"up","value":"73.7","slugiddata":213159,"dKPIRSrs":false,"dNITIRSrs":false,"tps":"","dTHEMATICRSrs":true},{"_id":"213840","area":"IND001009","below":[],"indicator":102,"ius":"Newborns given BCG to reported live birth:Percent:Total","rank":1,"src":6,"subgrp":1,"top":[],"tp":"2008-2009","trend":"na","value":"986.0","slugiddata":213840,"dKPIRSrs":false,"dNITIRSrs":false,"tps":"","dTHEMATICRSrs":true},{"_id":"214504","area":"IND001009","below":[],"indicator":102,"ius":"Newborns given BCG to reported live birth:Percent:Total","rank":1,"src":6,"subgrp":1,"top":[],"tp":"2009-2010","trend":"dn","value":"290.0","slugiddata":214504,"dKPIRSrs":false,"dNITIRSrs":false,"tps":"","dTHEMATICRSrs":true},{"_id":"215176","area":"IND001009","below":[],"indicator":102,"ius":"Newborns given BCG to reported live birth:Percent:Total","rank":4,"src":6,"subgrp":1,"top":[],"tp":"2010-2011","trend":"dn","value":"200.4","slugiddata":215176,"dKPIRSrs":false,"dNITIRSrs":false,"tps":"","dTHEMATICRSrs":true},{"_id":"215857","area":"IND001009","below":[],"indicator":102,"ius":"Newborns given BCG to reported live birth:Percent:Total","rank":7,"src":6,"subgrp":1,"top":[],"tp":"2011-2012","trend":"dn","value":"151.5","slugiddata":215857,"dKPIRSrs":false,"dNITIRSrs":false,"tps":"","dTHEMATICRSrs":true},{"_id":"216556","area":"IND001009","below":[],"indicator":102,"ius":"Newborns given BCG to reported live birth:Percent:Total","rank":6,"src":6,"subgrp":1,"top":[],"tp":"2012-2013","trend":"dn","value":"125.9","slugiddata":216556,"dKPIRSrs":false,"dNITIRSrs":false,"tps":"","dTHEMATICRSrs":true},{"_id":"217256","area":"IND001009","below":[],"indicator":102,"ius":"Newborns given BCG to reported live birth:Percent:Total","rank":11,"src":6,"subgrp":1,"top":[],"tp":"2013-2014","trend":"dn","value":"115.6","slugiddata":217256,"dKPIRSrs":false,"dNITIRSrs":false,"tps":"","dTHEMATICRSrs":true},{"_id":"217953","area":"IND001009","below":[],"indicator":102,"ius":"Newborns given BCG to reported live birth:Percent:Total","rank":9,"src":6,"subgrp":1,"top":[],"tp":"2014-2015","trend":"up","value":"116.3","slugiddata":217953,"dKPIRSrs":false,"dNITIRSrs":false,"tps":"","dTHEMATICRSrs":true},{"_id":"218664","area":"IND001009","below":[],"indicator":102,"ius":"Newborns given BCG to reported live birth:Percent:Total","rank":3,"src":6,"subgrp":1,"top":[],"tp":"2015-2016","trend":"up","value":"129.1","slugiddata":218664,"dKPIRSrs":false,"dNITIRSrs":false,"tps":"","dTHEMATICRSrs":true},{"_id":"219377","area":"IND001009","below":[],"indicator":102,"ius":"Newborns given BCG to reported live birth:Percent:Total","rank":6,"src":6,"subgrp":1,"top":[],"tp":"2016-2017","trend":"dn","value":"118.5","slugiddata":219377,"dKPIRSrs":false,"dNITIRSrs":false,"tps":"","dTHEMATICRSrs":true},{"_id":"220058","area":"IND001009","below":[],"indicator":103,"ius":"Infants 0 to 11 months old who received measles vaccine to reported live births:Percent:Total","rank":1,"src":6,"subgrp":1,"top":[],"tp":"2008-2009","trend":"na","value":"730.0","slugiddata":220058,"dKPIRSrs":false,"dNITIRSrs":false,"tps":"","dTHEMATICRSrs":true},{"_id":"220722","area":"IND001009","below":[],"indicator":103,"ius":"Infants 0 to 11 months old who received measles vaccine to reported live births:Percent:Total","rank":2,"src":6,"subgrp":1,"top":[],"tp":"2009-2010","trend":"dn","value":"333.1","slugiddata":220722,"dKPIRSrs":false,"dNITIRSrs":false,"tps":"","dTHEMATICRSrs":true},{"_id":"221394","area":"IND001009","below":[],"indicator":103,"ius":"Infants 0 to 11 months old who received measles vaccine to reported live births:Percent:Total","rank":10,"src":6,"subgrp":1,"top":[],"tp":"2010-2011","trend":"dn","value":"180.2","slugiddata":221394,"dKPIRSrs":false,"dNITIRSrs":false,"tps":"","dTHEMATICRSrs":true},{"_id":"222075","area":"IND001009","below":[],"indicator":103,"ius":"Infants 0 to 11 months old who received measles vaccine to reported live births:Percent:Total","rank":6,"src":6,"subgrp":1,"top":[],"tp":"2011-2012","trend":"up","value":"204.8","slugiddata":222075,"dKPIRSrs":false,"dNITIRSrs":false,"tps":"","dTHEMATICRSrs":true},{"_id":"222774","area":"IND001009","below":[],"indicator":103,"ius":"Infants 0 to 11 months old who received measles vaccine to reported live births:Percent:Total","rank":6,"src":6,"subgrp":1,"top":[],"tp":"2012-2013","trend":"dn","value":"173.0","slugiddata":222774,"dKPIRSrs":false,"dNITIRSrs":false,"tps":"","dTHEMATICRSrs":true},{"_id":"223474","area":"IND001009","below":[],"indicator":103,"ius":"Infants 0 to 11 months old who received measles vaccine to reported live births:Percent:Total","rank":7,"src":6,"subgrp":1,"top":[],"tp":"2013-2014","trend":"dn","value":"170.2","slugiddata":223474,"dKPIRSrs":false,"dNITIRSrs":false,"tps":"","dTHEMATICRSrs":true},{"_id":"224171","area":"IND001009","below":[],"indicator":103,"ius":"Infants 0 to 11 months old who received measles vaccine to reported live births:Percent:Total","rank":8,"src":6,"subgrp":1,"top":[],"tp":"2014-2015","trend":"dn","value":"163.7","slugiddata":224171,"dKPIRSrs":false,"dNITIRSrs":false,"tps":"","dTHEMATICRSrs":true},{"_id":"224882","area":"IND001009","below":[],"indicator":103,"ius":"Infants 0 to 11 months old who received measles vaccine to reported live births:Percent:Total","rank":6,"src":6,"subgrp":1,"top":[],"tp":"2015-2016","trend":"up","value":"219.4","slugiddata":224882,"dKPIRSrs":false,"dNITIRSrs":false,"tps":"","dTHEMATICRSrs":true},{"_id":"225595","area":"IND001009","below":[],"indicator":103,"ius":"Infants 0 to 11 months old who received measles vaccine to reported live births:Percent:Total","rank":5,"src":6,"subgrp":1,"top":[],"tp":"2016-2017","trend":"dn","value":"194.9","slugiddata":225595,"dKPIRSrs":false,"dNITIRSrs":false,"tps":"","dTHEMATICRSrs":true},{"_id":"232381","area":"IND001009","below":[],"indicator":14,"ius":"Institutional delivery:Percent:Total","rank":7,"src":6,"subgrp":1,"top":[],"tp":"2008-2009","trend":"na","value":"80.0","slugiddata":232381,"dKPIRSrs":false,"dNITIRSrs":false,"tps":"","dTHEMATICRSrs":false},{"_id":"233050","area":"IND001009","below":[],"indicator":14,"ius":"Institutional delivery:Percent:Total","rank":11,"src":6,"subgrp":1,"top":[],"tp":"2009-2010","trend":"dn","value":"67.2","slugiddata":233050,"dKPIRSrs":false,"dNITIRSrs":false,"tps":"","dTHEMATICRSrs":false},{"_id":"233722","area":"IND001009","below":[],"indicator":14,"ius":"Institutional delivery:Percent:Total","rank":15,"src":6,"subgrp":1,"top":[],"tp":"2010-2011","trend":"dn","value":"66.5","slugiddata":233722,"dKPIRSrs":false,"dNITIRSrs":false,"tps":"","dTHEMATICRSrs":false},{"_id":"234403","area":"IND001009","below":[],"indicator":14,"ius":"Institutional delivery:Percent:Total","rank":13,"src":6,"subgrp":1,"top":[],"tp":"2011-2012","trend":"up","value":"80.0","slugiddata":234403,"dKPIRSrs":false,"dNITIRSrs":false,"tps":"","dTHEMATICRSrs":false},{"_id":"235102","area":"IND001009","below":[],"indicator":14,"ius":"Institutional delivery:Percent:Total","rank":11,"src":6,"subgrp":1,"top":[],"tp":"2012-2013","trend":"up","value":"88.8","slugiddata":235102,"dKPIRSrs":false,"dNITIRSrs":false,"tps":"","dTHEMATICRSrs":false},{"_id":"235802","area":"IND001009","below":[],"indicator":14,"ius":"Institutional delivery:Percent:Total","rank":9,"src":6,"subgrp":1,"top":[],"tp":"2013-2014","trend":"up","value":"94.2","slugiddata":235802,"dKPIRSrs":false,"dNITIRSrs":false,"tps":"","dTHEMATICRSrs":false},{"_id":"236499","area":"IND001009","below":[],"indicator":14,"ius":"Institutional delivery:Percent:Total","rank":9,"src":6,"subgrp":1,"top":[],"tp":"2014-2015","trend":"up","value":"95.5","slugiddata":236499,"dKPIRSrs":false,"dNITIRSrs":false,"tps":"","dTHEMATICRSrs":false},{"_id":"237210","area":"IND001009","below":[],"indicator":14,"ius":"Institutional delivery:Percent:Total","rank":9,"src":6,"subgrp":1,"top":[],"tp":"2015-2016","trend":"dn","value":"93.9","slugiddata":237210,"dKPIRSrs":false,"dNITIRSrs":false,"tps":"","dTHEMATICRSrs":false},{"_id":"237923","area":"IND001009","below":[],"indicator":14,"ius":"Institutional delivery:Percent:Total","rank":7,"src":6,"subgrp":1,"top":[],"tp":"2016-2017","trend":"up","value":"95.1","slugiddata":237923,"dKPIRSrs":false,"dNITIRSrs":false,"tps":"","dTHEMATICRSrs":false},{"_id":"238607","area":"IND001009","below":[],"indicator":11,"ius":"Institutional delivery in public/government health facility:Percent:Total","rank":4,"src":6,"subgrp":1,"top":[],"tp":"2008-2009","trend":"na","value":"74.5","slugiddata":238607,"dKPIRSrs":false,"dNITIRSrs":false,"tps":"","dTHEMATICRSrs":false},{"_id":"239276","area":"IND001009","below":[],"indicator":11,"ius":"Institutional delivery in public/government health facility:Percent:Total","rank":6,"src":6,"subgrp":1,"top":[],"tp":"2009-2010","trend":"up","value":"99.2","slugiddata":239276,"dKPIRSrs":false,"dNITIRSrs":false,"tps":"","dTHEMATICRSrs":false},{"_id":"239948","area":"IND001009","below":[],"indicator":11,"ius":"Institutional delivery in public/government health facility:Percent:Total","rank":10,"src":6,"subgrp":1,"top":[],"tp":"2010-2011","trend":"dn","value":"77.2","slugiddata":239948,"dKPIRSrs":false,"dNITIRSrs":false,"tps":"","dTHEMATICRSrs":false},{"_id":"240629","area":"IND001009","below":[],"indicator":11,"ius":"Institutional delivery in public/government health facility:Percent:Total","rank":7,"src":6,"subgrp":1,"top":[],"tp":"2011-2012","trend":"up","value":"95.2","slugiddata":240629,"dKPIRSrs":false,"dNITIRSrs":false,"tps":"","dTHEMATICRSrs":false},{"_id":"241328","area":"IND001009","below":[],"indicator":11,"ius":"Institutional delivery in public/government health facility:Percent:Total","rank":1,"src":6,"subgrp":1,"top":[],"tp":"2012-2013","trend":"up","value":"100.0","slugiddata":241328,"dKPIRSrs":false,"dNITIRSrs":false,"tps":"","dTHEMATICRSrs":false},{"_id":"242028","area":"IND001009","below":[],"indicator":11,"ius":"Institutional delivery in public/government health facility:Percent:Total","rank":1,"src":6,"subgrp":1,"top":[],"tp":"2013-2014","trend":"eq","value":"100.0","slugiddata":242028,"dKPIRSrs":false,"dNITIRSrs":false,"tps":"","dTHEMATICRSrs":false},{"_id":"242725","area":"IND001009","below":[],"indicator":11,"ius":"Institutional delivery in public/government health facility:Percent:Total","rank":1,"src":6,"subgrp":1,"top":[],"tp":"2014-2015","trend":"eq","value":"100.0","slugiddata":242725,"dKPIRSrs":false,"dNITIRSrs":false,"tps":"","dTHEMATICRSrs":false},{"_id":"243436","area":"IND001009","below":[],"indicator":11,"ius":"Institutional delivery in public/government health facility:Percent:Total","rank":1,"src":6,"subgrp":1,"top":[],"tp":"2015-2016","trend":"eq","value":"100.0","slugiddata":243436,"dKPIRSrs":false,"dNITIRSrs":false,"tps":"","dTHEMATICRSrs":false},{"_id":"244149","area":"IND001009","below":[],"indicator":11,"ius":"Institutional delivery in public/government health facility:Percent:Total","rank":1,"src":6,"subgrp":1,"top":[],"tp":"2016-2017","trend":"eq","value":"100.0","slugiddata":244149,"dKPIRSrs":false,"dNITIRSrs":false,"tps":"","dTHEMATICRSrs":false},{"_id":"251439","area":"IND001009","below":[],"indicator":105,"ius":"Adolescent counselled:Number:Total","rank":15,"src":6,"subgrp":1,"top":[],"tp":"2009-2010","trend":"na","value":"49.0","slugiddata":251439,"dKPIRSrs":false,"dNITIRSrs":false,"tps":"","dTHEMATICRSrs":true},{"_id":"251922","area":"IND001009","below":[],"indicator":105,"ius":"Adolescent counselled:Number:Total","rank":17,"src":6,"subgrp":1,"top":[],"tp":"2010-2011","trend":"up","value":"146.0","slugiddata":251922,"dKPIRSrs":false,"dNITIRSrs":false,"tps":"","dTHEMATICRSrs":true},{"_id":"252471","area":"IND001009","below":[],"indicator":105,"ius":"Adolescent counselled:Number:Total","rank":19,"src":6,"subgrp":1,"top":[],"tp":"2011-2012","trend":"up","value":"230.0","slugiddata":252471,"dKPIRSrs":false,"dNITIRSrs":false,"tps":"","dTHEMATICRSrs":true},{"_id":"253107","area":"IND001009","below":[],"indicator":105,"ius":"Adolescent counselled:Number:Total","rank":20,"src":6,"subgrp":1,"top":[],"tp":"2012-2013","trend":"up","value":"266.0","slugiddata":253107,"dKPIRSrs":false,"dNITIRSrs":false,"tps":"","dTHEMATICRSrs":true},{"_id":"253769","area":"IND001009","below":[],"indicator":105,"ius":"Adolescent counselled:Number:Total","rank":11,"src":6,"subgrp":1,"top":[],"tp":"2013-2014","trend":"up","value":"2428.0","slugiddata":253769,"dKPIRSrs":false,"dNITIRSrs":false,"tps":"","dTHEMATICRSrs":true},{"_id":"254460","area":"IND001009","below":[],"indicator":105,"ius":"Adolescent counselled:Number:Total","rank":10,"src":6,"subgrp":1,"top":[],"tp":"2014-2015","trend":"up","value":"2606.0","slugiddata":254460,"dKPIRSrs":false,"dNITIRSrs":false,"tps":"","dTHEMATICRSrs":true},{"_id":"255169","area":"IND001009","below":[],"indicator":105,"ius":"Adolescent counselled:Number:Total","rank":14,"src":6,"subgrp":1,"top":[],"tp":"2015-2016","trend":"up","value":"2610.0","slugiddata":255169,"dKPIRSrs":false,"dNITIRSrs":false,"tps":"","dTHEMATICRSrs":true},{"_id":"255879","area":"IND001009","below":[],"indicator":105,"ius":"Adolescent counselled:Number:Total","rank":16,"src":6,"subgrp":1,"top":[],"tp":"2016-2017","trend":"dn","value":"1732.0","slugiddata":255879,"dKPIRSrs":false,"dNITIRSrs":false,"tps":"","dTHEMATICRSrs":true},{"_id":"262827","area":"IND001009","below":[],"indicator":88,"ius":"1st trimester registration to total ANC registrations:Percent:Total","rank":6,"src":6,"subgrp":1,"top":[],"tp":"2017-2018","trend":"up","value":"82.2","slugiddata":262827,"dKPIRSrs":false,"dNITIRSrs":true,"tps":"","dTHEMATICRSrs":false},{"_id":"263563","area":"IND001009","below":[],"indicator":48,"ius":"Mothers who had at least 4 antenatal care visits:Percent:Total","rank":10,"src":6,"subgrp":1,"top":[],"tp":"2017-2018","trend":"na","value":"67.6","slugiddata":263563,"dKPIRSrs":false,"dNITIRSrs":true,"tps":"","dTHEMATICRSrs":false},{"_id":"264298","area":"IND001009","below":[],"indicator":12,"ius":"Home delivery conducted by skilled health personnel:Percent:Total","rank":5,"src":6,"subgrp":1,"top":[],"tp":"2017-2018","trend":"dn","value":"24.8","slugiddata":264298,"dKPIRSrs":false,"dNITIRSrs":true,"tps":"","dTHEMATICRSrs":false},{"_id":"265026","area":"IND001009","below":[],"indicator":112,"ius":"Newborns having weight less than 2.5 kg to newborns weighed at birth:Percent:Total","rank":5,"src":6,"subgrp":1,"top":[],"tp":"2017-2018","trend":"dn","value":"1.5","slugiddata":265026,"dKPIRSrs":true,"dNITIRSrs":true,"tps":"","dTHEMATICRSrs":false},{"_id":"265762","area":"IND001009","below":[],"indicator":111,"ius":"Newborns breastfed within 1 hour of birth to total live birth:Percent:Total","rank":15,"src":6,"subgrp":1,"top":[],"tp":"2017-2018","trend":"dn","value":"90.3","slugiddata":265762,"dKPIRSrs":false,"dNITIRSrs":true,"tps":"","dTHEMATICRSrs":false},{"_id":"266498","area":"IND001009","below":[],"indicator":109,"ius":"Percentage of institutional deliveries out of total ANC registration:Percent:Total","rank":17,"src":6,"subgrp":1,"top":[],"tp":"2017-2018","trend":"dn","value":"39.8","slugiddata":266498,"dKPIRSrs":false,"dNITIRSrs":true,"tps":"","dTHEMATICRSrs":false},{"_id":"267234","area":"IND001009","below":[],"indicator":108,"ius":"Percentage of PW having Hb level<11 (tested cases) (7.1 to 10.9) against total ANC registration:Percent:Total","rank":11,"src":6,"subgrp":1,"top":[],"tp":"2017-2018","trend":"up","value":"64.9","slugiddata":267234,"dKPIRSrs":false,"dNITIRSrs":true,"tps":"","dTHEMATICRSrs":false},{"_id":"267970","area":"IND001009","below":[],"indicator":113,"ius":"Percentage of PW having Hb level<7 (tested cases) against total ANC registration:Percent:Total","rank":14,"src":6,"subgrp":1,"top":[],"tp":"2017-2018","trend":"dn","value":"2.6","slugiddata":267970,"dKPIRSrs":false,"dNITIRSrs":true,"tps":"","dTHEMATICRSrs":false},{"_id":"268706","area":"IND001009","below":[],"indicator":110,"ius":"Proportion of live babies weighed at birth:Percent:Total","rank":12,"src":6,"subgrp":1,"top":[],"tp":"2017-2018","trend":"up","value":"96.2","slugiddata":268706,"dKPIRSrs":false,"dNITIRSrs":true,"tps":"","dTHEMATICRSrs":false},{"_id":"269411","area":"IND001009","below":[],"indicator":108,"ius":"Percentage of PW having Hb level<11 (tested cases) (7.1 to 10.9) against total ANC registration:Percent:Total","rank":16,"src":6,"subgrp":1,"top":[],"tp":"2008-2009","trend":"na","value":"26.7","slugiddata":269411,"dKPIRSrs":false,"dNITIRSrs":true,"tps":"","dTHEMATICRSrs":false},{"_id":"270080","area":"IND001009","below":[],"indicator":108,"ius":"Percentage of PW having Hb level<11 (tested cases) (7.1 to 10.9) against total ANC registration:Percent:Total","rank":17,"src":6,"subgrp":1,"top":[],"tp":"2009-2010","trend":"dn","value":"28.4","slugiddata":270080,"dKPIRSrs":false,"dNITIRSrs":true,"tps":"","dTHEMATICRSrs":false},{"_id":"270752","area":"IND001009","below":[],"indicator":108,"ius":"Percentage of PW having Hb level<11 (tested cases) (7.1 to 10.9) against total ANC registration:Percent:Total","rank":17,"src":6,"subgrp":1,"top":[],"tp":"2010-2011","trend":"dn","value":"34.4","slugiddata":270752,"dKPIRSrs":false,"dNITIRSrs":true,"tps":"","dTHEMATICRSrs":false},{"_id":"271432","area":"IND001009","below":[],"indicator":108,"ius":"Percentage of PW having Hb level<11 (tested cases) (7.1 to 10.9) against total ANC registration:Percent:Total","rank":19,"src":6,"subgrp":1,"top":[],"tp":"2011-2012","trend":"dn","value":"46.2","slugiddata":271432,"dKPIRSrs":false,"dNITIRSrs":true,"tps":"","dTHEMATICRSrs":false},{"_id":"272131","area":"IND001009","below":[],"indicator":108,"ius":"Percentage of PW having Hb level<11 (tested cases) (7.1 to 10.9) against total ANC registration:Percent:Total","rank":17,"src":6,"subgrp":1,"top":[],"tp":"2012-2013","trend":"dn","value":"55.8","slugiddata":272131,"dKPIRSrs":false,"dNITIRSrs":true,"tps":"","dTHEMATICRSrs":false},{"_id":"272831","area":"IND001009","below":[],"indicator":108,"ius":"Percentage of PW having Hb level<11 (tested cases) (7.1 to 10.9) against total ANC registration:Percent:Total","rank":19,"src":6,"subgrp":1,"top":[],"tp":"2013-2014","trend":"dn","value":"66.1","slugiddata":272831,"dKPIRSrs":false,"dNITIRSrs":true,"tps":"","dTHEMATICRSrs":false},{"_id":"273528","area":"IND001009","below":[],"indicator":108,"ius":"Percentage of PW having Hb level<11 (tested cases) (7.1 to 10.9) against total ANC registration:Percent:Total","rank":19,"src":6,"subgrp":1,"top":[],"tp":"2014-2015","trend":"dn","value":"82.8","slugiddata":273528,"dKPIRSrs":false,"dNITIRSrs":true,"tps":"","dTHEMATICRSrs":false},{"_id":"274239","area":"IND001009","below":[],"indicator":108,"ius":"Percentage of PW having Hb level<11 (tested cases) (7.1 to 10.9) against total ANC registration:Percent:Total","rank":18,"src":6,"subgrp":1,"top":[],"tp":"2015-2016","trend":"up","value":"70.4","slugiddata":274239,"dKPIRSrs":false,"dNITIRSrs":true,"tps":"","dTHEMATICRSrs":false},{"_id":"274952","area":"IND001009","below":[],"indicator":108,"ius":"Percentage of PW having Hb level<11 (tested cases) (7.1 to 10.9) against total ANC registration:Percent:Total","rank":12,"src":6,"subgrp":1,"top":[],"tp":"2016-2017","trend":"dn","value":"70.9","slugiddata":274952,"dKPIRSrs":false,"dNITIRSrs":true,"tps":"","dTHEMATICRSrs":false},{"_id":"275636","area":"IND001009","below":[],"indicator":113,"ius":"Percentage of PW having Hb level<7 (tested cases) against total ANC registration:Percent:Total","rank":8,"src":6,"subgrp":1,"top":[],"tp":"2008-2009","trend":"na","value":"2.2","slugiddata":275636,"dKPIRSrs":false,"dNITIRSrs":true,"tps":"","dTHEMATICRSrs":false},{"_id":"276305","area":"IND001009","below":[],"indicator":113,"ius":"Percentage of PW having Hb level<7 (tested cases) against total ANC registration:Percent:Total","rank":16,"src":6,"subgrp":1,"top":[],"tp":"2009-2010","trend":"dn","value":"6.6","slugiddata":276305,"dKPIRSrs":false,"dNITIRSrs":true,"tps":"","dTHEMATICRSrs":false},{"_id":"276977","area":"IND001009","below":[],"indicator":113,"ius":"Percentage of PW having Hb level<7 (tested cases) against total ANC registration:Percent:Total","rank":15,"src":6,"subgrp":1,"top":[],"tp":"2010-2011","trend":"dn","value":"7.6","slugiddata":276977,"dKPIRSrs":false,"dNITIRSrs":true,"tps":"","dTHEMATICRSrs":false},{"_id":"277657","area":"IND001009","below":[],"indicator":113,"ius":"Percentage of PW having Hb level<7 (tested cases) against total ANC registration:Percent:Total","rank":14,"src":6,"subgrp":1,"top":[],"tp":"2011-2012","trend":"up","value":"6.1","slugiddata":277657,"dKPIRSrs":false,"dNITIRSrs":true,"tps":"","dTHEMATICRSrs":false},{"_id":"278356","area":"IND001009","below":[],"indicator":113,"ius":"Percentage of PW having Hb level<7 (tested cases) against total ANC registration:Percent:Total","rank":19,"src":6,"subgrp":1,"top":[],"tp":"2012-2013","trend":"dn","value":"6.8","slugiddata":278356,"dKPIRSrs":false,"dNITIRSrs":true,"tps":"","dTHEMATICRSrs":false},{"_id":"279056","area":"IND001009","below":[],"indicator":113,"ius":"Percentage of PW having Hb level<7 (tested cases) against total ANC registration:Percent:Total","rank":17,"src":6,"subgrp":1,"top":[],"tp":"2013-2014","trend":"up","value":"6.0","slugiddata":279056,"dKPIRSrs":false,"dNITIRSrs":true,"tps":"","dTHEMATICRSrs":false},{"_id":"279753","area":"IND001009","below":[],"indicator":113,"ius":"Percentage of PW having Hb level<7 (tested cases) against total ANC registration:Percent:Total","rank":15,"src":6,"subgrp":1,"top":[],"tp":"2014-2015","trend":"up","value":"2.5","slugiddata":279753,"dKPIRSrs":false,"dNITIRSrs":true,"tps":"","dTHEMATICRSrs":false},{"_id":"280464","area":"IND001009","below":[],"indicator":113,"ius":"Percentage of PW having Hb level<7 (tested cases) against total ANC registration:Percent:Total","rank":11,"src":6,"subgrp":1,"top":[],"tp":"2015-2016","trend":"dn","value":"2.7","slugiddata":280464,"dKPIRSrs":false,"dNITIRSrs":true,"tps":"","dTHEMATICRSrs":false},{"_id":"281177","area":"IND001009","below":[],"indicator":113,"ius":"Percentage of PW having Hb level<7 (tested cases) against total ANC registration:Percent:Total","rank":11,"src":6,"subgrp":1,"top":[],"tp":"2016-2017","trend":"up","value":"1.9","slugiddata":281177,"dKPIRSrs":false,"dNITIRSrs":true,"tps":"","dTHEMATICRSrs":false},{"_id":"281861","area":"IND001009","below":[],"indicator":109,"ius":"Percentage of institutional deliveries out of total ANC registration:Percent:Total","rank":21,"src":6,"subgrp":1,"top":[],"tp":"2008-2009","trend":"na","value":"16.1","slugiddata":281861,"dKPIRSrs":false,"dNITIRSrs":true,"tps":"","dTHEMATICRSrs":false},{"_id":"282530","area":"IND001009","below":[],"indicator":109,"ius":"Percentage of institutional deliveries out of total ANC registration:Percent:Total","rank":20,"src":6,"subgrp":1,"top":[],"tp":"2009-2010","trend":"dn","value":"14.4","slugiddata":282530,"dKPIRSrs":false,"dNITIRSrs":true,"tps":"","dTHEMATICRSrs":false},{"_id":"283202","area":"IND001009","below":[],"indicator":109,"ius":"Percentage of institutional deliveries out of total ANC registration:Percent:Total","rank":15,"src":6,"subgrp":1,"top":[],"tp":"2010-2011","trend":"up","value":"28.3","slugiddata":283202,"dKPIRSrs":false,"dNITIRSrs":true,"tps":"","dTHEMATICRSrs":false},{"_id":"283882","area":"IND001009","below":[],"indicator":109,"ius":"Percentage of institutional deliveries out of total ANC registration:Percent:Total","rank":22,"src":6,"subgrp":1,"top":[],"tp":"2011-2012","trend":"dn","value":"16.9","slugiddata":283882,"dKPIRSrs":false,"dNITIRSrs":true,"tps":"","dTHEMATICRSrs":false},{"_id":"284581","area":"IND001009","below":[],"indicator":109,"ius":"Percentage of institutional deliveries out of total ANC registration:Percent:Total","rank":17,"src":6,"subgrp":1,"top":[],"tp":"2012-2013","trend":"up","value":"34.9","slugiddata":284581,"dKPIRSrs":false,"dNITIRSrs":true,"tps":"","dTHEMATICRSrs":false},{"_id":"285281","area":"IND001009","below":[],"indicator":109,"ius":"Percentage of institutional deliveries out of total ANC registration:Percent:Total","rank":13,"src":6,"subgrp":1,"top":[],"tp":"2013-2014","trend":"up","value":"47.0","slugiddata":285281,"dKPIRSrs":false,"dNITIRSrs":true,"tps":"","dTHEMATICRSrs":false},{"_id":"285978","area":"IND001009","below":[],"indicator":109,"ius":"Percentage of institutional deliveries out of total ANC registration:Percent:Total","rank":13,"src":6,"subgrp":1,"top":[],"tp":"2014-2015","trend":"up","value":"50.6","slugiddata":285978,"dKPIRSrs":false,"dNITIRSrs":true,"tps":"","dTHEMATICRSrs":false},{"_id":"286689","area":"IND001009","below":[],"indicator":109,"ius":"Percentage of institutional deliveries out of total ANC registration:Percent:Total","rank":16,"src":6,"subgrp":1,"top":[],"tp":"2015-2016","trend":"dn","value":"39.6","slugiddata":286689,"dKPIRSrs":false,"dNITIRSrs":true,"tps":"","dTHEMATICRSrs":false},{"_id":"287402","area":"IND001009","below":[],"indicator":109,"ius":"Percentage of institutional deliveries out of total ANC registration:Percent:Total","rank":15,"src":6,"subgrp":1,"top":[],"tp":"2016-2017","trend":"up","value":"45.3","slugiddata":287402,"dKPIRSrs":false,"dNITIRSrs":true,"tps":"","dTHEMATICRSrs":false},{"_id":"288083","area":"IND001009","below":[],"indicator":110,"ius":"Proportion of live babies weighed at birth:Percent:Total","rank":13,"src":6,"subgrp":1,"top":[],"tp":"2008-2009","trend":"na","value":"44.3","slugiddata":288083,"dKPIRSrs":false,"dNITIRSrs":true,"tps":"","dTHEMATICRSrs":false},{"_id":"288747","area":"IND001009","below":[],"indicator":110,"ius":"Proportion of live babies weighed at birth:Percent:Total","rank":11,"src":6,"subgrp":1,"top":[],"tp":"2009-2010","trend":"up","value":"57.9","slugiddata":288747,"dKPIRSrs":false,"dNITIRSrs":true,"tps":"","dTHEMATICRSrs":false},{"_id":"289419","area":"IND001009","below":[],"indicator":110,"ius":"Proportion of live babies weighed at birth:Percent:Total","rank":14,"src":6,"subgrp":1,"top":[],"tp":"2010-2011","trend":"up","value":"72.1","slugiddata":289419,"dKPIRSrs":false,"dNITIRSrs":true,"tps":"","dTHEMATICRSrs":false},{"_id":"290100","area":"IND001009","below":[],"indicator":110,"ius":"Proportion of live babies weighed at birth:Percent:Total","rank":11,"src":6,"subgrp":1,"top":[],"tp":"2011-2012","trend":"up","value":"81.4","slugiddata":290100,"dKPIRSrs":false,"dNITIRSrs":true,"tps":"","dTHEMATICRSrs":false},{"_id":"290799","area":"IND001009","below":[],"indicator":110,"ius":"Proportion of live babies weighed at birth:Percent:Total","rank":10,"src":6,"subgrp":1,"top":[],"tp":"2012-2013","trend":"up","value":"90.5","slugiddata":290799,"dKPIRSrs":false,"dNITIRSrs":true,"tps":"","dTHEMATICRSrs":false},{"_id":"291499","area":"IND001009","below":[],"indicator":110,"ius":"Proportion of live babies weighed at birth:Percent:Total","rank":8,"src":6,"subgrp":1,"top":[],"tp":"2013-2014","trend":"up","value":"94.2","slugiddata":291499,"dKPIRSrs":false,"dNITIRSrs":true,"tps":"","dTHEMATICRSrs":false},{"_id":"292196","area":"IND001009","below":[],"indicator":110,"ius":"Proportion of live babies weighed at birth:Percent:Total","rank":6,"src":6,"subgrp":1,"top":[],"tp":"2014-2015","trend":"up","value":"97.6","slugiddata":292196,"dKPIRSrs":false,"dNITIRSrs":true,"tps":"","dTHEMATICRSrs":false},{"_id":"292907","area":"IND001009","below":[],"indicator":110,"ius":"Proportion of live babies weighed at birth:Percent:Total","rank":8,"src":6,"subgrp":1,"top":[],"tp":"2015-2016","trend":"dn","value":"94.8","slugiddata":292907,"dKPIRSrs":false,"dNITIRSrs":true,"tps":"","dTHEMATICRSrs":false},{"_id":"293620","area":"IND001009","below":[],"indicator":110,"ius":"Proportion of live babies weighed at birth:Percent:Total","rank":13,"src":6,"subgrp":1,"top":[],"tp":"2016-2017","trend":"up","value":"95.8","slugiddata":293620,"dKPIRSrs":false,"dNITIRSrs":true,"tps":"","dTHEMATICRSrs":false},{"_id":"294380","area":"IND001009","below":[],"indicator":89,"ius":"Pregnant women received TT2 or Booster to total ANC registration:Percent:Total","rank":4,"src":6,"subgrp":1,"top":[],"tp":"2017-2018","trend":"up","value":"97.7","slugiddata":294380,"dKPIRSrs":false,"dNITIRSrs":false,"tps":"","dTHEMATICRSrs":true},{"_id":"295116","area":"IND001009","below":[],"indicator":92,"ius":"Women discharged in less than 48 hours of delivery to total reported deliveries at public institutions:Percent:Total","rank":21,"src":6,"subgrp":1,"top":[],"tp":"2017-2018","trend":"up","value":"83.2","slugiddata":295116,"dKPIRSrs":false,"dNITIRSrs":false,"tps":"","dTHEMATICRSrs":true},{"_id":"295852","area":"IND001009","below":[],"indicator":14,"ius":"Institutional delivery:Percent:Total","rank":8,"src":6,"subgrp":1,"top":[],"tp":"2017-2018","trend":"up","value":"95.9","slugiddata":295852,"dKPIRSrs":false,"dNITIRSrs":false,"tps":"","dTHEMATICRSrs":false},{"_id":"297324","area":"IND001009","below":[],"indicator":93,"ius":"Home deliveries to total reported deliveries:Percent:Total","rank":8,"src":6,"subgrp":1,"top":[],"tp":"2017-2018","trend":"up","value":"4.1","slugiddata":297324,"dKPIRSrs":true,"dNITIRSrs":false,"tps":"","dTHEMATICRSrs":true},{"_id":"298060","area":"IND001009","below":[],"indicator":2,"ius":"Births delivered by caesarean section:Percent:Total","rank":20,"src":6,"subgrp":1,"top":[],"tp":"2017-2018","trend":"up","value":"12.1","slugiddata":298060,"dKPIRSrs":false,"dNITIRSrs":false,"tps":"","dTHEMATICRSrs":false},{"_id":"298796","area":"IND001009","below":[],"indicator":11,"ius":"Institutional delivery in public/government health facility:Percent:Total","rank":1,"src":6,"subgrp":1,"top":[],"tp":"2017-2018","trend":"eq","value":"100.0","slugiddata":298796,"dKPIRSrs":false,"dNITIRSrs":false,"tps":"","dTHEMATICRSrs":false},{"_id":"301668","area":"IND001009","below":[],"indicator":98,"ius":"Male sterilization (vasectomies) to total sterilization:Percent:Total","rank":6,"src":6,"subgrp":1,"top":[],"tp":"2017-2018","trend":"up","value":"3.0","slugiddata":301668,"dKPIRSrs":false,"dNITIRSrs":false,"tps":"","dTHEMATICRSrs":true},{"_id":"302388","area":"IND001009","below":[],"indicator":99,"ius":"Post partum sterilizations to total female sterilizations:Percent:Total","rank":6,"src":6,"subgrp":1,"top":[],"tp":"2017-2018","trend":"dn","value":"1.9","slugiddata":302388,"dKPIRSrs":false,"dNITIRSrs":false,"tps":"","dTHEMATICRSrs":false},{"_id":"303853","area":"IND001009","below":[],"indicator":101,"ius":"IUCD insertions in public plus private institutions to all family planning methods ( IUCD plus permanent):Percent:Total","rank":18,"src":6,"subgrp":1,"top":[],"tp":"2017-2018","trend":"dn","value":"63.6","slugiddata":303853,"dKPIRSrs":false,"dNITIRSrs":false,"tps":"","dTHEMATICRSrs":true},{"_id":"304589","area":"IND001009","below":[],"indicator":102,"ius":"Newborns given BCG to reported live birth:Percent:Total","rank":6,"src":6,"subgrp":1,"top":[],"tp":"2017-2018","trend":"dn","value":"115.7","slugiddata":304589,"dKPIRSrs":false,"dNITIRSrs":false,"tps":"","dTHEMATICRSrs":true},{"_id":"305325","area":"IND001009","below":[],"indicator":103,"ius":"Infants 0 to 11 months old who received measles vaccine to reported live births:Percent:Total","rank":6,"src":6,"subgrp":1,"top":[],"tp":"2017-2018","trend":"up","value":"227.3","slugiddata":305325,"dKPIRSrs":false,"dNITIRSrs":false,"tps":"","dTHEMATICRSrs":true},{"_id":"307534","area":"IND001009","below":[],"indicator":119,"ius":"Cases of Pregnant women with obstetric complications and attended to reported deliveries:Percent:Total","rank":10,"src":6,"subgrp":1,"top":[],"tp":"2008-2009","trend":"na","value":"2.3","slugiddata":307534,"dKPIRSrs":false,"dNITIRSrs":false,"tps":"","dTHEMATICRSrs":false},{"_id":"308203","area":"IND001009","below":[],"indicator":119,"ius":"Cases of Pregnant women with obstetric complications and attended to reported deliveries:Percent:Total","rank":20,"src":6,"subgrp":1,"top":[],"tp":"2009-2010","trend":"dn","value":"0.4","slugiddata":308203,"dKPIRSrs":false,"dNITIRSrs":false,"tps":"","dTHEMATICRSrs":false},{"_id":"308875","area":"IND001009","below":[],"indicator":119,"ius":"Cases of Pregnant women with obstetric complications and attended to reported deliveries:Percent:Total","rank":19,"src":6,"subgrp":1,"top":[],"tp":"2010-2011","trend":"up","value":"0.6","slugiddata":308875,"dKPIRSrs":false,"dNITIRSrs":false,"tps":"","dTHEMATICRSrs":false},{"_id":"309556","area":"IND001009","below":[],"indicator":119,"ius":"Cases of Pregnant women with obstetric complications and attended to reported deliveries:Percent:Total","rank":21,"src":6,"subgrp":1,"top":[],"tp":"2011-2012","trend":"dn","value":"0.1","slugiddata":309556,"dKPIRSrs":false,"dNITIRSrs":false,"tps":"","dTHEMATICRSrs":false},{"_id":"310255","area":"IND001009","below":[],"indicator":119,"ius":"Cases of Pregnant women with obstetric complications and attended to reported deliveries:Percent:Total","rank":21,"src":6,"subgrp":1,"top":[],"tp":"2012-2013","trend":"dn","value":"0.0","slugiddata":310255,"dKPIRSrs":false,"dNITIRSrs":false,"tps":"","dTHEMATICRSrs":false},{"_id":"310955","area":"IND001009","below":[],"indicator":119,"ius":"Cases of Pregnant women with obstetric complications and attended to reported deliveries:Percent:Total","rank":14,"src":6,"subgrp":1,"top":[],"tp":"2013-2014","trend":"up","value":"3.7","slugiddata":310955,"dKPIRSrs":false,"dNITIRSrs":false,"tps":"","dTHEMATICRSrs":false},{"_id":"311652","area":"IND001009","below":[],"indicator":119,"ius":"Cases of Pregnant women with obstetric complications and attended to reported deliveries:Percent:Total","rank":17,"src":6,"subgrp":1,"top":[],"tp":"2014-2015","trend":"up","value":"4.0","slugiddata":311652,"dKPIRSrs":false,"dNITIRSrs":false,"tps":"","dTHEMATICRSrs":false},{"_id":"312363","area":"IND001009","below":[],"indicator":119,"ius":"Cases of Pregnant women with obstetric complications and attended to reported deliveries:Percent:Total","rank":19,"src":6,"subgrp":1,"top":[],"tp":"2015-2016","trend":"dn","value":"1.9","slugiddata":312363,"dKPIRSrs":false,"dNITIRSrs":false,"tps":"","dTHEMATICRSrs":false},{"_id":"313076","area":"IND001009","below":[],"indicator":119,"ius":"Cases of Pregnant women with obstetric complications and attended to reported deliveries:Percent:Total","rank":19,"src":6,"subgrp":1,"top":[],"tp":"2016-2017","trend":"dn","value":"1.6","slugiddata":313076,"dKPIRSrs":false,"dNITIRSrs":false,"tps":"","dTHEMATICRSrs":false},{"_id":"313791","area":"IND001009","below":[],"indicator":119,"ius":"Cases of Pregnant women with obstetric complications and attended to reported deliveries:Percent:Total","rank":11,"src":6,"subgrp":1,"top":[],"tp":"2017-2018","trend":"up","value":"2.0","slugiddata":313791,"dKPIRSrs":false,"dNITIRSrs":false,"tps":"","dTHEMATICRSrs":false},{"_id":"314527","area":"IND001009","below":[],"indicator":118,"ius":"Pregnant women given 180 IFA to total ANC registration:Percent:Total","rank":18,"src":6,"subgrp":1,"top":[],"tp":"2017-2018","trend":"na","value":"64.0","slugiddata":314527,"dKPIRSrs":false,"dNITIRSrs":false,"tps":"","dTHEMATICRSrs":false},{"_id":"315263","area":"IND001009","below":[],"indicator":88,"ius":"1st trimester registration to total ANC registrations:Percent:Total","rank":8,"src":6,"subgrp":1,"top":[],"tp":"Apr-Sep_2018","trend":"up","value":"83.6","slugiddata":315263,"dKPIRSrs":false,"dNITIRSrs":true,"tps":"","dTHEMATICRSrs":false},{"_id":"316002","area":"IND001009","below":[],"indicator":48,"ius":"Mothers who had at least 4 antenatal care visits:Percent:Total","rank":9,"src":6,"subgrp":1,"top":[],"tp":"Apr-Sep_2018","trend":"up","value":"76.8","slugiddata":316002,"dKPIRSrs":false,"dNITIRSrs":true,"tps":"","dTHEMATICRSrs":false},{"_id":"316741","area":"IND001009","below":[],"indicator":89,"ius":"Pregnant women received TT2 or Booster to total ANC registration:Percent:Total","rank":1,"src":6,"subgrp":1,"top":[],"tp":"Apr-Sep_2018","trend":"up","value":"105.7","slugiddata":316741,"dKPIRSrs":false,"dNITIRSrs":false,"tps":"","dTHEMATICRSrs":true},{"_id":"317480","area":"IND001009","below":[],"indicator":118,"ius":"Pregnant women given 180 IFA to total ANC registration:Percent:Total","rank":5,"src":6,"subgrp":1,"top":[],"tp":"Apr-Sep_2018","trend":"up","value":"80.5","slugiddata":317480,"dKPIRSrs":false,"dNITIRSrs":false,"tps":"","dTHEMATICRSrs":false},{"_id":"318219","area":"IND001009","below":[],"indicator":108,"ius":"Percentage of PW having Hb level<11 (tested cases) (7.1 to 10.9) against total ANC registration:Percent:Total","rank":14,"src":6,"subgrp":1,"top":[],"tp":"Apr-Sep_2018","trend":"dn","value":"83.7","slugiddata":318219,"dKPIRSrs":false,"dNITIRSrs":true,"tps":"","dTHEMATICRSrs":false},{"_id":"319696","area":"IND001009","below":[],"indicator":113,"ius":"Percentage of PW having Hb level<7 (tested cases) against total ANC registration:Percent:Total","rank":12,"src":6,"subgrp":1,"top":[],"tp":"Apr-Sep_2018","trend":"dn","value":"3.0","slugiddata":319696,"dKPIRSrs":false,"dNITIRSrs":true,"tps":"","dTHEMATICRSrs":false},{"_id":"320435","area":"IND001009","below":[],"indicator":91,"ius":"New cases detected at institution for hypertension to total ANC registrations:Percent:Total","rank":11,"src":6,"subgrp":1,"top":[],"tp":"Apr-Sep_2018","trend":"up","value":"2.3","slugiddata":320435,"dKPIRSrs":false,"dNITIRSrs":false,"tps":"","dTHEMATICRSrs":true},{"_id":"321171","area":"IND001009","below":[],"indicator":12,"ius":"Home delivery conducted by skilled health personnel:Percent:Total","rank":8,"src":6,"subgrp":1,"top":[],"tp":"Apr-Sep_2018","trend":"dn","value":"12.9","slugiddata":321171,"dKPIRSrs":false,"dNITIRSrs":true,"tps":"","dTHEMATICRSrs":false},{"_id":"321894","area":"IND001009","below":[],"indicator":92,"ius":"Women discharged in less than 48 hours of delivery to total reported deliveries at public institutions:Percent:Total","rank":20,"src":6,"subgrp":1,"top":[],"tp":"Apr-Sep_2018","trend":"up","value":"76.5","slugiddata":321894,"dKPIRSrs":false,"dNITIRSrs":false,"tps":"","dTHEMATICRSrs":true},{"_id":"322633","area":"IND001009","below":[],"indicator":109,"ius":"Percentage of institutional deliveries out of total ANC registration:Percent:Total","rank":13,"src":6,"subgrp":1,"top":[],"tp":"Apr-Sep_2018","trend":"up","value":"48.9","slugiddata":322633,"dKPIRSrs":false,"dNITIRSrs":true,"tps":"","dTHEMATICRSrs":false},{"_id":"323372","area":"IND001009","below":[],"indicator":14,"ius":"Institutional delivery:Percent:Total","rank":10,"src":6,"subgrp":1,"top":[],"tp":"Apr-Sep_2018","trend":"up","value":"96.0","slugiddata":323372,"dKPIRSrs":false,"dNITIRSrs":false,"tps":"","dTHEMATICRSrs":false},{"_id":"324850","area":"IND001009","below":[],"indicator":93,"ius":"Home deliveries to total reported deliveries:Percent:Total","rank":10,"src":6,"subgrp":1,"top":[],"tp":"Apr-Sep_2018","trend":"up","value":"4.0","slugiddata":324850,"dKPIRSrs":true,"dNITIRSrs":false,"tps":"","dTHEMATICRSrs":true},{"_id":"325589","area":"IND001009","below":[],"indicator":2,"ius":"Births delivered by caesarean section:Percent:Total","rank":16,"src":6,"subgrp":1,"top":[],"tp":"Apr-Sep_2018","trend":"up","value":"18.0","slugiddata":325589,"dKPIRSrs":false,"dNITIRSrs":false,"tps":"","dTHEMATICRSrs":false},{"_id":"326328","area":"IND001009","below":[],"indicator":11,"ius":"Institutional delivery in public/government health facility:Percent:Total","rank":1,"src":6,"subgrp":1,"top":[],"tp":"Apr-Sep_2018","trend":"eq","value":"100.0","slugiddata":326328,"dKPIRSrs":false,"dNITIRSrs":false,"tps":"","dTHEMATICRSrs":false},{"_id":"327806","area":"IND001009","below":[],"indicator":110,"ius":"Proportion of live babies weighed at birth:Percent:Total","rank":13,"src":6,"subgrp":1,"top":[],"tp":"Apr-Sep_2018","trend":"up","value":"96.8","slugiddata":327806,"dKPIRSrs":false,"dNITIRSrs":true,"tps":"","dTHEMATICRSrs":false},{"_id":"328545","area":"IND001009","below":[],"indicator":112,"ius":"Newborns having weight less than 2.5 kg to newborns weighed at birth:Percent:Total","rank":5,"src":6,"subgrp":1,"top":[],"tp":"Apr-Sep_2018","trend":"dn","value":"1.6","slugiddata":328545,"dKPIRSrs":true,"dNITIRSrs":true,"tps":"","dTHEMATICRSrs":false},{"_id":"329284","area":"IND001009","below":[],"indicator":111,"ius":"Newborns breastfed within 1 hour of birth to total live birth:Percent:Total","rank":16,"src":6,"subgrp":1,"top":[],"tp":"Apr-Sep_2018","trend":"dn","value":"85.8","slugiddata":329284,"dKPIRSrs":false,"dNITIRSrs":true,"tps":"","dTHEMATICRSrs":false},{"_id":"330762","area":"IND001009","below":[],"indicator":119,"ius":"Cases of Pregnant women with obstetric complications and attended to reported deliveries:Percent:Total","rank":12,"src":6,"subgrp":1,"top":[],"tp":"Apr-Sep_2018","trend":"up","value":"2.1","slugiddata":330762,"dKPIRSrs":false,"dNITIRSrs":false,"tps":"","dTHEMATICRSrs":false},{"_id":"332871","area":"IND001009","below":[],"indicator":98,"ius":"Male sterilization (vasectomies) to total sterilization:Percent:Total","rank":8,"src":6,"subgrp":1,"top":[],"tp":"Apr-Sep_2018","trend":"dn","value":"0.0","slugiddata":332871,"dKPIRSrs":false,"dNITIRSrs":false,"tps":"","dTHEMATICRSrs":true},{"_id":"333582","area":"IND001009","below":[],"indicator":99,"ius":"Post partum sterilizations to total female sterilizations:Percent:Total","rank":7,"src":6,"subgrp":1,"top":[],"tp":"Apr-Sep_2018","trend":"dn","value":"15.0","slugiddata":333582,"dKPIRSrs":false,"dNITIRSrs":false,"tps":"","dTHEMATICRSrs":false},{"_id":"335043","area":"IND001009","below":[],"indicator":101,"ius":"IUCD insertions in public plus private institutions to all family planning methods ( IUCD plus permanent):Percent:Total","rank":13,"src":6,"subgrp":1,"top":[],"tp":"Apr-Sep_2018","trend":"up","value":"76.3","slugiddata":335043,"dKPIRSrs":false,"dNITIRSrs":false,"tps":"","dTHEMATICRSrs":true},{"_id":"335782","area":"IND001009","below":[],"indicator":102,"ius":"Newborns given BCG to reported live birth:Percent:Total","rank":9,"src":6,"subgrp":1,"top":[],"tp":"Apr-Sep_2018","trend":"dn","value":"110.6","slugiddata":335782,"dKPIRSrs":false,"dNITIRSrs":false,"tps":"","dTHEMATICRSrs":true},{"_id":"336521","area":"IND001009","below":[],"indicator":103,"ius":"Infants 0 to 11 months old who received measles vaccine to reported live births:Percent:Total","rank":7,"src":6,"subgrp":1,"top":[],"tp":"Apr-Sep_2018","trend":"dn","value":"169.5","slugiddata":336521,"dKPIRSrs":false,"dNITIRSrs":false,"tps":"","dTHEMATICRSrs":true},{"_id":"386608","area":"IND001009","below":[],"indicator":10,"ius":"Current Usage FP - Female sterilization:Percent:Total","rank":12,"src":1,"subgrp":1,"top":[],"tp":"2015-2016","trend":"na","value":"21.5","slugiddata":386608,"dKPIRSrs":false,"dNITIRSrs":false,"tps":"","dTHEMATICRSrs":true},{"_id":"387231","area":"IND001009","below":[],"indicator":53,"ius":"Unmet Need for FP - Unmet need for spacing:Percent:Total","rank":9,"src":1,"subgrp":1,"top":[],"tp":"2015-2016","trend":"na","value":"5.0","slugiddata":387231,"dKPIRSrs":false,"dNITIRSrs":false,"tps":"","dTHEMATICRSrs":true},{"_id":"387854","area":"IND001009","below":[],"indicator":48,"ius":"Mothers who had at least 4 antenatal care visits:Percent:Total","rank":11,"src":1,"subgrp":1,"top":[],"tp":"2015-2016","trend":"na","value":"90.3","slugiddata":387854,"dKPIRSrs":false,"dNITIRSrs":false,"tps":"","dTHEMATICRSrs":true},{"_id":"388477","area":"IND001009","below":[],"indicator":33,"ius":"Mothers who received post-natal check-up within 48 hrs. of delivery:Percent:Total","rank":8,"src":1,"subgrp":1,"top":[],"tp":"2015-2016","trend":"na","value":"81.7","slugiddata":388477,"dKPIRSrs":false,"dNITIRSrs":false,"tps":"","dTHEMATICRSrs":false},{"_id":"389723","area":"IND001009","below":[],"indicator":12,"ius":"Home delivery conducted by skilled health personnel:Percent:Total","rank":10,"src":1,"subgrp":1,"top":[],"tp":"2015-2016","trend":"na","value":"1.7","slugiddata":389723,"dKPIRSrs":false,"dNITIRSrs":false,"tps":"","dTHEMATICRSrs":false},{"_id":"390969","area":"IND001009","below":[],"indicator":2,"ius":"Births delivered by caesarean section:Percent:Total","rank":7,"src":1,"subgrp":1,"top":[],"tp":"2015-2016","trend":"na","value":"34.6","slugiddata":390969,"dKPIRSrs":false,"dNITIRSrs":false,"tps":"","dTHEMATICRSrs":true},{"_id":"392114","area":"IND001009","below":[],"indicator":3,"ius":"Children suffering from diarrhoea who received ORS:Percent:Total","rank":8,"src":1,"subgrp":1,"top":[],"tp":"2015-2016","trend":"na","value":"52.7","slugiddata":392114,"dKPIRSrs":false,"dNITIRSrs":true,"tps":"","dTHEMATICRSrs":true},{"_id":"392437","area":"IND001009","below":[],"indicator":60,"ius":"Children with diarrhoea in the last 2 weeks who received zinc:Percent:Total","rank":5,"src":1,"subgrp":1,"top":[],"tp":"2015-2016","trend":"na","value":"30.0","slugiddata":392437,"dKPIRSrs":false,"dNITIRSrs":true,"tps":"","dTHEMATICRSrs":true},{"_id":"393670","area":"IND001009","below":[],"indicator":58,"ius":"Children who are severely wasted (weight-for-height)/severe acute malnourished (SAM):Percent:Total","rank":3,"src":1,"subgrp":1,"top":[],"tp":"2015-2016","trend":"na","value":"1.9","slugiddata":393670,"dKPIRSrs":false,"dNITIRSrs":true,"tps":"","dTHEMATICRSrs":true},{"_id":"394293","area":"IND001009","below":[],"indicator":56,"ius":"Children who are underweight (weight-for-age):Percent:Total","rank":5,"src":1,"subgrp":1,"top":[],"tp":"2015-2016","trend":"na","value":"9.9","slugiddata":394293,"dKPIRSrs":false,"dNITIRSrs":true,"tps":"","dTHEMATICRSrs":true},{"_id":"394916","area":"IND001009","below":[],"indicator":28,"ius":"Children aged (6-59 months) who are anaemic (<11.0 g/dl):Percent:Total","rank":14,"src":1,"subgrp":1,"top":[],"tp":"2015-2016","trend":"na","value":"46.3","slugiddata":394916,"dKPIRSrs":false,"dNITIRSrs":false,"tps":"","dTHEMATICRSrs":true},{"_id":"396357","area":"IND001009","below":[],"indicator":1,"ius":"Current Usage FP - Any modern method:Percent:Total","rank":14,"src":1,"subgrp":1,"top":[],"tp":"2015-2016","trend":"na","value":"37.6","slugiddata":396357,"dKPIRSrs":true,"dNITIRSrs":false,"tps":"","dTHEMATICRSrs":true},{"_id":"396980","area":"IND001009","below":[],"indicator":9,"ius":"Current Usage FP - Copper-T/IUD/PPIUD:Percent:Total","rank":11,"src":1,"subgrp":1,"top":[],"tp":"2015-2016","trend":"na","value":"1.6","slugiddata":396980,"dKPIRSrs":true,"dNITIRSrs":false,"tps":"","dTHEMATICRSrs":true},{"_id":"397603","area":"IND001009","below":[],"indicator":51,"ius":"Unmet Need for FP - Total unmet need:Percent:Total","rank":16,"src":1,"subgrp":1,"top":[],"tp":"2015-2016","trend":"na","value":"13.8","slugiddata":397603,"dKPIRSrs":true,"dNITIRSrs":false,"tps":"","dTHEMATICRSrs":true},{"_id":"398226","area":"IND001009","below":[],"indicator":44,"ius":"Mothers who had antenatal check-up in the first trimester:Percent:Total","rank":8,"src":1,"subgrp":1,"top":[],"tp":"2015-2016","trend":"na","value":"83.1","slugiddata":398226,"dKPIRSrs":true,"dNITIRSrs":false,"tps":"","dTHEMATICRSrs":true},{"_id":"398849","area":"IND001009","below":[],"indicator":45,"ius":"Mothers who had full antenatal care:Percent:Total","rank":18,"src":1,"subgrp":1,"top":[],"tp":"2015-2016","trend":"na","value":"14.1","slugiddata":398849,"dKPIRSrs":true,"dNITIRSrs":false,"tps":"","dTHEMATICRSrs":false},{"_id":"399472","area":"IND001009","below":[],"indicator":59,"ius":"Children who received a health check after birth from a doctor/nurse/LHV/ANM/midwife/other health personnel within 2 days of birth:Percent:Total","rank":11,"src":1,"subgrp":1,"top":[],"tp":"2015-2016","trend":"na","value":"16.5","slugiddata":399472,"dKPIRSrs":true,"dNITIRSrs":false,"tps":"","dTHEMATICRSrs":true},{"_id":"400095","area":"IND001009","below":[],"indicator":14,"ius":"Institutional delivery:Percent:Total","rank":13,"src":1,"subgrp":1,"top":[],"tp":"2015-2016","trend":"na","value":"88.7","slugiddata":400095,"dKPIRSrs":true,"dNITIRSrs":false,"tps":"","dTHEMATICRSrs":true},{"_id":"400718","area":"IND001009","below":[],"indicator":11,"ius":"Institutional delivery in public/government health facility:Percent:Total","rank":15,"src":1,"subgrp":1,"top":[],"tp":"2015-2016","trend":"na","value":"74.5","slugiddata":400718,"dKPIRSrs":true,"dNITIRSrs":false,"tps":"","dTHEMATICRSrs":true},{"_id":"401339","area":"IND001009","below":[],"indicator":5,"ius":"Children fully immunized:Percent:Total","rank":19,"src":1,"subgrp":1,"top":[],"tp":"2015-2016","trend":"na","value":"68.0","slugiddata":401339,"dKPIRSrs":true,"dNITIRSrs":true,"tps":"","dTHEMATICRSrs":true},{"_id":"401859","area":"IND001009","below":[],"indicator":19,"ius":"Children with diarrhoea in last 2 weeks and sought advice/treatment/taken to a health facility:Percent:Total","rank":5,"src":1,"subgrp":1,"top":[],"tp":"2015-2016","trend":"na","value":"76.0","slugiddata":401859,"dKPIRSrs":true,"dNITIRSrs":false,"tps":"","dTHEMATICRSrs":true},{"_id":"402221","area":"IND001009","below":[],"indicator":7,"ius":"Children with acute respiratory infection or fever in last 2 weeks and sought advice/treatment/taken to a health facility:Percent:Total","rank":5,"src":1,"subgrp":1,"top":[],"tp":"2015-2016","trend":"na","value":"82.3","slugiddata":402221,"dKPIRSrs":true,"dNITIRSrs":true,"tps":"","dTHEMATICRSrs":true},{"_id":"402759","area":"IND001009","below":[],"indicator":6,"ius":"Children breastfed within one hour of birth:Percent:Total","rank":19,"src":1,"subgrp":1,"top":[],"tp":"2015-2016","trend":"na","value":"35.6","slugiddata":402759,"dKPIRSrs":true,"dNITIRSrs":false,"tps":"","dTHEMATICRSrs":true},{"_id":"403327","area":"IND001009","below":[],"indicator":4,"ius":"Children under age 6 months exclusively breastfed:Percent:Total","rank":1,"src":1,"subgrp":1,"top":[],"tp":"2015-2016","trend":"na","value":"77.3","slugiddata":403327,"dKPIRSrs":true,"dNITIRSrs":false,"tps":"","dTHEMATICRSrs":false},{"_id":"403777","area":"IND001009","below":[],"indicator":42,"ius":"Pregnant women aged (15-49 years) who are anaemic (<11.0 g/dl):Percent:Total","rank":10,"src":1,"subgrp":1,"top":[],"tp":"2015-2016","trend":"na","value":"37.2","slugiddata":403777,"dKPIRSrs":true,"dNITIRSrs":false,"tps":"","dTHEMATICRSrs":true},{"_id":"405441","area":"IND001009","below":[],"indicator":57,"ius":"Children who are wasted (weight-for-height)/moderate acute malnourished (MAM):Percent:Total","rank":6,"src":1,"subgrp":1,"top":[],"tp":"2015-2016","trend":"na","value":"6.2","slugiddata":405441,"dKPIRSrs":false,"dNITIRSrs":true,"tps":"","dTHEMATICRSrs":false},{"_id":"406823","area":"IND001009","below":[],"indicator":116,"ius":"Children who are stunted (height-for-age):Percent:Total","rank":4,"src":1,"subgrp":1,"top":[],"tp":"2015-2016","trend":"na","value":"20.5","slugiddata":406823,"dKPIRSrs":false,"dNITIRSrs":true,"tps":"","dTHEMATICRSrs":false},{"_id":"407480","area":"IND001009","below":[],"indicator":114,"ius":"Breastfeeding children receiving adequate diet (6-23 months):Percent:Total","rank":19,"src":1,"subgrp":1,"top":[],"tp":"2015-2016","trend":"na","value":"17.3","slugiddata":407480,"dKPIRSrs":false,"dNITIRSrs":true,"tps":"","dTHEMATICRSrs":false},{"_id":"79101","area":"IND001009","below":[],"indicator":88,"ius":"1st trimester registration to total ANC registrations:Percent:Total","rank":10,"src":6,"subgrp":1,"top":[],"tp":"2008-2009","trend":"na","value":"32.8","slugiddata":79101,"dKPIRSrs":false,"dNITIRSrs":true,"tps":"","dTHEMATICRSrs":false},{"_id":"79770","area":"IND001009","below":[],"indicator":88,"ius":"1st trimester registration to total ANC registrations:Percent:Total","rank":3,"src":6,"subgrp":1,"top":[],"tp":"2009-2010","trend":"up","value":"61.1","slugiddata":79770,"dKPIRSrs":false,"dNITIRSrs":true,"tps":"","dTHEMATICRSrs":false},{"_id":"80442","area":"IND001009","below":[],"indicator":88,"ius":"1st trimester registration to total ANC registrations:Percent:Total","rank":4,"src":6,"subgrp":1,"top":[],"tp":"2010-2011","trend":"dn","value":"57.1","slugiddata":80442,"dKPIRSrs":false,"dNITIRSrs":true,"tps":"","dTHEMATICRSrs":false},{"_id":"81122","area":"IND001009","below":[],"indicator":88,"ius":"1st trimester registration to total ANC registrations:Percent:Total","rank":14,"src":6,"subgrp":1,"top":[],"tp":"2011-2012","trend":"dn","value":"50.2","slugiddata":81122,"dKPIRSrs":false,"dNITIRSrs":true,"tps":"","dTHEMATICRSrs":false},{"_id":"81821","area":"IND001009","below":[],"indicator":88,"ius":"1st trimester registration to total ANC registrations:Percent:Total","rank":8,"src":6,"subgrp":1,"top":[],"tp":"2012-2013","trend":"up","value":"62.3","slugiddata":81821,"dKPIRSrs":false,"dNITIRSrs":true,"tps":"","dTHEMATICRSrs":false},{"_id":"82521","area":"IND001009","below":[],"indicator":88,"ius":"1st trimester registration to total ANC registrations:Percent:Total","rank":9,"src":6,"subgrp":1,"top":[],"tp":"2013-2014","trend":"up","value":"74.6","slugiddata":82521,"dKPIRSrs":false,"dNITIRSrs":true,"tps":"","dTHEMATICRSrs":false},{"_id":"83218","area":"IND001009","below":[],"indicator":88,"ius":"1st trimester registration to total ANC registrations:Percent:Total","rank":7,"src":6,"subgrp":1,"top":[],"tp":"2014-2015","trend":"dn","value":"72.7","slugiddata":83218,"dKPIRSrs":false,"dNITIRSrs":true,"tps":"","dTHEMATICRSrs":false},{"_id":"83929","area":"IND001009","below":[],"indicator":88,"ius":"1st trimester registration to total ANC registrations:Percent:Total","rank":7,"src":6,"subgrp":1,"top":[],"tp":"2015-2016","trend":"up","value":"74.2","slugiddata":83929,"dKPIRSrs":false,"dNITIRSrs":true,"tps":"","dTHEMATICRSrs":false},{"_id":"84642","area":"IND001009","below":[],"indicator":88,"ius":"1st trimester registration to total ANC registrations:Percent:Total","rank":7,"src":6,"subgrp":1,"top":[],"tp":"2016-2017","trend":"up","value":"77.7","slugiddata":84642,"dKPIRSrs":false,"dNITIRSrs":true,"tps":"","dTHEMATICRSrs":false},{"_id":"85326","area":"IND001009","below":[],"indicator":46,"ius":"Mothers who received 3 or more antenatal care:Percent:Total","rank":17,"src":6,"subgrp":1,"top":[],"tp":"2008-2009","trend":"na","value":"24.3","slugiddata":85326,"dKPIRSrs":false,"dNITIRSrs":false,"tps":"","dTHEMATICRSrs":false},{"_id":"85995","area":"IND001009","below":[],"indicator":46,"ius":"Mothers who received 3 or more antenatal care:Percent:Total","rank":13,"src":6,"subgrp":1,"top":[],"tp":"2009-2010","trend":"up","value":"42.6","slugiddata":85995,"dKPIRSrs":false,"dNITIRSrs":false,"tps":"","dTHEMATICRSrs":false},{"_id":"86667","area":"IND001009","below":[],"indicator":46,"ius":"Mothers who received 3 or more antenatal care:Percent:Total","rank":15,"src":6,"subgrp":1,"top":[],"tp":"2010-2011","trend":"dn","value":"38.7","slugiddata":86667,"dKPIRSrs":false,"dNITIRSrs":false,"tps":"","dTHEMATICRSrs":false},{"_id":"87347","area":"IND001009","below":[],"indicator":46,"ius":"Mothers who received 3 or more antenatal care:Percent:Total","rank":16,"src":6,"subgrp":1,"top":[],"tp":"2011-2012","trend":"up","value":"43.2","slugiddata":87347,"dKPIRSrs":false,"dNITIRSrs":false,"tps":"","dTHEMATICRSrs":false},{"_id":"88046","area":"IND001009","below":[],"indicator":46,"ius":"Mothers who received 3 or more antenatal care:Percent:Total","rank":4,"src":6,"subgrp":1,"top":[],"tp":"2012-2013","trend":"up","value":"78.9","slugiddata":88046,"dKPIRSrs":false,"dNITIRSrs":false,"tps":"","dTHEMATICRSrs":false},{"_id":"88746","area":"IND001009","below":[],"indicator":46,"ius":"Mothers who received 3 or more antenatal care:Percent:Total","rank":2,"src":6,"subgrp":1,"top":[],"tp":"2013-2014","trend":"up","value":"95.4","slugiddata":88746,"dKPIRSrs":false,"dNITIRSrs":false,"tps":"","dTHEMATICRSrs":false},{"_id":"89443","area":"IND001009","below":[],"indicator":46,"ius":"Mothers who received 3 or more antenatal care:Percent:Total","rank":2,"src":6,"subgrp":1,"top":[],"tp":"2014-2015","trend":"up","value":"101.8","slugiddata":89443,"dKPIRSrs":false,"dNITIRSrs":false,"tps":"","dTHEMATICRSrs":false},{"_id":"90154","area":"IND001009","below":[],"indicator":46,"ius":"Mothers who received 3 or more antenatal care:Percent:Total","rank":13,"src":6,"subgrp":1,"top":[],"tp":"2015-2016","trend":"dn","value":"73.5","slugiddata":90154,"dKPIRSrs":false,"dNITIRSrs":false,"tps":"","dTHEMATICRSrs":false},{"_id":"90867","area":"IND001009","below":[],"indicator":46,"ius":"Mothers who received 3 or more antenatal care:Percent:Total","rank":12,"src":6,"subgrp":1,"top":[],"tp":"2016-2017","trend":"up","value":"80.0","slugiddata":90867,"dKPIRSrs":false,"dNITIRSrs":false,"tps":"","dTHEMATICRSrs":false},{"_id":"91551","area":"IND001009","below":[],"indicator":89,"ius":"Pregnant women received TT2 or Booster to total ANC registration:Percent:Total","rank":21,"src":6,"subgrp":1,"top":[],"tp":"2008-2009","trend":"na","value":"25.4","slugiddata":91551,"dKPIRSrs":false,"dNITIRSrs":false,"tps":"","dTHEMATICRSrs":true},{"_id":"92220","area":"IND001009","below":[],"indicator":89,"ius":"Pregnant women received TT2 or Booster to total ANC registration:Percent:Total","rank":20,"src":6,"subgrp":1,"top":[],"tp":"2009-2010","trend":"up","value":"32.1","slugiddata":92220,"dKPIRSrs":false,"dNITIRSrs":false,"tps":"","dTHEMATICRSrs":true},{"_id":"92892","area":"IND001009","below":[],"indicator":89,"ius":"Pregnant women received TT2 or Booster to total ANC registration:Percent:Total","rank":17,"src":6,"subgrp":1,"top":[],"tp":"2010-2011","trend":"up","value":"46.6","slugiddata":92892,"dKPIRSrs":false,"dNITIRSrs":false,"tps":"","dTHEMATICRSrs":true},{"_id":"93572","area":"IND001009","below":[],"indicator":89,"ius":"Pregnant women received TT2 or Booster to total ANC registration:Percent:Total","rank":19,"src":6,"subgrp":1,"top":[],"tp":"2011-2012","trend":"dn","value":"37.2","slugiddata":93572,"dKPIRSrs":false,"dNITIRSrs":false,"tps":"","dTHEMATICRSrs":true},{"_id":"94271","area":"IND001009","below":[],"indicator":89,"ius":"Pregnant women received TT2 or Booster to total ANC registration:Percent:Total","rank":12,"src":6,"subgrp":1,"top":[],"tp":"2012-2013","trend":"up","value":"61.7","slugiddata":94271,"dKPIRSrs":false,"dNITIRSrs":false,"tps":"","dTHEMATICRSrs":true},{"_id":"94971","area":"IND001009","below":[],"indicator":89,"ius":"Pregnant women received TT2 or Booster to total ANC registration:Percent:Total","rank":13,"src":6,"subgrp":1,"top":[],"tp":"2013-2014","trend":"up","value":"66.5","slugiddata":94971,"dKPIRSrs":false,"dNITIRSrs":false,"tps":"","dTHEMATICRSrs":true},{"_id":"95668","area":"IND001009","below":[],"indicator":89,"ius":"Pregnant women received TT2 or Booster to total ANC registration:Percent:Total","rank":10,"src":6,"subgrp":1,"top":[],"tp":"2014-2015","trend":"up","value":"75.9","slugiddata":95668,"dKPIRSrs":false,"dNITIRSrs":false,"tps":"","dTHEMATICRSrs":true},{"_id":"96379","area":"IND001009","below":[],"indicator":89,"ius":"Pregnant women received TT2 or Booster to total ANC registration:Percent:Total","rank":8,"src":6,"subgrp":1,"top":[],"tp":"2015-2016","trend":"up","value":"85.0","slugiddata":96379,"dKPIRSrs":false,"dNITIRSrs":false,"tps":"","dTHEMATICRSrs":true},{"_id":"97092","area":"IND001009","below":[],"indicator":89,"ius":"Pregnant women received TT2 or Booster to total ANC registration:Percent:Total","rank":10,"src":6,"subgrp":1,"top":[],"tp":"2016-2017","trend":"dn","value":"82.3","slugiddata":97092,"dKPIRSrs":false,"dNITIRSrs":false,"tps":"","dTHEMATICRSrs":true}]