[{"_id":"106579","area":"IND003021","below":[],"indicator":91,"ius":"New cases detected at institution for hypertension to total ANC registrations:Percent:Total","rank":1,"src":6,"subgrp":1,"top":[],"tp":"2012-2013","trend":"na","value":"0.4","slugiddata":106579,"dKPIRSrs":false,"dNITIRSrs":false,"tps":"","dTHEMATICRSrs":true},{"_id":"107282","area":"IND003021","below":[],"indicator":91,"ius":"New cases detected at institution for hypertension to total ANC registrations:Percent:Total","rank":2,"src":6,"subgrp":1,"top":[],"tp":"2013-2014","trend":"dn","value":"0.6","slugiddata":107282,"dKPIRSrs":false,"dNITIRSrs":false,"tps":"","dTHEMATICRSrs":true},{"_id":"107982","area":"IND003021","below":[],"indicator":91,"ius":"New cases detected at institution for hypertension to total ANC registrations:Percent:Total","rank":1,"src":6,"subgrp":1,"top":[],"tp":"2014-2015","trend":"up","value":"0.3","slugiddata":107982,"dKPIRSrs":false,"dNITIRSrs":false,"tps":"","dTHEMATICRSrs":true},{"_id":"108693","area":"IND003021","below":[],"indicator":91,"ius":"New cases detected at institution for hypertension to total ANC registrations:Percent:Total","rank":2,"src":6,"subgrp":1,"top":[],"tp":"2015-2016","trend":"eq","value":"0.3","slugiddata":108693,"dKPIRSrs":false,"dNITIRSrs":false,"tps":"","dTHEMATICRSrs":true},{"_id":"109406","area":"IND003021","below":[],"indicator":91,"ius":"New cases detected at institution for hypertension to total ANC registrations:Percent:Total","rank":5,"src":6,"subgrp":1,"top":[],"tp":"2016-2017","trend":"dn","value":"0.7","slugiddata":109406,"dKPIRSrs":false,"dNITIRSrs":false,"tps":"","dTHEMATICRSrs":true},{"_id":"112766","area":"IND003021","below":[],"indicator":12,"ius":"Home delivery conducted by skilled health personnel:Percent:Total","rank":22,"src":6,"subgrp":1,"top":[],"tp":"2012-2013","trend":"na","value":"3.8","slugiddata":112766,"dKPIRSrs":false,"dNITIRSrs":true,"tps":"","dTHEMATICRSrs":false},{"_id":"113464","area":"IND003021","below":[],"indicator":12,"ius":"Home delivery conducted by skilled health personnel:Percent:Total","rank":21,"src":6,"subgrp":1,"top":[],"tp":"2013-2014","trend":"dn","value":"1.2","slugiddata":113464,"dKPIRSrs":false,"dNITIRSrs":true,"tps":"","dTHEMATICRSrs":false},{"_id":"114158","area":"IND003021","below":[],"indicator":12,"ius":"Home delivery conducted by skilled health personnel:Percent:Total","rank":20,"src":6,"subgrp":1,"top":[],"tp":"2014-2015","trend":"up","value":"4.7","slugiddata":114158,"dKPIRSrs":false,"dNITIRSrs":true,"tps":"","dTHEMATICRSrs":false},{"_id":"114859","area":"IND003021","below":[],"indicator":12,"ius":"Home delivery conducted by skilled health personnel:Percent:Total","rank":15,"src":6,"subgrp":1,"top":[],"tp":"2015-2016","trend":"up","value":"23.6","slugiddata":114859,"dKPIRSrs":false,"dNITIRSrs":true,"tps":"","dTHEMATICRSrs":false},{"_id":"115548","area":"IND003021","below":[],"indicator":12,"ius":"Home delivery conducted by skilled health personnel:Percent:Total","rank":16,"src":6,"subgrp":1,"top":[],"tp":"2016-2017","trend":"dn","value":"21.2","slugiddata":115548,"dKPIRSrs":false,"dNITIRSrs":true,"tps":"","dTHEMATICRSrs":false},{"_id":"125048","area":"IND003021","below":[],"indicator":92,"ius":"Women discharged in less than 48 hours of delivery to total reported deliveries at public institutions:Percent:Total","rank":18,"src":6,"subgrp":1,"top":[],"tp":"2012-2013","trend":"na","value":"91.3","slugiddata":125048,"dKPIRSrs":false,"dNITIRSrs":false,"tps":"","dTHEMATICRSrs":true},{"_id":"125751","area":"IND003021","below":[],"indicator":92,"ius":"Women discharged in less than 48 hours of delivery to total reported deliveries at public institutions:Percent:Total","rank":19,"src":6,"subgrp":1,"top":[],"tp":"2013-2014","trend":"up","value":"89.2","slugiddata":125751,"dKPIRSrs":false,"dNITIRSrs":false,"tps":"","dTHEMATICRSrs":true},{"_id":"126451","area":"IND003021","below":[],"indicator":92,"ius":"Women discharged in less than 48 hours of delivery to total reported deliveries at public institutions:Percent:Total","rank":22,"src":6,"subgrp":1,"top":[],"tp":"2014-2015","trend":"up","value":"85.2","slugiddata":126451,"dKPIRSrs":false,"dNITIRSrs":false,"tps":"","dTHEMATICRSrs":true},{"_id":"127162","area":"IND003021","below":[],"indicator":92,"ius":"Women discharged in less than 48 hours of delivery to total reported deliveries at public institutions:Percent:Total","rank":21,"src":6,"subgrp":1,"top":[],"tp":"2015-2016","trend":"up","value":"83.8","slugiddata":127162,"dKPIRSrs":false,"dNITIRSrs":false,"tps":"","dTHEMATICRSrs":true},{"_id":"127875","area":"IND003021","below":[],"indicator":92,"ius":"Women discharged in less than 48 hours of delivery to total reported deliveries at public institutions:Percent:Total","rank":22,"src":6,"subgrp":1,"top":[],"tp":"2016-2017","trend":"up","value":"82.7","slugiddata":127875,"dKPIRSrs":false,"dNITIRSrs":false,"tps":"","dTHEMATICRSrs":true},{"_id":"137502","area":"IND003021","below":[],"indicator":93,"ius":"Home deliveries to total reported deliveries:Percent:Total","rank":21,"src":6,"subgrp":1,"top":[],"tp":"2012-2013","trend":"na","value":"30.5","slugiddata":137502,"dKPIRSrs":true,"dNITIRSrs":false,"tps":"","dTHEMATICRSrs":true},{"_id":"138205","area":"IND003021","below":[],"indicator":93,"ius":"Home deliveries to total reported deliveries:Percent:Total","rank":20,"src":6,"subgrp":1,"top":[],"tp":"2013-2014","trend":"up","value":"26.0","slugiddata":138205,"dKPIRSrs":true,"dNITIRSrs":false,"tps":"","dTHEMATICRSrs":true},{"_id":"138905","area":"IND003021","below":[],"indicator":93,"ius":"Home deliveries to total reported deliveries:Percent:Total","rank":21,"src":6,"subgrp":1,"top":[],"tp":"2014-2015","trend":"up","value":"21.0","slugiddata":138905,"dKPIRSrs":true,"dNITIRSrs":false,"tps":"","dTHEMATICRSrs":true},{"_id":"139616","area":"IND003021","below":[],"indicator":93,"ius":"Home deliveries to total reported deliveries:Percent:Total","rank":15,"src":6,"subgrp":1,"top":[],"tp":"2015-2016","trend":"up","value":"10.9","slugiddata":139616,"dKPIRSrs":true,"dNITIRSrs":false,"tps":"","dTHEMATICRSrs":true},{"_id":"140329","area":"IND003021","below":[],"indicator":93,"ius":"Home deliveries to total reported deliveries:Percent:Total","rank":17,"src":6,"subgrp":1,"top":[],"tp":"2016-2017","trend":"up","value":"7.1","slugiddata":140329,"dKPIRSrs":true,"dNITIRSrs":false,"tps":"","dTHEMATICRSrs":true},{"_id":"143728","area":"IND003021","below":[],"indicator":2,"ius":"Births delivered by caesarean section:Percent:Total","rank":22,"src":6,"subgrp":1,"top":[],"tp":"2012-2013","trend":"na","value":"6.9","slugiddata":143728,"dKPIRSrs":false,"dNITIRSrs":false,"tps":"","dTHEMATICRSrs":false},{"_id":"144431","area":"IND003021","below":[],"indicator":2,"ius":"Births delivered by caesarean section:Percent:Total","rank":19,"src":6,"subgrp":1,"top":[],"tp":"2013-2014","trend":"up","value":"10.0","slugiddata":144431,"dKPIRSrs":false,"dNITIRSrs":false,"tps":"","dTHEMATICRSrs":false},{"_id":"145131","area":"IND003021","below":[],"indicator":2,"ius":"Births delivered by caesarean section:Percent:Total","rank":19,"src":6,"subgrp":1,"top":[],"tp":"2014-2015","trend":"up","value":"15.7","slugiddata":145131,"dKPIRSrs":false,"dNITIRSrs":false,"tps":"","dTHEMATICRSrs":false},{"_id":"145842","area":"IND003021","below":[],"indicator":2,"ius":"Births delivered by caesarean section:Percent:Total","rank":16,"src":6,"subgrp":1,"top":[],"tp":"2015-2016","trend":"up","value":"20.3","slugiddata":145842,"dKPIRSrs":false,"dNITIRSrs":false,"tps":"","dTHEMATICRSrs":false},{"_id":"146555","area":"IND003021","below":[],"indicator":2,"ius":"Births delivered by caesarean section:Percent:Total","rank":18,"src":6,"subgrp":1,"top":[],"tp":"2016-2017","trend":"up","value":"24.3","slugiddata":146555,"dKPIRSrs":false,"dNITIRSrs":false,"tps":"","dTHEMATICRSrs":false},{"_id":"149955","area":"IND003021","below":[],"indicator":33,"ius":"Mothers who received post-natal check-up within 48 hrs. of delivery:Percent:Total","rank":10,"src":6,"subgrp":1,"top":[],"tp":"2012-2013","trend":"na","value":"61.8","slugiddata":149955,"dKPIRSrs":false,"dNITIRSrs":false,"tps":"","dTHEMATICRSrs":true},{"_id":"150658","area":"IND003021","below":[],"indicator":33,"ius":"Mothers who received post-natal check-up within 48 hrs. of delivery:Percent:Total","rank":7,"src":6,"subgrp":1,"top":[],"tp":"2013-2014","trend":"up","value":"79.1","slugiddata":150658,"dKPIRSrs":false,"dNITIRSrs":false,"tps":"","dTHEMATICRSrs":true},{"_id":"151358","area":"IND003021","below":[],"indicator":33,"ius":"Mothers who received post-natal check-up within 48 hrs. of delivery:Percent:Total","rank":7,"src":6,"subgrp":1,"top":[],"tp":"2014-2015","trend":"up","value":"86.9","slugiddata":151358,"dKPIRSrs":false,"dNITIRSrs":false,"tps":"","dTHEMATICRSrs":true},{"_id":"152069","area":"IND003021","below":[],"indicator":33,"ius":"Mothers who received post-natal check-up within 48 hrs. of delivery:Percent:Total","rank":13,"src":6,"subgrp":1,"top":[],"tp":"2015-2016","trend":"dn","value":"73.2","slugiddata":152069,"dKPIRSrs":false,"dNITIRSrs":false,"tps":"","dTHEMATICRSrs":true},{"_id":"152782","area":"IND003021","below":[],"indicator":33,"ius":"Mothers who received post-natal check-up within 48 hrs. of delivery:Percent:Total","rank":16,"src":6,"subgrp":1,"top":[],"tp":"2016-2017","trend":"dn","value":"72.7","slugiddata":152782,"dKPIRSrs":false,"dNITIRSrs":false,"tps":"","dTHEMATICRSrs":true},{"_id":"156169","area":"IND003021","below":[],"indicator":112,"ius":"Newborns having weight less than 2.5 kg to newborns weighed at birth:Percent:Total","rank":16,"src":6,"subgrp":1,"top":[],"tp":"2012-2013","trend":"na","value":"17.3","slugiddata":156169,"dKPIRSrs":true,"dNITIRSrs":true,"tps":"","dTHEMATICRSrs":false},{"_id":"156872","area":"IND003021","below":[],"indicator":112,"ius":"Newborns having weight less than 2.5 kg to newborns weighed at birth:Percent:Total","rank":20,"src":6,"subgrp":1,"top":[],"tp":"2013-2014","trend":"up","value":"14.9","slugiddata":156872,"dKPIRSrs":true,"dNITIRSrs":true,"tps":"","dTHEMATICRSrs":false},{"_id":"157572","area":"IND003021","below":[],"indicator":112,"ius":"Newborns having weight less than 2.5 kg to newborns weighed at birth:Percent:Total","rank":21,"src":6,"subgrp":1,"top":[],"tp":"2014-2015","trend":"up","value":"12.9","slugiddata":157572,"dKPIRSrs":true,"dNITIRSrs":true,"tps":"","dTHEMATICRSrs":false},{"_id":"158283","area":"IND003021","below":[],"indicator":112,"ius":"Newborns having weight less than 2.5 kg to newborns weighed at birth:Percent:Total","rank":12,"src":6,"subgrp":1,"top":[],"tp":"2015-2016","trend":"up","value":"5.8","slugiddata":158283,"dKPIRSrs":true,"dNITIRSrs":true,"tps":"","dTHEMATICRSrs":false},{"_id":"158996","area":"IND003021","below":[],"indicator":112,"ius":"Newborns having weight less than 2.5 kg to newborns weighed at birth:Percent:Total","rank":12,"src":6,"subgrp":1,"top":[],"tp":"2016-2017","trend":"dn","value":"7.6","slugiddata":158996,"dKPIRSrs":true,"dNITIRSrs":true,"tps":"","dTHEMATICRSrs":false},{"_id":"162387","area":"IND003021","below":[],"indicator":111,"ius":"Newborns breastfed within 1 hour of birth to total live birth:Percent:Total","rank":17,"src":6,"subgrp":1,"top":[],"tp":"2012-2013","trend":"na","value":"81.3","slugiddata":162387,"dKPIRSrs":false,"dNITIRSrs":true,"tps":"","dTHEMATICRSrs":false},{"_id":"163090","area":"IND003021","below":[],"indicator":111,"ius":"Newborns breastfed within 1 hour of birth to total live birth:Percent:Total","rank":15,"src":6,"subgrp":1,"top":[],"tp":"2013-2014","trend":"up","value":"86.2","slugiddata":163090,"dKPIRSrs":false,"dNITIRSrs":true,"tps":"","dTHEMATICRSrs":false},{"_id":"163790","area":"IND003021","below":[],"indicator":111,"ius":"Newborns breastfed within 1 hour of birth to total live birth:Percent:Total","rank":8,"src":6,"subgrp":1,"top":[],"tp":"2014-2015","trend":"up","value":"86.4","slugiddata":163790,"dKPIRSrs":false,"dNITIRSrs":true,"tps":"","dTHEMATICRSrs":false},{"_id":"164501","area":"IND003021","below":[],"indicator":111,"ius":"Newborns breastfed within 1 hour of birth to total live birth:Percent:Total","rank":9,"src":6,"subgrp":1,"top":[],"tp":"2015-2016","trend":"dn","value":"84.2","slugiddata":164501,"dKPIRSrs":false,"dNITIRSrs":true,"tps":"","dTHEMATICRSrs":false},{"_id":"165214","area":"IND003021","below":[],"indicator":111,"ius":"Newborns breastfed within 1 hour of birth to total live birth:Percent:Total","rank":11,"src":6,"subgrp":1,"top":[],"tp":"2016-2017","trend":"dn","value":"79.7","slugiddata":165214,"dKPIRSrs":false,"dNITIRSrs":true,"tps":"","dTHEMATICRSrs":false},{"_id":"168574","area":"IND003021","below":[],"indicator":94,"ius":"Newborns visited within 24hrs of home delivery to total reported home deliveries:Percent:Total","rank":14,"src":6,"subgrp":1,"top":[],"tp":"2012-2013","trend":"na","value":"71.7","slugiddata":168574,"dKPIRSrs":false,"dNITIRSrs":false,"tps":"","dTHEMATICRSrs":false},{"_id":"169272","area":"IND003021","below":[],"indicator":94,"ius":"Newborns visited within 24hrs of home delivery to total reported home deliveries:Percent:Total","rank":9,"src":6,"subgrp":1,"top":[],"tp":"2013-2014","trend":"up","value":"84.1","slugiddata":169272,"dKPIRSrs":false,"dNITIRSrs":false,"tps":"","dTHEMATICRSrs":false},{"_id":"169966","area":"IND003021","below":[],"indicator":94,"ius":"Newborns visited within 24hrs of home delivery to total reported home deliveries:Percent:Total","rank":5,"src":6,"subgrp":1,"top":[],"tp":"2014-2015","trend":"up","value":"89.0","slugiddata":169966,"dKPIRSrs":false,"dNITIRSrs":false,"tps":"","dTHEMATICRSrs":false},{"_id":"170667","area":"IND003021","below":[],"indicator":94,"ius":"Newborns visited within 24hrs of home delivery to total reported home deliveries:Percent:Total","rank":5,"src":6,"subgrp":1,"top":[],"tp":"2015-2016","trend":"up","value":"95.0","slugiddata":170667,"dKPIRSrs":false,"dNITIRSrs":false,"tps":"","dTHEMATICRSrs":false},{"_id":"171356","area":"IND003021","below":[],"indicator":94,"ius":"Newborns visited within 24hrs of home delivery to total reported home deliveries:Percent:Total","rank":7,"src":6,"subgrp":1,"top":[],"tp":"2016-2017","trend":"dn","value":"93.4","slugiddata":171356,"dKPIRSrs":false,"dNITIRSrs":false,"tps":"","dTHEMATICRSrs":false},{"_id":"181534","area":"IND003021","below":[],"indicator":96,"ius":"MTPs conducted at public institutions to total MTPs:Percent:Total","rank":1,"src":6,"subgrp":1,"top":[],"tp":"2014-2015","trend":"na","value":"100.0","slugiddata":181534,"dKPIRSrs":false,"dNITIRSrs":false,"tps":"","dTHEMATICRSrs":true},{"_id":"182209","area":"IND003021","below":[],"indicator":96,"ius":"MTPs conducted at public institutions to total MTPs:Percent:Total","rank":19,"src":6,"subgrp":1,"top":[],"tp":"2015-2016","trend":"dn","value":"0.0","slugiddata":182209,"dKPIRSrs":false,"dNITIRSrs":false,"tps":"","dTHEMATICRSrs":true},{"_id":"182890","area":"IND003021","below":[],"indicator":96,"ius":"MTPs conducted at public institutions to total MTPs:Percent:Total","rank":22,"src":6,"subgrp":1,"top":[],"tp":"2016-2017","trend":"up","value":"0.3","slugiddata":182890,"dKPIRSrs":false,"dNITIRSrs":false,"tps":"","dTHEMATICRSrs":true},{"_id":"192123","area":"IND003021","below":[],"indicator":98,"ius":"Male sterilization (vasectomies) to total sterilization:Percent:Total","rank":3,"src":6,"subgrp":1,"top":[],"tp":"2012-2013","trend":"na","value":"11.5","slugiddata":192123,"dKPIRSrs":false,"dNITIRSrs":false,"tps":"","dTHEMATICRSrs":true},{"_id":"192815","area":"IND003021","below":[],"indicator":98,"ius":"Male sterilization (vasectomies) to total sterilization:Percent:Total","rank":19,"src":6,"subgrp":1,"top":[],"tp":"2013-2014","trend":"dn","value":"2.0","slugiddata":192815,"dKPIRSrs":false,"dNITIRSrs":false,"tps":"","dTHEMATICRSrs":true},{"_id":"193500","area":"IND003021","below":[],"indicator":98,"ius":"Male sterilization (vasectomies) to total sterilization:Percent:Total","rank":21,"src":6,"subgrp":1,"top":[],"tp":"2014-2015","trend":"dn","value":"1.2","slugiddata":193500,"dKPIRSrs":false,"dNITIRSrs":false,"tps":"","dTHEMATICRSrs":true},{"_id":"194196","area":"IND003021","below":[],"indicator":98,"ius":"Male sterilization (vasectomies) to total sterilization:Percent:Total","rank":21,"src":6,"subgrp":1,"top":[],"tp":"2015-2016","trend":"dn","value":"0.6","slugiddata":194196,"dKPIRSrs":false,"dNITIRSrs":false,"tps":"","dTHEMATICRSrs":true},{"_id":"194891","area":"IND003021","below":[],"indicator":98,"ius":"Male sterilization (vasectomies) to total sterilization:Percent:Total","rank":16,"src":6,"subgrp":1,"top":[],"tp":"2016-2017","trend":"up","value":"1.0","slugiddata":194891,"dKPIRSrs":false,"dNITIRSrs":false,"tps":"","dTHEMATICRSrs":true},{"_id":"198214","area":"IND003021","below":[],"indicator":99,"ius":"Post partum sterilizations to total female sterilizations:Percent:Total","rank":6,"src":6,"subgrp":1,"top":[],"tp":"2012-2013","trend":"na","value":"3.3","slugiddata":198214,"dKPIRSrs":false,"dNITIRSrs":false,"tps":"","dTHEMATICRSrs":false},{"_id":"198906","area":"IND003021","below":[],"indicator":99,"ius":"Post partum sterilizations to total female sterilizations:Percent:Total","rank":7,"src":6,"subgrp":1,"top":[],"tp":"2013-2014","trend":"dn","value":"4.7","slugiddata":198906,"dKPIRSrs":false,"dNITIRSrs":false,"tps":"","dTHEMATICRSrs":false},{"_id":"199591","area":"IND003021","below":[],"indicator":99,"ius":"Post partum sterilizations to total female sterilizations:Percent:Total","rank":6,"src":6,"subgrp":1,"top":[],"tp":"2014-2015","trend":"dn","value":"7.2","slugiddata":199591,"dKPIRSrs":false,"dNITIRSrs":false,"tps":"","dTHEMATICRSrs":false},{"_id":"200286","area":"IND003021","below":[],"indicator":99,"ius":"Post partum sterilizations to total female sterilizations:Percent:Total","rank":7,"src":6,"subgrp":1,"top":[],"tp":"2015-2016","trend":"dn","value":"14.3","slugiddata":200286,"dKPIRSrs":false,"dNITIRSrs":false,"tps":"","dTHEMATICRSrs":false},{"_id":"200980","area":"IND003021","below":[],"indicator":99,"ius":"Post partum sterilizations to total female sterilizations:Percent:Total","rank":9,"src":6,"subgrp":1,"top":[],"tp":"2016-2017","trend":"dn","value":"15.7","slugiddata":200980,"dKPIRSrs":false,"dNITIRSrs":false,"tps":"","dTHEMATICRSrs":false},{"_id":"210600","area":"IND003021","below":[],"indicator":101,"ius":"IUCD insertions in public plus private institutions to all family planning methods ( IUCD plus permanent):Percent:Total","rank":3,"src":6,"subgrp":1,"top":[],"tp":"2012-2013","trend":"na","value":"82.3","slugiddata":210600,"dKPIRSrs":false,"dNITIRSrs":false,"tps":"","dTHEMATICRSrs":true},{"_id":"211302","area":"IND003021","below":[],"indicator":101,"ius":"IUCD insertions in public plus private institutions to all family planning methods ( IUCD plus permanent):Percent:Total","rank":3,"src":6,"subgrp":1,"top":[],"tp":"2013-2014","trend":"up","value":"82.5","slugiddata":211302,"dKPIRSrs":false,"dNITIRSrs":false,"tps":"","dTHEMATICRSrs":true},{"_id":"212002","area":"IND003021","below":[],"indicator":101,"ius":"IUCD insertions in public plus private institutions to all family planning methods ( IUCD plus permanent):Percent:Total","rank":3,"src":6,"subgrp":1,"top":[],"tp":"2014-2015","trend":"up","value":"83.8","slugiddata":212002,"dKPIRSrs":false,"dNITIRSrs":false,"tps":"","dTHEMATICRSrs":true},{"_id":"212713","area":"IND003021","below":[],"indicator":101,"ius":"IUCD insertions in public plus private institutions to all family planning methods ( IUCD plus permanent):Percent:Total","rank":9,"src":6,"subgrp":1,"top":[],"tp":"2015-2016","trend":"dn","value":"82.4","slugiddata":212713,"dKPIRSrs":false,"dNITIRSrs":false,"tps":"","dTHEMATICRSrs":true},{"_id":"213426","area":"IND003021","below":[],"indicator":101,"ius":"IUCD insertions in public plus private institutions to all family planning methods ( IUCD plus permanent):Percent:Total","rank":13,"src":6,"subgrp":1,"top":[],"tp":"2016-2017","trend":"dn","value":"79.7","slugiddata":213426,"dKPIRSrs":false,"dNITIRSrs":false,"tps":"","dTHEMATICRSrs":true},{"_id":"216817","area":"IND003021","below":[],"indicator":102,"ius":"Newborns given BCG to reported live birth:Percent:Total","rank":1,"src":6,"subgrp":1,"top":[],"tp":"2012-2013","trend":"na","value":"130.7","slugiddata":216817,"dKPIRSrs":false,"dNITIRSrs":false,"tps":"","dTHEMATICRSrs":true},{"_id":"217520","area":"IND003021","below":[],"indicator":102,"ius":"Newborns given BCG to reported live birth:Percent:Total","rank":7,"src":6,"subgrp":1,"top":[],"tp":"2013-2014","trend":"dn","value":"114.1","slugiddata":217520,"dKPIRSrs":false,"dNITIRSrs":false,"tps":"","dTHEMATICRSrs":true},{"_id":"218220","area":"IND003021","below":[],"indicator":102,"ius":"Newborns given BCG to reported live birth:Percent:Total","rank":13,"src":6,"subgrp":1,"top":[],"tp":"2014-2015","trend":"dn","value":"108.9","slugiddata":218220,"dKPIRSrs":false,"dNITIRSrs":false,"tps":"","dTHEMATICRSrs":true},{"_id":"218931","area":"IND003021","below":[],"indicator":102,"ius":"Newborns given BCG to reported live birth:Percent:Total","rank":21,"src":6,"subgrp":1,"top":[],"tp":"2015-2016","trend":"dn","value":"93.8","slugiddata":218931,"dKPIRSrs":false,"dNITIRSrs":false,"tps":"","dTHEMATICRSrs":true},{"_id":"219644","area":"IND003021","below":[],"indicator":102,"ius":"Newborns given BCG to reported live birth:Percent:Total","rank":17,"src":6,"subgrp":1,"top":[],"tp":"2016-2017","trend":"up","value":"98.2","slugiddata":219644,"dKPIRSrs":false,"dNITIRSrs":false,"tps":"","dTHEMATICRSrs":true},{"_id":"223035","area":"IND003021","below":[],"indicator":103,"ius":"Infants 0 to 11 months old who received measles vaccine to reported live births:Percent:Total","rank":12,"src":6,"subgrp":1,"top":[],"tp":"2012-2013","trend":"na","value":"101.7","slugiddata":223035,"dKPIRSrs":false,"dNITIRSrs":false,"tps":"","dTHEMATICRSrs":true},{"_id":"223738","area":"IND003021","below":[],"indicator":103,"ius":"Infants 0 to 11 months old who received measles vaccine to reported live births:Percent:Total","rank":8,"src":6,"subgrp":1,"top":[],"tp":"2013-2014","trend":"up","value":"106.1","slugiddata":223738,"dKPIRSrs":false,"dNITIRSrs":false,"tps":"","dTHEMATICRSrs":true},{"_id":"224438","area":"IND003021","below":[],"indicator":103,"ius":"Infants 0 to 11 months old who received measles vaccine to reported live births:Percent:Total","rank":9,"src":6,"subgrp":1,"top":[],"tp":"2014-2015","trend":"up","value":"107.0","slugiddata":224438,"dKPIRSrs":false,"dNITIRSrs":false,"tps":"","dTHEMATICRSrs":true},{"_id":"225149","area":"IND003021","below":[],"indicator":103,"ius":"Infants 0 to 11 months old who received measles vaccine to reported live births:Percent:Total","rank":18,"src":6,"subgrp":1,"top":[],"tp":"2015-2016","trend":"dn","value":"99.5","slugiddata":225149,"dKPIRSrs":false,"dNITIRSrs":false,"tps":"","dTHEMATICRSrs":true},{"_id":"225862","area":"IND003021","below":[],"indicator":103,"ius":"Infants 0 to 11 months old who received measles vaccine to reported live births:Percent:Total","rank":17,"src":6,"subgrp":1,"top":[],"tp":"2016-2017","trend":"up","value":"101.1","slugiddata":225862,"dKPIRSrs":false,"dNITIRSrs":false,"tps":"","dTHEMATICRSrs":true},{"_id":"235363","area":"IND003021","below":[],"indicator":14,"ius":"Institutional delivery:Percent:Total","rank":21,"src":6,"subgrp":1,"top":[],"tp":"2012-2013","trend":"na","value":"69.5","slugiddata":235363,"dKPIRSrs":false,"dNITIRSrs":false,"tps":"","dTHEMATICRSrs":false},{"_id":"236066","area":"IND003021","below":[],"indicator":14,"ius":"Institutional delivery:Percent:Total","rank":20,"src":6,"subgrp":1,"top":[],"tp":"2013-2014","trend":"up","value":"74.0","slugiddata":236066,"dKPIRSrs":false,"dNITIRSrs":false,"tps":"","dTHEMATICRSrs":false},{"_id":"236766","area":"IND003021","below":[],"indicator":14,"ius":"Institutional delivery:Percent:Total","rank":21,"src":6,"subgrp":1,"top":[],"tp":"2014-2015","trend":"up","value":"79.0","slugiddata":236766,"dKPIRSrs":false,"dNITIRSrs":false,"tps":"","dTHEMATICRSrs":false},{"_id":"237477","area":"IND003021","below":[],"indicator":14,"ius":"Institutional delivery:Percent:Total","rank":15,"src":6,"subgrp":1,"top":[],"tp":"2015-2016","trend":"up","value":"89.1","slugiddata":237477,"dKPIRSrs":false,"dNITIRSrs":false,"tps":"","dTHEMATICRSrs":false},{"_id":"238190","area":"IND003021","below":[],"indicator":14,"ius":"Institutional delivery:Percent:Total","rank":17,"src":6,"subgrp":1,"top":[],"tp":"2016-2017","trend":"up","value":"92.9","slugiddata":238190,"dKPIRSrs":false,"dNITIRSrs":false,"tps":"","dTHEMATICRSrs":false},{"_id":"241589","area":"IND003021","below":[],"indicator":11,"ius":"Institutional delivery in public/government health facility:Percent:Total","rank":1,"src":6,"subgrp":1,"top":[],"tp":"2012-2013","trend":"na","value":"81.1","slugiddata":241589,"dKPIRSrs":false,"dNITIRSrs":false,"tps":"","dTHEMATICRSrs":false},{"_id":"242292","area":"IND003021","below":[],"indicator":11,"ius":"Institutional delivery in public/government health facility:Percent:Total","rank":1,"src":6,"subgrp":1,"top":[],"tp":"2013-2014","trend":"up","value":"83.9","slugiddata":242292,"dKPIRSrs":false,"dNITIRSrs":false,"tps":"","dTHEMATICRSrs":false},{"_id":"242992","area":"IND003021","below":[],"indicator":11,"ius":"Institutional delivery in public/government health facility:Percent:Total","rank":1,"src":6,"subgrp":1,"top":[],"tp":"2014-2015","trend":"up","value":"86.6","slugiddata":242992,"dKPIRSrs":false,"dNITIRSrs":false,"tps":"","dTHEMATICRSrs":false},{"_id":"243703","area":"IND003021","below":[],"indicator":11,"ius":"Institutional delivery in public/government health facility:Percent:Total","rank":1,"src":6,"subgrp":1,"top":[],"tp":"2015-2016","trend":"dn","value":"73.2","slugiddata":243703,"dKPIRSrs":false,"dNITIRSrs":false,"tps":"","dTHEMATICRSrs":false},{"_id":"244416","area":"IND003021","below":[],"indicator":11,"ius":"Institutional delivery in public/government health facility:Percent:Total","rank":3,"src":6,"subgrp":1,"top":[],"tp":"2016-2017","trend":"dn","value":"70.6","slugiddata":244416,"dKPIRSrs":false,"dNITIRSrs":false,"tps":"","dTHEMATICRSrs":false},{"_id":"253358","area":"IND003021","below":[],"indicator":105,"ius":"Adolescent counselled:Number:Total","rank":7,"src":6,"subgrp":1,"top":[],"tp":"2012-2013","trend":"na","value":"527.0","slugiddata":253358,"dKPIRSrs":false,"dNITIRSrs":false,"tps":"","dTHEMATICRSrs":true},{"_id":"254032","area":"IND003021","below":[],"indicator":105,"ius":"Adolescent counselled:Number:Total","rank":5,"src":6,"subgrp":1,"top":[],"tp":"2013-2014","trend":"up","value":"908.0","slugiddata":254032,"dKPIRSrs":false,"dNITIRSrs":false,"tps":"","dTHEMATICRSrs":true},{"_id":"254726","area":"IND003021","below":[],"indicator":105,"ius":"Adolescent counselled:Number:Total","rank":14,"src":6,"subgrp":1,"top":[],"tp":"2014-2015","trend":"dn","value":"40.0","slugiddata":254726,"dKPIRSrs":false,"dNITIRSrs":false,"tps":"","dTHEMATICRSrs":true},{"_id":"255435","area":"IND003021","below":[],"indicator":105,"ius":"Adolescent counselled:Number:Total","rank":15,"src":6,"subgrp":1,"top":[],"tp":"2015-2016","trend":"dn","value":"15.0","slugiddata":255435,"dKPIRSrs":false,"dNITIRSrs":false,"tps":"","dTHEMATICRSrs":true},{"_id":"256146","area":"IND003021","below":[],"indicator":105,"ius":"Adolescent counselled:Number:Total","rank":6,"src":6,"subgrp":1,"top":[],"tp":"2016-2017","trend":"up","value":"786.0","slugiddata":256146,"dKPIRSrs":false,"dNITIRSrs":false,"tps":"","dTHEMATICRSrs":true},{"_id":"263094","area":"IND003021","below":[],"indicator":88,"ius":"1st trimester registration to total ANC registrations:Percent:Total","rank":9,"src":6,"subgrp":1,"top":[],"tp":"2017-2018","trend":"up","value":"77.4","slugiddata":263094,"dKPIRSrs":false,"dNITIRSrs":true,"tps":"","dTHEMATICRSrs":false},{"_id":"263830","area":"IND003021","below":[],"indicator":48,"ius":"Mothers who had at least 4 antenatal care visits:Percent:Total","rank":18,"src":6,"subgrp":1,"top":[],"tp":"2017-2018","trend":"na","value":"64.3","slugiddata":263830,"dKPIRSrs":false,"dNITIRSrs":true,"tps":"","dTHEMATICRSrs":false},{"_id":"264561","area":"IND003021","below":[],"indicator":12,"ius":"Home delivery conducted by skilled health personnel:Percent:Total","rank":15,"src":6,"subgrp":1,"top":[],"tp":"2017-2018","trend":"up","value":"23.7","slugiddata":264561,"dKPIRSrs":false,"dNITIRSrs":true,"tps":"","dTHEMATICRSrs":false},{"_id":"265293","area":"IND003021","below":[],"indicator":112,"ius":"Newborns having weight less than 2.5 kg to newborns weighed at birth:Percent:Total","rank":13,"src":6,"subgrp":1,"top":[],"tp":"2017-2018","trend":"dn","value":"8.4","slugiddata":265293,"dKPIRSrs":true,"dNITIRSrs":true,"tps":"","dTHEMATICRSrs":false},{"_id":"266029","area":"IND003021","below":[],"indicator":111,"ius":"Newborns breastfed within 1 hour of birth to total live birth:Percent:Total","rank":12,"src":6,"subgrp":1,"top":[],"tp":"2017-2018","trend":"dn","value":"77.3","slugiddata":266029,"dKPIRSrs":false,"dNITIRSrs":true,"tps":"","dTHEMATICRSrs":false},{"_id":"266765","area":"IND003021","below":[],"indicator":109,"ius":"Percentage of institutional deliveries out of total ANC registration:Percent:Total","rank":15,"src":6,"subgrp":1,"top":[],"tp":"2017-2018","trend":"up","value":"78.2","slugiddata":266765,"dKPIRSrs":false,"dNITIRSrs":true,"tps":"","dTHEMATICRSrs":false},{"_id":"267501","area":"IND003021","below":[],"indicator":108,"ius":"Percentage of PW having Hb level<11 (tested cases) (7.1 to 10.9) against total ANC registration:Percent:Total","rank":6,"src":6,"subgrp":1,"top":[],"tp":"2017-2018","trend":"up","value":"80.8","slugiddata":267501,"dKPIRSrs":false,"dNITIRSrs":true,"tps":"","dTHEMATICRSrs":false},{"_id":"268237","area":"IND003021","below":[],"indicator":113,"ius":"Percentage of PW having Hb level<7 (tested cases) against total ANC registration:Percent:Total","rank":11,"src":6,"subgrp":1,"top":[],"tp":"2017-2018","trend":"dn","value":"2.5","slugiddata":268237,"dKPIRSrs":false,"dNITIRSrs":true,"tps":"","dTHEMATICRSrs":false},{"_id":"268973","area":"IND003021","below":[],"indicator":110,"ius":"Proportion of live babies weighed at birth:Percent:Total","rank":14,"src":6,"subgrp":1,"top":[],"tp":"2017-2018","trend":"dn","value":"94.1","slugiddata":268973,"dKPIRSrs":false,"dNITIRSrs":true,"tps":"","dTHEMATICRSrs":false},{"_id":"272392","area":"IND003021","below":[],"indicator":108,"ius":"Percentage of PW having Hb level<11 (tested cases) (7.1 to 10.9) against total ANC registration:Percent:Total","rank":8,"src":6,"subgrp":1,"top":[],"tp":"2012-2013","trend":"na","value":"60.8","slugiddata":272392,"dKPIRSrs":false,"dNITIRSrs":true,"tps":"","dTHEMATICRSrs":false},{"_id":"273095","area":"IND003021","below":[],"indicator":108,"ius":"Percentage of PW having Hb level<11 (tested cases) (7.1 to 10.9) against total ANC registration:Percent:Total","rank":15,"src":6,"subgrp":1,"top":[],"tp":"2013-2014","trend":"dn","value":"82.4","slugiddata":273095,"dKPIRSrs":false,"dNITIRSrs":true,"tps":"","dTHEMATICRSrs":false},{"_id":"273795","area":"IND003021","below":[],"indicator":108,"ius":"Percentage of PW having Hb level<11 (tested cases) (7.1 to 10.9) against total ANC registration:Percent:Total","rank":14,"src":6,"subgrp":1,"top":[],"tp":"2014-2015","trend":"dn","value":"93.1","slugiddata":273795,"dKPIRSrs":false,"dNITIRSrs":true,"tps":"","dTHEMATICRSrs":false},{"_id":"274506","area":"IND003021","below":[],"indicator":108,"ius":"Percentage of PW having Hb level<11 (tested cases) (7.1 to 10.9) against total ANC registration:Percent:Total","rank":13,"src":6,"subgrp":1,"top":[],"tp":"2015-2016","trend":"up","value":"90.3","slugiddata":274506,"dKPIRSrs":false,"dNITIRSrs":true,"tps":"","dTHEMATICRSrs":false},{"_id":"275219","area":"IND003021","below":[],"indicator":108,"ius":"Percentage of PW having Hb level<11 (tested cases) (7.1 to 10.9) against total ANC registration:Percent:Total","rank":10,"src":6,"subgrp":1,"top":[],"tp":"2016-2017","trend":"up","value":"87.6","slugiddata":275219,"dKPIRSrs":false,"dNITIRSrs":true,"tps":"","dTHEMATICRSrs":false},{"_id":"278617","area":"IND003021","below":[],"indicator":113,"ius":"Percentage of PW having Hb level<7 (tested cases) against total ANC registration:Percent:Total","rank":1,"src":6,"subgrp":1,"top":[],"tp":"2012-2013","trend":"na","value":"0.0","slugiddata":278617,"dKPIRSrs":false,"dNITIRSrs":true,"tps":"","dTHEMATICRSrs":false},{"_id":"279320","area":"IND003021","below":[],"indicator":113,"ius":"Percentage of PW having Hb level<7 (tested cases) against total ANC registration:Percent:Total","rank":1,"src":6,"subgrp":1,"top":[],"tp":"2013-2014","trend":"eq","value":"0.0","slugiddata":279320,"dKPIRSrs":false,"dNITIRSrs":true,"tps":"","dTHEMATICRSrs":false},{"_id":"280020","area":"IND003021","below":[],"indicator":113,"ius":"Percentage of PW having Hb level<7 (tested cases) against total ANC registration:Percent:Total","rank":1,"src":6,"subgrp":1,"top":[],"tp":"2014-2015","trend":"eq","value":"0.0","slugiddata":280020,"dKPIRSrs":false,"dNITIRSrs":true,"tps":"","dTHEMATICRSrs":false},{"_id":"280731","area":"IND003021","below":[],"indicator":113,"ius":"Percentage of PW having Hb level<7 (tested cases) against total ANC registration:Percent:Total","rank":15,"src":6,"subgrp":1,"top":[],"tp":"2015-2016","trend":"dn","value":"4.0","slugiddata":280731,"dKPIRSrs":false,"dNITIRSrs":true,"tps":"","dTHEMATICRSrs":false},{"_id":"281444","area":"IND003021","below":[],"indicator":113,"ius":"Percentage of PW having Hb level<7 (tested cases) against total ANC registration:Percent:Total","rank":10,"src":6,"subgrp":1,"top":[],"tp":"2016-2017","trend":"up","value":"1.6","slugiddata":281444,"dKPIRSrs":false,"dNITIRSrs":true,"tps":"","dTHEMATICRSrs":false},{"_id":"284842","area":"IND003021","below":[],"indicator":109,"ius":"Percentage of institutional deliveries out of total ANC registration:Percent:Total","rank":19,"src":6,"subgrp":1,"top":[],"tp":"2012-2013","trend":"na","value":"53.5","slugiddata":284842,"dKPIRSrs":false,"dNITIRSrs":true,"tps":"","dTHEMATICRSrs":false},{"_id":"285545","area":"IND003021","below":[],"indicator":109,"ius":"Percentage of institutional deliveries out of total ANC registration:Percent:Total","rank":20,"src":6,"subgrp":1,"top":[],"tp":"2013-2014","trend":"up","value":"59.7","slugiddata":285545,"dKPIRSrs":false,"dNITIRSrs":true,"tps":"","dTHEMATICRSrs":false},{"_id":"286245","area":"IND003021","below":[],"indicator":109,"ius":"Percentage of institutional deliveries out of total ANC registration:Percent:Total","rank":20,"src":6,"subgrp":1,"top":[],"tp":"2014-2015","trend":"up","value":"64.6","slugiddata":286245,"dKPIRSrs":false,"dNITIRSrs":true,"tps":"","dTHEMATICRSrs":false},{"_id":"286956","area":"IND003021","below":[],"indicator":109,"ius":"Percentage of institutional deliveries out of total ANC registration:Percent:Total","rank":16,"src":6,"subgrp":1,"top":[],"tp":"2015-2016","trend":"up","value":"73.6","slugiddata":286956,"dKPIRSrs":false,"dNITIRSrs":true,"tps":"","dTHEMATICRSrs":false},{"_id":"287669","area":"IND003021","below":[],"indicator":109,"ius":"Percentage of institutional deliveries out of total ANC registration:Percent:Total","rank":17,"src":6,"subgrp":1,"top":[],"tp":"2016-2017","trend":"up","value":"74.8","slugiddata":287669,"dKPIRSrs":false,"dNITIRSrs":true,"tps":"","dTHEMATICRSrs":false},{"_id":"291060","area":"IND003021","below":[],"indicator":110,"ius":"Proportion of live babies weighed at birth:Percent:Total","rank":20,"src":6,"subgrp":1,"top":[],"tp":"2012-2013","trend":"na","value":"83.8","slugiddata":291060,"dKPIRSrs":false,"dNITIRSrs":true,"tps":"","dTHEMATICRSrs":false},{"_id":"291763","area":"IND003021","below":[],"indicator":110,"ius":"Proportion of live babies weighed at birth:Percent:Total","rank":15,"src":6,"subgrp":1,"top":[],"tp":"2013-2014","trend":"up","value":"89.1","slugiddata":291763,"dKPIRSrs":false,"dNITIRSrs":true,"tps":"","dTHEMATICRSrs":false},{"_id":"292463","area":"IND003021","below":[],"indicator":110,"ius":"Proportion of live babies weighed at birth:Percent:Total","rank":17,"src":6,"subgrp":1,"top":[],"tp":"2014-2015","trend":"up","value":"90.4","slugiddata":292463,"dKPIRSrs":false,"dNITIRSrs":true,"tps":"","dTHEMATICRSrs":false},{"_id":"293174","area":"IND003021","below":[],"indicator":110,"ius":"Proportion of live babies weighed at birth:Percent:Total","rank":2,"src":6,"subgrp":1,"top":[],"tp":"2015-2016","trend":"up","value":"99.9","slugiddata":293174,"dKPIRSrs":false,"dNITIRSrs":true,"tps":"","dTHEMATICRSrs":false},{"_id":"293887","area":"IND003021","below":[],"indicator":110,"ius":"Proportion of live babies weighed at birth:Percent:Total","rank":9,"src":6,"subgrp":1,"top":[],"tp":"2016-2017","trend":"dn","value":"98.6","slugiddata":293887,"dKPIRSrs":false,"dNITIRSrs":true,"tps":"","dTHEMATICRSrs":false},{"_id":"294647","area":"IND003021","below":[],"indicator":89,"ius":"Pregnant women received TT2 or Booster to total ANC registration:Percent:Total","rank":16,"src":6,"subgrp":1,"top":[],"tp":"2017-2018","trend":"up","value":"90.0","slugiddata":294647,"dKPIRSrs":false,"dNITIRSrs":false,"tps":"","dTHEMATICRSrs":true},{"_id":"295383","area":"IND003021","below":[],"indicator":92,"ius":"Women discharged in less than 48 hours of delivery to total reported deliveries at public institutions:Percent:Total","rank":22,"src":6,"subgrp":1,"top":[],"tp":"2017-2018","trend":"up","value":"81.9","slugiddata":295383,"dKPIRSrs":false,"dNITIRSrs":false,"tps":"","dTHEMATICRSrs":true},{"_id":"296119","area":"IND003021","below":[],"indicator":14,"ius":"Institutional delivery:Percent:Total","rank":18,"src":6,"subgrp":1,"top":[],"tp":"2017-2018","trend":"up","value":"95.1","slugiddata":296119,"dKPIRSrs":false,"dNITIRSrs":false,"tps":"","dTHEMATICRSrs":false},{"_id":"297591","area":"IND003021","below":[],"indicator":93,"ius":"Home deliveries to total reported deliveries:Percent:Total","rank":18,"src":6,"subgrp":1,"top":[],"tp":"2017-2018","trend":"up","value":"4.9","slugiddata":297591,"dKPIRSrs":true,"dNITIRSrs":false,"tps":"","dTHEMATICRSrs":true},{"_id":"298327","area":"IND003021","below":[],"indicator":2,"ius":"Births delivered by caesarean section:Percent:Total","rank":17,"src":6,"subgrp":1,"top":[],"tp":"2017-2018","trend":"up","value":"24.5","slugiddata":298327,"dKPIRSrs":false,"dNITIRSrs":false,"tps":"","dTHEMATICRSrs":false},{"_id":"299063","area":"IND003021","below":[],"indicator":11,"ius":"Institutional delivery in public/government health facility:Percent:Total","rank":6,"src":6,"subgrp":1,"top":[],"tp":"2017-2018","trend":"dn","value":"62.2","slugiddata":299063,"dKPIRSrs":false,"dNITIRSrs":false,"tps":"","dTHEMATICRSrs":false},{"_id":"300515","area":"IND003021","below":[],"indicator":96,"ius":"MTPs conducted at public institutions to total MTPs:Percent:Total","rank":22,"src":6,"subgrp":1,"top":[],"tp":"2017-2018","trend":"dn","value":"0.0","slugiddata":300515,"dKPIRSrs":false,"dNITIRSrs":false,"tps":"","dTHEMATICRSrs":true},{"_id":"301931","area":"IND003021","below":[],"indicator":98,"ius":"Male sterilization (vasectomies) to total sterilization:Percent:Total","rank":14,"src":6,"subgrp":1,"top":[],"tp":"2017-2018","trend":"up","value":"1.2","slugiddata":301931,"dKPIRSrs":false,"dNITIRSrs":false,"tps":"","dTHEMATICRSrs":true},{"_id":"302651","area":"IND003021","below":[],"indicator":99,"ius":"Post partum sterilizations to total female sterilizations:Percent:Total","rank":9,"src":6,"subgrp":1,"top":[],"tp":"2017-2018","trend":"dn","value":"23.4","slugiddata":302651,"dKPIRSrs":false,"dNITIRSrs":false,"tps":"","dTHEMATICRSrs":false},{"_id":"304120","area":"IND003021","below":[],"indicator":101,"ius":"IUCD insertions in public plus private institutions to all family planning methods ( IUCD plus permanent):Percent:Total","rank":6,"src":6,"subgrp":1,"top":[],"tp":"2017-2018","trend":"up","value":"85.0","slugiddata":304120,"dKPIRSrs":false,"dNITIRSrs":false,"tps":"","dTHEMATICRSrs":true},{"_id":"304856","area":"IND003021","below":[],"indicator":102,"ius":"Newborns given BCG to reported live birth:Percent:Total","rank":19,"src":6,"subgrp":1,"top":[],"tp":"2017-2018","trend":"dn","value":"96.3","slugiddata":304856,"dKPIRSrs":false,"dNITIRSrs":false,"tps":"","dTHEMATICRSrs":true},{"_id":"305592","area":"IND003021","below":[],"indicator":103,"ius":"Infants 0 to 11 months old who received measles vaccine to reported live births:Percent:Total","rank":19,"src":6,"subgrp":1,"top":[],"tp":"2017-2018","trend":"dn","value":"94.2","slugiddata":305592,"dKPIRSrs":false,"dNITIRSrs":false,"tps":"","dTHEMATICRSrs":true},{"_id":"310516","area":"IND003021","below":[],"indicator":119,"ius":"Cases of Pregnant women with obstetric complications and attended to reported deliveries:Percent:Total","rank":19,"src":6,"subgrp":1,"top":[],"tp":"2012-2013","trend":"na","value":"0.0","slugiddata":310516,"dKPIRSrs":false,"dNITIRSrs":false,"tps":"","dTHEMATICRSrs":false},{"_id":"311219","area":"IND003021","below":[],"indicator":119,"ius":"Cases of Pregnant women with obstetric complications and attended to reported deliveries:Percent:Total","rank":19,"src":6,"subgrp":1,"top":[],"tp":"2013-2014","trend":"eq","value":"0.0","slugiddata":311219,"dKPIRSrs":false,"dNITIRSrs":false,"tps":"","dTHEMATICRSrs":false},{"_id":"311919","area":"IND003021","below":[],"indicator":119,"ius":"Cases of Pregnant women with obstetric complications and attended to reported deliveries:Percent:Total","rank":20,"src":6,"subgrp":1,"top":[],"tp":"2014-2015","trend":"up","value":"3.3","slugiddata":311919,"dKPIRSrs":false,"dNITIRSrs":false,"tps":"","dTHEMATICRSrs":false},{"_id":"312630","area":"IND003021","below":[],"indicator":119,"ius":"Cases of Pregnant women with obstetric complications and attended to reported deliveries:Percent:Total","rank":13,"src":6,"subgrp":1,"top":[],"tp":"2015-2016","trend":"up","value":"14.5","slugiddata":312630,"dKPIRSrs":false,"dNITIRSrs":false,"tps":"","dTHEMATICRSrs":false},{"_id":"313343","area":"IND003021","below":[],"indicator":119,"ius":"Cases of Pregnant women with obstetric complications and attended to reported deliveries:Percent:Total","rank":15,"src":6,"subgrp":1,"top":[],"tp":"2016-2017","trend":"up","value":"14.8","slugiddata":313343,"dKPIRSrs":false,"dNITIRSrs":false,"tps":"","dTHEMATICRSrs":false},{"_id":"314058","area":"IND003021","below":[],"indicator":119,"ius":"Cases of Pregnant women with obstetric complications and attended to reported deliveries:Percent:Total","rank":16,"src":6,"subgrp":1,"top":[],"tp":"2017-2018","trend":"dn","value":"4.2","slugiddata":314058,"dKPIRSrs":false,"dNITIRSrs":false,"tps":"","dTHEMATICRSrs":false},{"_id":"314794","area":"IND003021","below":[],"indicator":118,"ius":"Pregnant women given 180 IFA to total ANC registration:Percent:Total","rank":14,"src":6,"subgrp":1,"top":[],"tp":"2017-2018","trend":"na","value":"76.7","slugiddata":314794,"dKPIRSrs":false,"dNITIRSrs":false,"tps":"","dTHEMATICRSrs":false},{"_id":"315530","area":"IND003021","below":[],"indicator":88,"ius":"1st trimester registration to total ANC registrations:Percent:Total","rank":10,"src":6,"subgrp":1,"top":[],"tp":"Apr-Sep_2018","trend":"up","value":"77.6","slugiddata":315530,"dKPIRSrs":false,"dNITIRSrs":true,"tps":"","dTHEMATICRSrs":false},{"_id":"316269","area":"IND003021","below":[],"indicator":48,"ius":"Mothers who had at least 4 antenatal care visits:Percent:Total","rank":13,"src":6,"subgrp":1,"top":[],"tp":"Apr-Sep_2018","trend":"up","value":"69.5","slugiddata":316269,"dKPIRSrs":false,"dNITIRSrs":true,"tps":"","dTHEMATICRSrs":false},{"_id":"317008","area":"IND003021","below":[],"indicator":89,"ius":"Pregnant women received TT2 or Booster to total ANC registration:Percent:Total","rank":16,"src":6,"subgrp":1,"top":[],"tp":"Apr-Sep_2018","trend":"up","value":"93.7","slugiddata":317008,"dKPIRSrs":false,"dNITIRSrs":false,"tps":"","dTHEMATICRSrs":true},{"_id":"317747","area":"IND003021","below":[],"indicator":118,"ius":"Pregnant women given 180 IFA to total ANC registration:Percent:Total","rank":4,"src":6,"subgrp":1,"top":[],"tp":"Apr-Sep_2018","trend":"dn","value":"73.4","slugiddata":317747,"dKPIRSrs":false,"dNITIRSrs":false,"tps":"","dTHEMATICRSrs":false},{"_id":"318486","area":"IND003021","below":[],"indicator":108,"ius":"Percentage of PW having Hb level<11 (tested cases) (7.1 to 10.9) against total ANC registration:Percent:Total","rank":5,"src":6,"subgrp":1,"top":[],"tp":"Apr-Sep_2018","trend":"up","value":"79.2","slugiddata":318486,"dKPIRSrs":false,"dNITIRSrs":true,"tps":"","dTHEMATICRSrs":false},{"_id":"319963","area":"IND003021","below":[],"indicator":113,"ius":"Percentage of PW having Hb level<7 (tested cases) against total ANC registration:Percent:Total","rank":14,"src":6,"subgrp":1,"top":[],"tp":"Apr-Sep_2018","trend":"dn","value":"4.3","slugiddata":319963,"dKPIRSrs":false,"dNITIRSrs":true,"tps":"","dTHEMATICRSrs":false},{"_id":"320702","area":"IND003021","below":[],"indicator":91,"ius":"New cases detected at institution for hypertension to total ANC registrations:Percent:Total","rank":6,"src":6,"subgrp":1,"top":[],"tp":"Apr-Sep_2018","trend":"dn","value":"1.0","slugiddata":320702,"dKPIRSrs":false,"dNITIRSrs":false,"tps":"","dTHEMATICRSrs":true},{"_id":"321432","area":"IND003021","below":[],"indicator":12,"ius":"Home delivery conducted by skilled health personnel:Percent:Total","rank":13,"src":6,"subgrp":1,"top":[],"tp":"Apr-Sep_2018","trend":"up","value":"27.7","slugiddata":321432,"dKPIRSrs":false,"dNITIRSrs":true,"tps":"","dTHEMATICRSrs":false},{"_id":"322161","area":"IND003021","below":[],"indicator":92,"ius":"Women discharged in less than 48 hours of delivery to total reported deliveries at public institutions:Percent:Total","rank":22,"src":6,"subgrp":1,"top":[],"tp":"Apr-Sep_2018","trend":"up","value":"79.7","slugiddata":322161,"dKPIRSrs":false,"dNITIRSrs":false,"tps":"","dTHEMATICRSrs":true},{"_id":"322900","area":"IND003021","below":[],"indicator":109,"ius":"Percentage of institutional deliveries out of total ANC registration:Percent:Total","rank":16,"src":6,"subgrp":1,"top":[],"tp":"Apr-Sep_2018","trend":"dn","value":"61.6","slugiddata":322900,"dKPIRSrs":false,"dNITIRSrs":true,"tps":"","dTHEMATICRSrs":false},{"_id":"323639","area":"IND003021","below":[],"indicator":14,"ius":"Institutional delivery:Percent:Total","rank":20,"src":6,"subgrp":1,"top":[],"tp":"Apr-Sep_2018","trend":"dn","value":"94.7","slugiddata":323639,"dKPIRSrs":false,"dNITIRSrs":false,"tps":"","dTHEMATICRSrs":false},{"_id":"325117","area":"IND003021","below":[],"indicator":93,"ius":"Home deliveries to total reported deliveries:Percent:Total","rank":20,"src":6,"subgrp":1,"top":[],"tp":"Apr-Sep_2018","trend":"dn","value":"5.3","slugiddata":325117,"dKPIRSrs":true,"dNITIRSrs":false,"tps":"","dTHEMATICRSrs":true},{"_id":"325856","area":"IND003021","below":[],"indicator":2,"ius":"Births delivered by caesarean section:Percent:Total","rank":17,"src":6,"subgrp":1,"top":[],"tp":"Apr-Sep_2018","trend":"up","value":"28.4","slugiddata":325856,"dKPIRSrs":false,"dNITIRSrs":false,"tps":"","dTHEMATICRSrs":false},{"_id":"326595","area":"IND003021","below":[],"indicator":11,"ius":"Institutional delivery in public/government health facility:Percent:Total","rank":11,"src":6,"subgrp":1,"top":[],"tp":"Apr-Sep_2018","trend":"dn","value":"55.0","slugiddata":326595,"dKPIRSrs":false,"dNITIRSrs":false,"tps":"","dTHEMATICRSrs":false},{"_id":"328073","area":"IND003021","below":[],"indicator":110,"ius":"Proportion of live babies weighed at birth:Percent:Total","rank":3,"src":6,"subgrp":1,"top":[],"tp":"Apr-Sep_2018","trend":"up","value":"99.8","slugiddata":328073,"dKPIRSrs":false,"dNITIRSrs":true,"tps":"","dTHEMATICRSrs":false},{"_id":"328812","area":"IND003021","below":[],"indicator":112,"ius":"Newborns having weight less than 2.5 kg to newborns weighed at birth:Percent:Total","rank":12,"src":6,"subgrp":1,"top":[],"tp":"Apr-Sep_2018","trend":"up","value":"7.9","slugiddata":328812,"dKPIRSrs":true,"dNITIRSrs":true,"tps":"","dTHEMATICRSrs":false},{"_id":"329551","area":"IND003021","below":[],"indicator":111,"ius":"Newborns breastfed within 1 hour of birth to total live birth:Percent:Total","rank":13,"src":6,"subgrp":1,"top":[],"tp":"Apr-Sep_2018","trend":"up","value":"78.8","slugiddata":329551,"dKPIRSrs":false,"dNITIRSrs":true,"tps":"","dTHEMATICRSrs":false},{"_id":"331029","area":"IND003021","below":[],"indicator":119,"ius":"Cases of Pregnant women with obstetric complications and attended to reported deliveries:Percent:Total","rank":15,"src":6,"subgrp":1,"top":[],"tp":"Apr-Sep_2018","trend":"up","value":"8.7","slugiddata":331029,"dKPIRSrs":false,"dNITIRSrs":false,"tps":"","dTHEMATICRSrs":false},{"_id":"331739","area":"IND003021","below":[],"indicator":96,"ius":"MTPs conducted at public institutions to total MTPs:Percent:Total","rank":22,"src":6,"subgrp":1,"top":[],"tp":"Apr-Sep_2018","trend":"eq","value":"0.0","slugiddata":331739,"dKPIRSrs":false,"dNITIRSrs":false,"tps":"","dTHEMATICRSrs":true},{"_id":"333127","area":"IND003021","below":[],"indicator":98,"ius":"Male sterilization (vasectomies) to total sterilization:Percent:Total","rank":14,"src":6,"subgrp":1,"top":[],"tp":"Apr-Sep_2018","trend":"dn","value":"1.0","slugiddata":333127,"dKPIRSrs":false,"dNITIRSrs":false,"tps":"","dTHEMATICRSrs":true},{"_id":"333838","area":"IND003021","below":[],"indicator":99,"ius":"Post partum sterilizations to total female sterilizations:Percent:Total","rank":11,"src":6,"subgrp":1,"top":[],"tp":"Apr-Sep_2018","trend":"up","value":"22.3","slugiddata":333838,"dKPIRSrs":false,"dNITIRSrs":false,"tps":"","dTHEMATICRSrs":false},{"_id":"335310","area":"IND003021","below":[],"indicator":101,"ius":"IUCD insertions in public plus private institutions to all family planning methods ( IUCD plus permanent):Percent:Total","rank":10,"src":6,"subgrp":1,"top":[],"tp":"Apr-Sep_2018","trend":"dn","value":"80.0","slugiddata":335310,"dKPIRSrs":false,"dNITIRSrs":false,"tps":"","dTHEMATICRSrs":true},{"_id":"336049","area":"IND003021","below":[],"indicator":102,"ius":"Newborns given BCG to reported live birth:Percent:Total","rank":12,"src":6,"subgrp":1,"top":[],"tp":"Apr-Sep_2018","trend":"up","value":"108.3","slugiddata":336049,"dKPIRSrs":false,"dNITIRSrs":false,"tps":"","dTHEMATICRSrs":true},{"_id":"336788","area":"IND003021","below":[],"indicator":103,"ius":"Infants 0 to 11 months old who received measles vaccine to reported live births:Percent:Total","rank":15,"src":6,"subgrp":1,"top":[],"tp":"Apr-Sep_2018","trend":"dn","value":"82.3","slugiddata":336788,"dKPIRSrs":false,"dNITIRSrs":false,"tps":"","dTHEMATICRSrs":true},{"_id":"82082","area":"IND003021","below":[],"indicator":88,"ius":"1st trimester registration to total ANC registrations:Percent:Total","rank":3,"src":6,"subgrp":1,"top":[],"tp":"2012-2013","trend":"na","value":"77.1","slugiddata":82082,"dKPIRSrs":false,"dNITIRSrs":true,"tps":"","dTHEMATICRSrs":false},{"_id":"82785","area":"IND003021","below":[],"indicator":88,"ius":"1st trimester registration to total ANC registrations:Percent:Total","rank":5,"src":6,"subgrp":1,"top":[],"tp":"2013-2014","trend":"dn","value":"74.2","slugiddata":82785,"dKPIRSrs":false,"dNITIRSrs":true,"tps":"","dTHEMATICRSrs":false},{"_id":"83485","area":"IND003021","below":[],"indicator":88,"ius":"1st trimester registration to total ANC registrations:Percent:Total","rank":10,"src":6,"subgrp":1,"top":[],"tp":"2014-2015","trend":"dn","value":"72.5","slugiddata":83485,"dKPIRSrs":false,"dNITIRSrs":true,"tps":"","dTHEMATICRSrs":false},{"_id":"84196","area":"IND003021","below":[],"indicator":88,"ius":"1st trimester registration to total ANC registrations:Percent:Total","rank":12,"src":6,"subgrp":1,"top":[],"tp":"2015-2016","trend":"dn","value":"71.9","slugiddata":84196,"dKPIRSrs":false,"dNITIRSrs":true,"tps":"","dTHEMATICRSrs":false},{"_id":"84909","area":"IND003021","below":[],"indicator":88,"ius":"1st trimester registration to total ANC registrations:Percent:Total","rank":15,"src":6,"subgrp":1,"top":[],"tp":"2016-2017","trend":"up","value":"72.2","slugiddata":84909,"dKPIRSrs":false,"dNITIRSrs":true,"tps":"","dTHEMATICRSrs":false},{"_id":"88307","area":"IND003021","below":[],"indicator":46,"ius":"Mothers who received 3 or more antenatal care:Percent:Total","rank":12,"src":6,"subgrp":1,"top":[],"tp":"2012-2013","trend":"na","value":"88.8","slugiddata":88307,"dKPIRSrs":false,"dNITIRSrs":false,"tps":"","dTHEMATICRSrs":false},{"_id":"89010","area":"IND003021","below":[],"indicator":46,"ius":"Mothers who received 3 or more antenatal care:Percent:Total","rank":8,"src":6,"subgrp":1,"top":[],"tp":"2013-2014","trend":"up","value":"92.0","slugiddata":89010,"dKPIRSrs":false,"dNITIRSrs":false,"tps":"","dTHEMATICRSrs":false},{"_id":"89710","area":"IND003021","below":[],"indicator":46,"ius":"Mothers who received 3 or more antenatal care:Percent:Total","rank":15,"src":6,"subgrp":1,"top":[],"tp":"2014-2015","trend":"dn","value":"89.0","slugiddata":89710,"dKPIRSrs":false,"dNITIRSrs":false,"tps":"","dTHEMATICRSrs":false},{"_id":"90421","area":"IND003021","below":[],"indicator":46,"ius":"Mothers who received 3 or more antenatal care:Percent:Total","rank":22,"src":6,"subgrp":1,"top":[],"tp":"2015-2016","trend":"dn","value":"79.2","slugiddata":90421,"dKPIRSrs":false,"dNITIRSrs":false,"tps":"","dTHEMATICRSrs":false},{"_id":"91134","area":"IND003021","below":[],"indicator":46,"ius":"Mothers who received 3 or more antenatal care:Percent:Total","rank":20,"src":6,"subgrp":1,"top":[],"tp":"2016-2017","trend":"dn","value":"78.5","slugiddata":91134,"dKPIRSrs":false,"dNITIRSrs":false,"tps":"","dTHEMATICRSrs":false},{"_id":"94532","area":"IND003021","below":[],"indicator":89,"ius":"Pregnant women received TT2 or Booster to total ANC registration:Percent:Total","rank":11,"src":6,"subgrp":1,"top":[],"tp":"2012-2013","trend":"na","value":"90.2","slugiddata":94532,"dKPIRSrs":false,"dNITIRSrs":false,"tps":"","dTHEMATICRSrs":true},{"_id":"95235","area":"IND003021","below":[],"indicator":89,"ius":"Pregnant women received TT2 or Booster to total ANC registration:Percent:Total","rank":6,"src":6,"subgrp":1,"top":[],"tp":"2013-2014","trend":"up","value":"93.0","slugiddata":95235,"dKPIRSrs":false,"dNITIRSrs":false,"tps":"","dTHEMATICRSrs":true},{"_id":"95935","area":"IND003021","below":[],"indicator":89,"ius":"Pregnant women received TT2 or Booster to total ANC registration:Percent:Total","rank":10,"src":6,"subgrp":1,"top":[],"tp":"2014-2015","trend":"dn","value":"92.3","slugiddata":95935,"dKPIRSrs":false,"dNITIRSrs":false,"tps":"","dTHEMATICRSrs":true},{"_id":"96646","area":"IND003021","below":[],"indicator":89,"ius":"Pregnant women received TT2 or Booster to total ANC registration:Percent:Total","rank":17,"src":6,"subgrp":1,"top":[],"tp":"2015-2016","trend":"dn","value":"86.3","slugiddata":96646,"dKPIRSrs":false,"dNITIRSrs":false,"tps":"","dTHEMATICRSrs":true},{"_id":"97359","area":"IND003021","below":[],"indicator":89,"ius":"Pregnant women received TT2 or Booster to total ANC registration:Percent:Total","rank":17,"src":6,"subgrp":1,"top":[],"tp":"2016-2017","trend":"dn","value":"80.8","slugiddata":97359,"dKPIRSrs":false,"dNITIRSrs":false,"tps":"","dTHEMATICRSrs":true}]