[{"_id":"103899","area":"IND008033","below":[],"indicator":91,"ius":"New cases detected at institution for hypertension to total ANC registrations:Percent:Total","rank":1,"src":6,"subgrp":1,"top":[],"tp":"2008-2009","trend":"na","value":"0.0","slugiddata":103899,"dKPIRSrs":false,"dNITIRSrs":false,"tps":"","dTHEMATICRSrs":true},{"_id":"104568","area":"IND008033","below":[],"indicator":91,"ius":"New cases detected at institution for hypertension to total ANC registrations:Percent:Total","rank":15,"src":6,"subgrp":1,"top":[],"tp":"2009-2010","trend":"dn","value":"6.9","slugiddata":104568,"dKPIRSrs":false,"dNITIRSrs":false,"tps":"","dTHEMATICRSrs":true},{"_id":"105241","area":"IND008033","below":[],"indicator":91,"ius":"New cases detected at institution for hypertension to total ANC registrations:Percent:Total","rank":20,"src":6,"subgrp":1,"top":[],"tp":"2010-2011","trend":"dn","value":"8.6","slugiddata":105241,"dKPIRSrs":false,"dNITIRSrs":false,"tps":"","dTHEMATICRSrs":true},{"_id":"105923","area":"IND008033","below":[],"indicator":91,"ius":"New cases detected at institution for hypertension to total ANC registrations:Percent:Total","rank":15,"src":6,"subgrp":1,"top":[],"tp":"2011-2012","trend":"up","value":"2.8","slugiddata":105923,"dKPIRSrs":false,"dNITIRSrs":false,"tps":"","dTHEMATICRSrs":true},{"_id":"106623","area":"IND008033","below":[],"indicator":91,"ius":"New cases detected at institution for hypertension to total ANC registrations:Percent:Total","rank":14,"src":6,"subgrp":1,"top":[],"tp":"2012-2013","trend":"up","value":"2.0","slugiddata":106623,"dKPIRSrs":false,"dNITIRSrs":false,"tps":"","dTHEMATICRSrs":true},{"_id":"107326","area":"IND008033","below":[],"indicator":91,"ius":"New cases detected at institution for hypertension to total ANC registrations:Percent:Total","rank":12,"src":6,"subgrp":1,"top":[],"tp":"2013-2014","trend":"eq","value":"2.0","slugiddata":107326,"dKPIRSrs":false,"dNITIRSrs":false,"tps":"","dTHEMATICRSrs":true},{"_id":"108026","area":"IND008033","below":[],"indicator":91,"ius":"New cases detected at institution for hypertension to total ANC registrations:Percent:Total","rank":9,"src":6,"subgrp":1,"top":[],"tp":"2014-2015","trend":"up","value":"1.3","slugiddata":108026,"dKPIRSrs":false,"dNITIRSrs":false,"tps":"","dTHEMATICRSrs":true},{"_id":"108737","area":"IND008033","below":[],"indicator":91,"ius":"New cases detected at institution for hypertension to total ANC registrations:Percent:Total","rank":8,"src":6,"subgrp":1,"top":[],"tp":"2015-2016","trend":"up","value":"0.9","slugiddata":108737,"dKPIRSrs":false,"dNITIRSrs":false,"tps":"","dTHEMATICRSrs":true},{"_id":"109450","area":"IND008033","below":[],"indicator":91,"ius":"New cases detected at institution for hypertension to total ANC registrations:Percent:Total","rank":5,"src":6,"subgrp":1,"top":[],"tp":"2016-2017","trend":"eq","value":"0.9","slugiddata":109450,"dKPIRSrs":false,"dNITIRSrs":false,"tps":"","dTHEMATICRSrs":true},{"_id":"110110","area":"IND008033","below":[],"indicator":12,"ius":"Home delivery conducted by skilled health personnel:Percent:Total","rank":27,"src":6,"subgrp":1,"top":[],"tp":"2008-2009","trend":"na","value":"21.3","slugiddata":110110,"dKPIRSrs":false,"dNITIRSrs":true,"tps":"","dTHEMATICRSrs":false},{"_id":"110773","area":"IND008033","below":[],"indicator":12,"ius":"Home delivery conducted by skilled health personnel:Percent:Total","rank":21,"src":6,"subgrp":1,"top":[],"tp":"2009-2010","trend":"up","value":"54.6","slugiddata":110773,"dKPIRSrs":false,"dNITIRSrs":true,"tps":"","dTHEMATICRSrs":false},{"_id":"111437","area":"IND008033","below":[],"indicator":12,"ius":"Home delivery conducted by skilled health personnel:Percent:Total","rank":18,"src":6,"subgrp":1,"top":[],"tp":"2010-2011","trend":"dn","value":"45.0","slugiddata":111437,"dKPIRSrs":false,"dNITIRSrs":true,"tps":"","dTHEMATICRSrs":false},{"_id":"112113","area":"IND008033","below":[],"indicator":12,"ius":"Home delivery conducted by skilled health personnel:Percent:Total","rank":26,"src":6,"subgrp":1,"top":[],"tp":"2011-2012","trend":"dn","value":"25.2","slugiddata":112113,"dKPIRSrs":false,"dNITIRSrs":true,"tps":"","dTHEMATICRSrs":false},{"_id":"112810","area":"IND008033","below":[],"indicator":12,"ius":"Home delivery conducted by skilled health personnel:Percent:Total","rank":23,"src":6,"subgrp":1,"top":[],"tp":"2012-2013","trend":"up","value":"30.2","slugiddata":112810,"dKPIRSrs":false,"dNITIRSrs":true,"tps":"","dTHEMATICRSrs":false},{"_id":"113508","area":"IND008033","below":[],"indicator":12,"ius":"Home delivery conducted by skilled health personnel:Percent:Total","rank":25,"src":6,"subgrp":1,"top":[],"tp":"2013-2014","trend":"up","value":"34.5","slugiddata":113508,"dKPIRSrs":false,"dNITIRSrs":true,"tps":"","dTHEMATICRSrs":false},{"_id":"114202","area":"IND008033","below":[],"indicator":12,"ius":"Home delivery conducted by skilled health personnel:Percent:Total","rank":29,"src":6,"subgrp":1,"top":[],"tp":"2014-2015","trend":"dn","value":"32.6","slugiddata":114202,"dKPIRSrs":false,"dNITIRSrs":true,"tps":"","dTHEMATICRSrs":false},{"_id":"114903","area":"IND008033","below":[],"indicator":12,"ius":"Home delivery conducted by skilled health personnel:Percent:Total","rank":30,"src":6,"subgrp":1,"top":[],"tp":"2015-2016","trend":"dn","value":"17.5","slugiddata":114903,"dKPIRSrs":false,"dNITIRSrs":true,"tps":"","dTHEMATICRSrs":false},{"_id":"115592","area":"IND008033","below":[],"indicator":12,"ius":"Home delivery conducted by skilled health personnel:Percent:Total","rank":25,"src":6,"subgrp":1,"top":[],"tp":"2016-2017","trend":"up","value":"24.3","slugiddata":115592,"dKPIRSrs":false,"dNITIRSrs":true,"tps":"","dTHEMATICRSrs":false},{"_id":"122367","area":"IND008033","below":[],"indicator":92,"ius":"Women discharged in less than 48 hours of delivery to total reported deliveries at public institutions:Percent:Total","rank":1,"src":6,"subgrp":1,"top":[],"tp":"2008-2009","trend":"na","value":"0.0","slugiddata":122367,"dKPIRSrs":false,"dNITIRSrs":false,"tps":"","dTHEMATICRSrs":true},{"_id":"123036","area":"IND008033","below":[],"indicator":92,"ius":"Women discharged in less than 48 hours of delivery to total reported deliveries at public institutions:Percent:Total","rank":21,"src":6,"subgrp":1,"top":[],"tp":"2009-2010","trend":"dn","value":"29.3","slugiddata":123036,"dKPIRSrs":false,"dNITIRSrs":false,"tps":"","dTHEMATICRSrs":true},{"_id":"123709","area":"IND008033","below":[],"indicator":92,"ius":"Women discharged in less than 48 hours of delivery to total reported deliveries at public institutions:Percent:Total","rank":17,"src":6,"subgrp":1,"top":[],"tp":"2010-2011","trend":"dn","value":"64.8","slugiddata":123709,"dKPIRSrs":false,"dNITIRSrs":false,"tps":"","dTHEMATICRSrs":true},{"_id":"124392","area":"IND008033","below":[],"indicator":92,"ius":"Women discharged in less than 48 hours of delivery to total reported deliveries at public institutions:Percent:Total","rank":12,"src":6,"subgrp":1,"top":[],"tp":"2011-2012","trend":"dn","value":"72.4","slugiddata":124392,"dKPIRSrs":false,"dNITIRSrs":false,"tps":"","dTHEMATICRSrs":true},{"_id":"125092","area":"IND008033","below":[],"indicator":92,"ius":"Women discharged in less than 48 hours of delivery to total reported deliveries at public institutions:Percent:Total","rank":23,"src":6,"subgrp":1,"top":[],"tp":"2012-2013","trend":"dn","value":"90.2","slugiddata":125092,"dKPIRSrs":false,"dNITIRSrs":false,"tps":"","dTHEMATICRSrs":true},{"_id":"125795","area":"IND008033","below":[],"indicator":92,"ius":"Women discharged in less than 48 hours of delivery to total reported deliveries at public institutions:Percent:Total","rank":33,"src":6,"subgrp":1,"top":[],"tp":"2013-2014","trend":"up","value":"90.0","slugiddata":125795,"dKPIRSrs":false,"dNITIRSrs":false,"tps":"","dTHEMATICRSrs":true},{"_id":"126495","area":"IND008033","below":[],"indicator":92,"ius":"Women discharged in less than 48 hours of delivery to total reported deliveries at public institutions:Percent:Total","rank":12,"src":6,"subgrp":1,"top":[],"tp":"2014-2015","trend":"up","value":"9.1","slugiddata":126495,"dKPIRSrs":false,"dNITIRSrs":false,"tps":"","dTHEMATICRSrs":true},{"_id":"127206","area":"IND008033","below":[],"indicator":92,"ius":"Women discharged in less than 48 hours of delivery to total reported deliveries at public institutions:Percent:Total","rank":12,"src":6,"subgrp":1,"top":[],"tp":"2015-2016","trend":"up","value":"5.9","slugiddata":127206,"dKPIRSrs":false,"dNITIRSrs":false,"tps":"","dTHEMATICRSrs":true},{"_id":"127919","area":"IND008033","below":[],"indicator":92,"ius":"Women discharged in less than 48 hours of delivery to total reported deliveries at public institutions:Percent:Total","rank":2,"src":6,"subgrp":1,"top":[],"tp":"2016-2017","trend":"up","value":"0.6","slugiddata":127919,"dKPIRSrs":false,"dNITIRSrs":false,"tps":"","dTHEMATICRSrs":true},{"_id":"134821","area":"IND008033","below":[],"indicator":93,"ius":"Home deliveries to total reported deliveries:Percent:Total","rank":17,"src":6,"subgrp":1,"top":[],"tp":"2008-2009","trend":"na","value":"20.3","slugiddata":134821,"dKPIRSrs":true,"dNITIRSrs":false,"tps":"","dTHEMATICRSrs":true},{"_id":"135490","area":"IND008033","below":[],"indicator":93,"ius":"Home deliveries to total reported deliveries:Percent:Total","rank":15,"src":6,"subgrp":1,"top":[],"tp":"2009-2010","trend":"up","value":"11.5","slugiddata":135490,"dKPIRSrs":true,"dNITIRSrs":false,"tps":"","dTHEMATICRSrs":true},{"_id":"136163","area":"IND008033","below":[],"indicator":93,"ius":"Home deliveries to total reported deliveries:Percent:Total","rank":9,"src":6,"subgrp":1,"top":[],"tp":"2010-2011","trend":"up","value":"6.0","slugiddata":136163,"dKPIRSrs":true,"dNITIRSrs":false,"tps":"","dTHEMATICRSrs":true},{"_id":"136846","area":"IND008033","below":[],"indicator":93,"ius":"Home deliveries to total reported deliveries:Percent:Total","rank":7,"src":6,"subgrp":1,"top":[],"tp":"2011-2012","trend":"up","value":"4.3","slugiddata":136846,"dKPIRSrs":true,"dNITIRSrs":false,"tps":"","dTHEMATICRSrs":true},{"_id":"137546","area":"IND008033","below":[],"indicator":93,"ius":"Home deliveries to total reported deliveries:Percent:Total","rank":9,"src":6,"subgrp":1,"top":[],"tp":"2012-2013","trend":"up","value":"3.1","slugiddata":137546,"dKPIRSrs":true,"dNITIRSrs":false,"tps":"","dTHEMATICRSrs":true},{"_id":"138249","area":"IND008033","below":[],"indicator":93,"ius":"Home deliveries to total reported deliveries:Percent:Total","rank":8,"src":6,"subgrp":1,"top":[],"tp":"2013-2014","trend":"up","value":"2.1","slugiddata":138249,"dKPIRSrs":true,"dNITIRSrs":false,"tps":"","dTHEMATICRSrs":true},{"_id":"138949","area":"IND008033","below":[],"indicator":93,"ius":"Home deliveries to total reported deliveries:Percent:Total","rank":9,"src":6,"subgrp":1,"top":[],"tp":"2014-2015","trend":"up","value":"1.8","slugiddata":138949,"dKPIRSrs":true,"dNITIRSrs":false,"tps":"","dTHEMATICRSrs":true},{"_id":"139660","area":"IND008033","below":[],"indicator":93,"ius":"Home deliveries to total reported deliveries:Percent:Total","rank":8,"src":6,"subgrp":1,"top":[],"tp":"2015-2016","trend":"up","value":"1.4","slugiddata":139660,"dKPIRSrs":true,"dNITIRSrs":false,"tps":"","dTHEMATICRSrs":true},{"_id":"140373","area":"IND008033","below":[],"indicator":93,"ius":"Home deliveries to total reported deliveries:Percent:Total","rank":10,"src":6,"subgrp":1,"top":[],"tp":"2016-2017","trend":"up","value":"1.1","slugiddata":140373,"dKPIRSrs":true,"dNITIRSrs":false,"tps":"","dTHEMATICRSrs":true},{"_id":"141047","area":"IND008033","below":[],"indicator":2,"ius":"Births delivered by caesarean section:Percent:Total","rank":7,"src":6,"subgrp":1,"top":[],"tp":"2008-2009","trend":"na","value":"3.6","slugiddata":141047,"dKPIRSrs":false,"dNITIRSrs":false,"tps":"","dTHEMATICRSrs":false},{"_id":"141716","area":"IND008033","below":[],"indicator":2,"ius":"Births delivered by caesarean section:Percent:Total","rank":25,"src":6,"subgrp":1,"top":[],"tp":"2009-2010","trend":"dn","value":"0.5","slugiddata":141716,"dKPIRSrs":false,"dNITIRSrs":false,"tps":"","dTHEMATICRSrs":false},{"_id":"142389","area":"IND008033","below":[],"indicator":2,"ius":"Births delivered by caesarean section:Percent:Total","rank":28,"src":6,"subgrp":1,"top":[],"tp":"2010-2011","trend":"dn","value":"0.3","slugiddata":142389,"dKPIRSrs":false,"dNITIRSrs":false,"tps":"","dTHEMATICRSrs":false},{"_id":"143072","area":"IND008033","below":[],"indicator":2,"ius":"Births delivered by caesarean section:Percent:Total","rank":29,"src":6,"subgrp":1,"top":[],"tp":"2011-2012","trend":"up","value":"0.6","slugiddata":143072,"dKPIRSrs":false,"dNITIRSrs":false,"tps":"","dTHEMATICRSrs":false},{"_id":"143772","area":"IND008033","below":[],"indicator":2,"ius":"Births delivered by caesarean section:Percent:Total","rank":28,"src":6,"subgrp":1,"top":[],"tp":"2012-2013","trend":"up","value":"0.7","slugiddata":143772,"dKPIRSrs":false,"dNITIRSrs":false,"tps":"","dTHEMATICRSrs":false},{"_id":"144475","area":"IND008033","below":[],"indicator":2,"ius":"Births delivered by caesarean section:Percent:Total","rank":30,"src":6,"subgrp":1,"top":[],"tp":"2013-2014","trend":"dn","value":"0.5","slugiddata":144475,"dKPIRSrs":false,"dNITIRSrs":false,"tps":"","dTHEMATICRSrs":false},{"_id":"145175","area":"IND008033","below":[],"indicator":2,"ius":"Births delivered by caesarean section:Percent:Total","rank":32,"src":6,"subgrp":1,"top":[],"tp":"2014-2015","trend":"up","value":"0.6","slugiddata":145175,"dKPIRSrs":false,"dNITIRSrs":false,"tps":"","dTHEMATICRSrs":false},{"_id":"145886","area":"IND008033","below":[],"indicator":2,"ius":"Births delivered by caesarean section:Percent:Total","rank":30,"src":6,"subgrp":1,"top":[],"tp":"2015-2016","trend":"dn","value":"0.5","slugiddata":145886,"dKPIRSrs":false,"dNITIRSrs":false,"tps":"","dTHEMATICRSrs":false},{"_id":"146599","area":"IND008033","below":[],"indicator":2,"ius":"Births delivered by caesarean section:Percent:Total","rank":32,"src":6,"subgrp":1,"top":[],"tp":"2016-2017","trend":"up","value":"0.8","slugiddata":146599,"dKPIRSrs":false,"dNITIRSrs":false,"tps":"","dTHEMATICRSrs":false},{"_id":"147274","area":"IND008033","below":[],"indicator":33,"ius":"Mothers who received post-natal check-up within 48 hrs. of delivery:Percent:Total","rank":17,"src":6,"subgrp":1,"top":[],"tp":"2008-2009","trend":"na","value":"58.8","slugiddata":147274,"dKPIRSrs":false,"dNITIRSrs":false,"tps":"","dTHEMATICRSrs":true},{"_id":"147943","area":"IND008033","below":[],"indicator":33,"ius":"Mothers who received post-natal check-up within 48 hrs. of delivery:Percent:Total","rank":7,"src":6,"subgrp":1,"top":[],"tp":"2009-2010","trend":"up","value":"69.2","slugiddata":147943,"dKPIRSrs":false,"dNITIRSrs":false,"tps":"","dTHEMATICRSrs":true},{"_id":"148616","area":"IND008033","below":[],"indicator":33,"ius":"Mothers who received post-natal check-up within 48 hrs. of delivery:Percent:Total","rank":6,"src":6,"subgrp":1,"top":[],"tp":"2010-2011","trend":"up","value":"73.9","slugiddata":148616,"dKPIRSrs":false,"dNITIRSrs":false,"tps":"","dTHEMATICRSrs":true},{"_id":"149299","area":"IND008033","below":[],"indicator":33,"ius":"Mothers who received post-natal check-up within 48 hrs. of delivery:Percent:Total","rank":12,"src":6,"subgrp":1,"top":[],"tp":"2011-2012","trend":"dn","value":"71.8","slugiddata":149299,"dKPIRSrs":false,"dNITIRSrs":false,"tps":"","dTHEMATICRSrs":true},{"_id":"149999","area":"IND008033","below":[],"indicator":33,"ius":"Mothers who received post-natal check-up within 48 hrs. of delivery:Percent:Total","rank":21,"src":6,"subgrp":1,"top":[],"tp":"2012-2013","trend":"dn","value":"69.5","slugiddata":149999,"dKPIRSrs":false,"dNITIRSrs":false,"tps":"","dTHEMATICRSrs":true},{"_id":"150702","area":"IND008033","below":[],"indicator":33,"ius":"Mothers who received post-natal check-up within 48 hrs. of delivery:Percent:Total","rank":15,"src":6,"subgrp":1,"top":[],"tp":"2013-2014","trend":"up","value":"79.2","slugiddata":150702,"dKPIRSrs":false,"dNITIRSrs":false,"tps":"","dTHEMATICRSrs":true},{"_id":"151402","area":"IND008033","below":[],"indicator":33,"ius":"Mothers who received post-natal check-up within 48 hrs. of delivery:Percent:Total","rank":9,"src":6,"subgrp":1,"top":[],"tp":"2014-2015","trend":"up","value":"84.0","slugiddata":151402,"dKPIRSrs":false,"dNITIRSrs":false,"tps":"","dTHEMATICRSrs":true},{"_id":"152113","area":"IND008033","below":[],"indicator":33,"ius":"Mothers who received post-natal check-up within 48 hrs. of delivery:Percent:Total","rank":3,"src":6,"subgrp":1,"top":[],"tp":"2015-2016","trend":"up","value":"93.5","slugiddata":152113,"dKPIRSrs":false,"dNITIRSrs":false,"tps":"","dTHEMATICRSrs":true},{"_id":"152826","area":"IND008033","below":[],"indicator":33,"ius":"Mothers who received post-natal check-up within 48 hrs. of delivery:Percent:Total","rank":2,"src":6,"subgrp":1,"top":[],"tp":"2016-2017","trend":"up","value":"95.7","slugiddata":152826,"dKPIRSrs":false,"dNITIRSrs":false,"tps":"","dTHEMATICRSrs":true},{"_id":"153492","area":"IND008033","below":[],"indicator":112,"ius":"Newborns having weight less than 2.5 kg to newborns weighed at birth:Percent:Total","rank":26,"src":6,"subgrp":1,"top":[],"tp":"2008-2009","trend":"na","value":"12.7","slugiddata":153492,"dKPIRSrs":true,"dNITIRSrs":true,"tps":"","dTHEMATICRSrs":false},{"_id":"154159","area":"IND008033","below":[],"indicator":112,"ius":"Newborns having weight less than 2.5 kg to newborns weighed at birth:Percent:Total","rank":23,"src":6,"subgrp":1,"top":[],"tp":"2009-2010","trend":"dn","value":"23.9","slugiddata":154159,"dKPIRSrs":true,"dNITIRSrs":true,"tps":"","dTHEMATICRSrs":false},{"_id":"154831","area":"IND008033","below":[],"indicator":112,"ius":"Newborns having weight less than 2.5 kg to newborns weighed at birth:Percent:Total","rank":17,"src":6,"subgrp":1,"top":[],"tp":"2010-2011","trend":"dn","value":"26.4","slugiddata":154831,"dKPIRSrs":true,"dNITIRSrs":true,"tps":"","dTHEMATICRSrs":false},{"_id":"155513","area":"IND008033","below":[],"indicator":112,"ius":"Newborns having weight less than 2.5 kg to newborns weighed at birth:Percent:Total","rank":24,"src":6,"subgrp":1,"top":[],"tp":"2011-2012","trend":"dn","value":"36.0","slugiddata":155513,"dKPIRSrs":true,"dNITIRSrs":true,"tps":"","dTHEMATICRSrs":false},{"_id":"156213","area":"IND008033","below":[],"indicator":112,"ius":"Newborns having weight less than 2.5 kg to newborns weighed at birth:Percent:Total","rank":19,"src":6,"subgrp":1,"top":[],"tp":"2012-2013","trend":"dn","value":"36.9","slugiddata":156213,"dKPIRSrs":true,"dNITIRSrs":true,"tps":"","dTHEMATICRSrs":false},{"_id":"156916","area":"IND008033","below":[],"indicator":112,"ius":"Newborns having weight less than 2.5 kg to newborns weighed at birth:Percent:Total","rank":23,"src":6,"subgrp":1,"top":[],"tp":"2013-2014","trend":"dn","value":"40.7","slugiddata":156916,"dKPIRSrs":true,"dNITIRSrs":true,"tps":"","dTHEMATICRSrs":false},{"_id":"157616","area":"IND008033","below":[],"indicator":112,"ius":"Newborns having weight less than 2.5 kg to newborns weighed at birth:Percent:Total","rank":29,"src":6,"subgrp":1,"top":[],"tp":"2014-2015","trend":"dn","value":"44.1","slugiddata":157616,"dKPIRSrs":true,"dNITIRSrs":true,"tps":"","dTHEMATICRSrs":false},{"_id":"158327","area":"IND008033","below":[],"indicator":112,"ius":"Newborns having weight less than 2.5 kg to newborns weighed at birth:Percent:Total","rank":18,"src":6,"subgrp":1,"top":[],"tp":"2015-2016","trend":"up","value":"27.7","slugiddata":158327,"dKPIRSrs":true,"dNITIRSrs":true,"tps":"","dTHEMATICRSrs":false},{"_id":"159040","area":"IND008033","below":[],"indicator":112,"ius":"Newborns having weight less than 2.5 kg to newborns weighed at birth:Percent:Total","rank":27,"src":6,"subgrp":1,"top":[],"tp":"2016-2017","trend":"up","value":"19.9","slugiddata":159040,"dKPIRSrs":true,"dNITIRSrs":true,"tps":"","dTHEMATICRSrs":false},{"_id":"159708","area":"IND008033","below":[],"indicator":111,"ius":"Newborns breastfed within 1 hour of birth to total live birth:Percent:Total","rank":4,"src":6,"subgrp":1,"top":[],"tp":"2008-2009","trend":"na","value":"0.0","slugiddata":159708,"dKPIRSrs":false,"dNITIRSrs":true,"tps":"","dTHEMATICRSrs":false},{"_id":"160375","area":"IND008033","below":[],"indicator":111,"ius":"Newborns breastfed within 1 hour of birth to total live birth:Percent:Total","rank":12,"src":6,"subgrp":1,"top":[],"tp":"2009-2010","trend":"up","value":"86.2","slugiddata":160375,"dKPIRSrs":false,"dNITIRSrs":true,"tps":"","dTHEMATICRSrs":false},{"_id":"161048","area":"IND008033","below":[],"indicator":111,"ius":"Newborns breastfed within 1 hour of birth to total live birth:Percent:Total","rank":9,"src":6,"subgrp":1,"top":[],"tp":"2010-2011","trend":"dn","value":"85.4","slugiddata":161048,"dKPIRSrs":false,"dNITIRSrs":true,"tps":"","dTHEMATICRSrs":false},{"_id":"161731","area":"IND008033","below":[],"indicator":111,"ius":"Newborns breastfed within 1 hour of birth to total live birth:Percent:Total","rank":11,"src":6,"subgrp":1,"top":[],"tp":"2011-2012","trend":"dn","value":"80.0","slugiddata":161731,"dKPIRSrs":false,"dNITIRSrs":true,"tps":"","dTHEMATICRSrs":false},{"_id":"162431","area":"IND008033","below":[],"indicator":111,"ius":"Newborns breastfed within 1 hour of birth to total live birth:Percent:Total","rank":19,"src":6,"subgrp":1,"top":[],"tp":"2012-2013","trend":"up","value":"83.7","slugiddata":162431,"dKPIRSrs":false,"dNITIRSrs":true,"tps":"","dTHEMATICRSrs":false},{"_id":"163134","area":"IND008033","below":[],"indicator":111,"ius":"Newborns breastfed within 1 hour of birth to total live birth:Percent:Total","rank":27,"src":6,"subgrp":1,"top":[],"tp":"2013-2014","trend":"up","value":"85.0","slugiddata":163134,"dKPIRSrs":false,"dNITIRSrs":true,"tps":"","dTHEMATICRSrs":false},{"_id":"163834","area":"IND008033","below":[],"indicator":111,"ius":"Newborns breastfed within 1 hour of birth to total live birth:Percent:Total","rank":24,"src":6,"subgrp":1,"top":[],"tp":"2014-2015","trend":"up","value":"88.7","slugiddata":163834,"dKPIRSrs":false,"dNITIRSrs":true,"tps":"","dTHEMATICRSrs":false},{"_id":"164545","area":"IND008033","below":[],"indicator":111,"ius":"Newborns breastfed within 1 hour of birth to total live birth:Percent:Total","rank":8,"src":6,"subgrp":1,"top":[],"tp":"2015-2016","trend":"up","value":"97.0","slugiddata":164545,"dKPIRSrs":false,"dNITIRSrs":true,"tps":"","dTHEMATICRSrs":false},{"_id":"165258","area":"IND008033","below":[],"indicator":111,"ius":"Newborns breastfed within 1 hour of birth to total live birth:Percent:Total","rank":8,"src":6,"subgrp":1,"top":[],"tp":"2016-2017","trend":"up","value":"97.2","slugiddata":165258,"dKPIRSrs":false,"dNITIRSrs":true,"tps":"","dTHEMATICRSrs":false},{"_id":"165918","area":"IND008033","below":[],"indicator":94,"ius":"Newborns visited within 24hrs of home delivery to total reported home deliveries:Percent:Total","rank":15,"src":6,"subgrp":1,"top":[],"tp":"2008-2009","trend":"na","value":"0.0","slugiddata":165918,"dKPIRSrs":false,"dNITIRSrs":false,"tps":"","dTHEMATICRSrs":false},{"_id":"166581","area":"IND008033","below":[],"indicator":94,"ius":"Newborns visited within 24hrs of home delivery to total reported home deliveries:Percent:Total","rank":15,"src":6,"subgrp":1,"top":[],"tp":"2009-2010","trend":"up","value":"76.2","slugiddata":166581,"dKPIRSrs":false,"dNITIRSrs":false,"tps":"","dTHEMATICRSrs":false},{"_id":"167245","area":"IND008033","below":[],"indicator":94,"ius":"Newborns visited within 24hrs of home delivery to total reported home deliveries:Percent:Total","rank":23,"src":6,"subgrp":1,"top":[],"tp":"2010-2011","trend":"dn","value":"67.4","slugiddata":167245,"dKPIRSrs":false,"dNITIRSrs":false,"tps":"","dTHEMATICRSrs":false},{"_id":"167921","area":"IND008033","below":[],"indicator":94,"ius":"Newborns visited within 24hrs of home delivery to total reported home deliveries:Percent:Total","rank":26,"src":6,"subgrp":1,"top":[],"tp":"2011-2012","trend":"dn","value":"59.9","slugiddata":167921,"dKPIRSrs":false,"dNITIRSrs":false,"tps":"","dTHEMATICRSrs":false},{"_id":"168618","area":"IND008033","below":[],"indicator":94,"ius":"Newborns visited within 24hrs of home delivery to total reported home deliveries:Percent:Total","rank":24,"src":6,"subgrp":1,"top":[],"tp":"2012-2013","trend":"dn","value":"59.7","slugiddata":168618,"dKPIRSrs":false,"dNITIRSrs":false,"tps":"","dTHEMATICRSrs":false},{"_id":"169316","area":"IND008033","below":[],"indicator":94,"ius":"Newborns visited within 24hrs of home delivery to total reported home deliveries:Percent:Total","rank":26,"src":6,"subgrp":1,"top":[],"tp":"2013-2014","trend":"dn","value":"56.4","slugiddata":169316,"dKPIRSrs":false,"dNITIRSrs":false,"tps":"","dTHEMATICRSrs":false},{"_id":"170010","area":"IND008033","below":[],"indicator":94,"ius":"Newborns visited within 24hrs of home delivery to total reported home deliveries:Percent:Total","rank":22,"src":6,"subgrp":1,"top":[],"tp":"2014-2015","trend":"up","value":"65.7","slugiddata":170010,"dKPIRSrs":false,"dNITIRSrs":false,"tps":"","dTHEMATICRSrs":false},{"_id":"170711","area":"IND008033","below":[],"indicator":94,"ius":"Newborns visited within 24hrs of home delivery to total reported home deliveries:Percent:Total","rank":21,"src":6,"subgrp":1,"top":[],"tp":"2015-2016","trend":"up","value":"67.7","slugiddata":170711,"dKPIRSrs":false,"dNITIRSrs":false,"tps":"","dTHEMATICRSrs":false},{"_id":"171400","area":"IND008033","below":[],"indicator":94,"ius":"Newborns visited within 24hrs of home delivery to total reported home deliveries:Percent:Total","rank":30,"src":6,"subgrp":1,"top":[],"tp":"2016-2017","trend":"dn","value":"39.6","slugiddata":171400,"dKPIRSrs":false,"dNITIRSrs":false,"tps":"","dTHEMATICRSrs":false},{"_id":"177655","area":"IND008033","below":[],"indicator":96,"ius":"MTPs conducted at public institutions to total MTPs:Percent:Total","rank":1,"src":6,"subgrp":1,"top":[],"tp":"2008-2009","trend":"na","value":"100.0","slugiddata":177655,"dKPIRSrs":false,"dNITIRSrs":false,"tps":"","dTHEMATICRSrs":true},{"_id":"178289","area":"IND008033","below":[],"indicator":96,"ius":"MTPs conducted at public institutions to total MTPs:Percent:Total","rank":1,"src":6,"subgrp":1,"top":[],"tp":"2009-2010","trend":"eq","value":"100.0","slugiddata":178289,"dKPIRSrs":false,"dNITIRSrs":false,"tps":"","dTHEMATICRSrs":true},{"_id":"178931","area":"IND008033","below":[],"indicator":96,"ius":"MTPs conducted at public institutions to total MTPs:Percent:Total","rank":1,"src":6,"subgrp":1,"top":[],"tp":"2010-2011","trend":"eq","value":"100.0","slugiddata":178931,"dKPIRSrs":false,"dNITIRSrs":false,"tps":"","dTHEMATICRSrs":true},{"_id":"179580","area":"IND008033","below":[],"indicator":96,"ius":"MTPs conducted at public institutions to total MTPs:Percent:Total","rank":1,"src":6,"subgrp":1,"top":[],"tp":"2011-2012","trend":"eq","value":"100.0","slugiddata":179580,"dKPIRSrs":false,"dNITIRSrs":false,"tps":"","dTHEMATICRSrs":true},{"_id":"180247","area":"IND008033","below":[],"indicator":96,"ius":"MTPs conducted at public institutions to total MTPs:Percent:Total","rank":1,"src":6,"subgrp":1,"top":[],"tp":"2012-2013","trend":"eq","value":"100.0","slugiddata":180247,"dKPIRSrs":false,"dNITIRSrs":false,"tps":"","dTHEMATICRSrs":true},{"_id":"180912","area":"IND008033","below":[],"indicator":96,"ius":"MTPs conducted at public institutions to total MTPs:Percent:Total","rank":1,"src":6,"subgrp":1,"top":[],"tp":"2013-2014","trend":"eq","value":"100.0","slugiddata":180912,"dKPIRSrs":false,"dNITIRSrs":false,"tps":"","dTHEMATICRSrs":true},{"_id":"181578","area":"IND008033","below":[],"indicator":96,"ius":"MTPs conducted at public institutions to total MTPs:Percent:Total","rank":1,"src":6,"subgrp":1,"top":[],"tp":"2014-2015","trend":"eq","value":"100.0","slugiddata":181578,"dKPIRSrs":false,"dNITIRSrs":false,"tps":"","dTHEMATICRSrs":true},{"_id":"182253","area":"IND008033","below":[],"indicator":96,"ius":"MTPs conducted at public institutions to total MTPs:Percent:Total","rank":1,"src":6,"subgrp":1,"top":[],"tp":"2015-2016","trend":"eq","value":"100.0","slugiddata":182253,"dKPIRSrs":false,"dNITIRSrs":false,"tps":"","dTHEMATICRSrs":true},{"_id":"182934","area":"IND008033","below":[],"indicator":96,"ius":"MTPs conducted at public institutions to total MTPs:Percent:Total","rank":1,"src":6,"subgrp":1,"top":[],"tp":"2016-2017","trend":"eq","value":"100.0","slugiddata":182934,"dKPIRSrs":false,"dNITIRSrs":false,"tps":"","dTHEMATICRSrs":true},{"_id":"189486","area":"IND008033","below":[],"indicator":98,"ius":"Male sterilization (vasectomies) to total sterilization:Percent:Total","rank":18,"src":6,"subgrp":1,"top":[],"tp":"2008-2009","trend":"na","value":"1.8","slugiddata":189486,"dKPIRSrs":false,"dNITIRSrs":false,"tps":"","dTHEMATICRSrs":true},{"_id":"190142","area":"IND008033","below":[],"indicator":98,"ius":"Male sterilization (vasectomies) to total sterilization:Percent:Total","rank":24,"src":6,"subgrp":1,"top":[],"tp":"2009-2010","trend":"dn","value":"0.4","slugiddata":190142,"dKPIRSrs":false,"dNITIRSrs":false,"tps":"","dTHEMATICRSrs":true},{"_id":"190807","area":"IND008033","below":[],"indicator":98,"ius":"Male sterilization (vasectomies) to total sterilization:Percent:Total","rank":16,"src":6,"subgrp":1,"top":[],"tp":"2010-2011","trend":"up","value":"1.2","slugiddata":190807,"dKPIRSrs":false,"dNITIRSrs":false,"tps":"","dTHEMATICRSrs":true},{"_id":"191480","area":"IND008033","below":[],"indicator":98,"ius":"Male sterilization (vasectomies) to total sterilization:Percent:Total","rank":13,"src":6,"subgrp":1,"top":[],"tp":"2011-2012","trend":"up","value":"1.3","slugiddata":191480,"dKPIRSrs":false,"dNITIRSrs":false,"tps":"","dTHEMATICRSrs":true},{"_id":"192167","area":"IND008033","below":[],"indicator":98,"ius":"Male sterilization (vasectomies) to total sterilization:Percent:Total","rank":15,"src":6,"subgrp":1,"top":[],"tp":"2012-2013","trend":"dn","value":"1.0","slugiddata":192167,"dKPIRSrs":false,"dNITIRSrs":false,"tps":"","dTHEMATICRSrs":true},{"_id":"192859","area":"IND008033","below":[],"indicator":98,"ius":"Male sterilization (vasectomies) to total sterilization:Percent:Total","rank":15,"src":6,"subgrp":1,"top":[],"tp":"2013-2014","trend":"dn","value":"0.5","slugiddata":192859,"dKPIRSrs":false,"dNITIRSrs":false,"tps":"","dTHEMATICRSrs":true},{"_id":"193544","area":"IND008033","below":[],"indicator":98,"ius":"Male sterilization (vasectomies) to total sterilization:Percent:Total","rank":16,"src":6,"subgrp":1,"top":[],"tp":"2014-2015","trend":"eq","value":"0.5","slugiddata":193544,"dKPIRSrs":false,"dNITIRSrs":false,"tps":"","dTHEMATICRSrs":true},{"_id":"194240","area":"IND008033","below":[],"indicator":98,"ius":"Male sterilization (vasectomies) to total sterilization:Percent:Total","rank":16,"src":6,"subgrp":1,"top":[],"tp":"2015-2016","trend":"dn","value":"0.4","slugiddata":194240,"dKPIRSrs":false,"dNITIRSrs":false,"tps":"","dTHEMATICRSrs":true},{"_id":"194935","area":"IND008033","below":[],"indicator":98,"ius":"Male sterilization (vasectomies) to total sterilization:Percent:Total","rank":15,"src":6,"subgrp":1,"top":[],"tp":"2016-2017","trend":"up","value":"0.5","slugiddata":194935,"dKPIRSrs":false,"dNITIRSrs":false,"tps":"","dTHEMATICRSrs":true},{"_id":"195585","area":"IND008033","below":[],"indicator":99,"ius":"Post partum sterilizations to total female sterilizations:Percent:Total","rank":32,"src":6,"subgrp":1,"top":[],"tp":"2008-2009","trend":"na","value":"100.0","slugiddata":195585,"dKPIRSrs":false,"dNITIRSrs":false,"tps":"","dTHEMATICRSrs":false},{"_id":"196239","area":"IND008033","below":[],"indicator":99,"ius":"Post partum sterilizations to total female sterilizations:Percent:Total","rank":31,"src":6,"subgrp":1,"top":[],"tp":"2009-2010","trend":"up","value":"99.4","slugiddata":196239,"dKPIRSrs":false,"dNITIRSrs":false,"tps":"","dTHEMATICRSrs":false},{"_id":"196900","area":"IND008033","below":[],"indicator":99,"ius":"Post partum sterilizations to total female sterilizations:Percent:Total","rank":29,"src":6,"subgrp":1,"top":[],"tp":"2010-2011","trend":"up","value":"92.2","slugiddata":196900,"dKPIRSrs":false,"dNITIRSrs":false,"tps":"","dTHEMATICRSrs":false},{"_id":"197572","area":"IND008033","below":[],"indicator":99,"ius":"Post partum sterilizations to total female sterilizations:Percent:Total","rank":29,"src":6,"subgrp":1,"top":[],"tp":"2011-2012","trend":"dn","value":"98.9","slugiddata":197572,"dKPIRSrs":false,"dNITIRSrs":false,"tps":"","dTHEMATICRSrs":false},{"_id":"198258","area":"IND008033","below":[],"indicator":99,"ius":"Post partum sterilizations to total female sterilizations:Percent:Total","rank":33,"src":6,"subgrp":1,"top":[],"tp":"2012-2013","trend":"dn","value":"100.0","slugiddata":198258,"dKPIRSrs":false,"dNITIRSrs":false,"tps":"","dTHEMATICRSrs":false},{"_id":"198950","area":"IND008033","below":[],"indicator":99,"ius":"Post partum sterilizations to total female sterilizations:Percent:Total","rank":31,"src":6,"subgrp":1,"top":[],"tp":"2013-2014","trend":"up","value":"93.5","slugiddata":198950,"dKPIRSrs":false,"dNITIRSrs":false,"tps":"","dTHEMATICRSrs":false},{"_id":"199635","area":"IND008033","below":[],"indicator":99,"ius":"Post partum sterilizations to total female sterilizations:Percent:Total","rank":29,"src":6,"subgrp":1,"top":[],"tp":"2014-2015","trend":"up","value":"28.3","slugiddata":199635,"dKPIRSrs":false,"dNITIRSrs":false,"tps":"","dTHEMATICRSrs":false},{"_id":"200330","area":"IND008033","below":[],"indicator":99,"ius":"Post partum sterilizations to total female sterilizations:Percent:Total","rank":29,"src":6,"subgrp":1,"top":[],"tp":"2015-2016","trend":"dn","value":"35.4","slugiddata":200330,"dKPIRSrs":false,"dNITIRSrs":false,"tps":"","dTHEMATICRSrs":false},{"_id":"201024","area":"IND008033","below":[],"indicator":99,"ius":"Post partum sterilizations to total female sterilizations:Percent:Total","rank":24,"src":6,"subgrp":1,"top":[],"tp":"2016-2017","trend":"up","value":"12.0","slugiddata":201024,"dKPIRSrs":false,"dNITIRSrs":false,"tps":"","dTHEMATICRSrs":false},{"_id":"207921","area":"IND008033","below":[],"indicator":101,"ius":"IUCD insertions in public plus private institutions to all family planning methods ( IUCD plus permanent):Percent:Total","rank":14,"src":6,"subgrp":1,"top":[],"tp":"2008-2009","trend":"na","value":"52.6","slugiddata":207921,"dKPIRSrs":false,"dNITIRSrs":false,"tps":"","dTHEMATICRSrs":true},{"_id":"208589","area":"IND008033","below":[],"indicator":101,"ius":"IUCD insertions in public plus private institutions to all family planning methods ( IUCD plus permanent):Percent:Total","rank":6,"src":6,"subgrp":1,"top":[],"tp":"2009-2010","trend":"up","value":"61.4","slugiddata":208589,"dKPIRSrs":false,"dNITIRSrs":false,"tps":"","dTHEMATICRSrs":true},{"_id":"209262","area":"IND008033","below":[],"indicator":101,"ius":"IUCD insertions in public plus private institutions to all family planning methods ( IUCD plus permanent):Percent:Total","rank":27,"src":6,"subgrp":1,"top":[],"tp":"2010-2011","trend":"dn","value":"47.4","slugiddata":209262,"dKPIRSrs":false,"dNITIRSrs":false,"tps":"","dTHEMATICRSrs":true},{"_id":"209945","area":"IND008033","below":[],"indicator":101,"ius":"IUCD insertions in public plus private institutions to all family planning methods ( IUCD plus permanent):Percent:Total","rank":22,"src":6,"subgrp":1,"top":[],"tp":"2011-2012","trend":"up","value":"53.8","slugiddata":209945,"dKPIRSrs":false,"dNITIRSrs":false,"tps":"","dTHEMATICRSrs":true},{"_id":"210644","area":"IND008033","below":[],"indicator":101,"ius":"IUCD insertions in public plus private institutions to all family planning methods ( IUCD plus permanent):Percent:Total","rank":26,"src":6,"subgrp":1,"top":[],"tp":"2012-2013","trend":"dn","value":"51.2","slugiddata":210644,"dKPIRSrs":false,"dNITIRSrs":false,"tps":"","dTHEMATICRSrs":true},{"_id":"211346","area":"IND008033","below":[],"indicator":101,"ius":"IUCD insertions in public plus private institutions to all family planning methods ( IUCD plus permanent):Percent:Total","rank":21,"src":6,"subgrp":1,"top":[],"tp":"2013-2014","trend":"up","value":"53.8","slugiddata":211346,"dKPIRSrs":false,"dNITIRSrs":false,"tps":"","dTHEMATICRSrs":true},{"_id":"212046","area":"IND008033","below":[],"indicator":101,"ius":"IUCD insertions in public plus private institutions to all family planning methods ( IUCD plus permanent):Percent:Total","rank":27,"src":6,"subgrp":1,"top":[],"tp":"2014-2015","trend":"dn","value":"52.3","slugiddata":212046,"dKPIRSrs":false,"dNITIRSrs":false,"tps":"","dTHEMATICRSrs":true},{"_id":"212757","area":"IND008033","below":[],"indicator":101,"ius":"IUCD insertions in public plus private institutions to all family planning methods ( IUCD plus permanent):Percent:Total","rank":11,"src":6,"subgrp":1,"top":[],"tp":"2015-2016","trend":"up","value":"63.0","slugiddata":212757,"dKPIRSrs":false,"dNITIRSrs":false,"tps":"","dTHEMATICRSrs":true},{"_id":"213470","area":"IND008033","below":[],"indicator":101,"ius":"IUCD insertions in public plus private institutions to all family planning methods ( IUCD plus permanent):Percent:Total","rank":12,"src":6,"subgrp":1,"top":[],"tp":"2016-2017","trend":"up","value":"69.0","slugiddata":213470,"dKPIRSrs":false,"dNITIRSrs":false,"tps":"","dTHEMATICRSrs":true},{"_id":"214138","area":"IND008033","below":[],"indicator":102,"ius":"Newborns given BCG to reported live birth:Percent:Total","rank":16,"src":6,"subgrp":1,"top":[],"tp":"2008-2009","trend":"na","value":"125.8","slugiddata":214138,"dKPIRSrs":false,"dNITIRSrs":false,"tps":"","dTHEMATICRSrs":true},{"_id":"214805","area":"IND008033","below":[],"indicator":102,"ius":"Newborns given BCG to reported live birth:Percent:Total","rank":14,"src":6,"subgrp":1,"top":[],"tp":"2009-2010","trend":"up","value":"129.6","slugiddata":214805,"dKPIRSrs":false,"dNITIRSrs":false,"tps":"","dTHEMATICRSrs":true},{"_id":"215478","area":"IND008033","below":[],"indicator":102,"ius":"Newborns given BCG to reported live birth:Percent:Total","rank":10,"src":6,"subgrp":1,"top":[],"tp":"2010-2011","trend":"dn","value":"99.0","slugiddata":215478,"dKPIRSrs":false,"dNITIRSrs":false,"tps":"","dTHEMATICRSrs":true},{"_id":"216161","area":"IND008033","below":[],"indicator":102,"ius":"Newborns given BCG to reported live birth:Percent:Total","rank":9,"src":6,"subgrp":1,"top":[],"tp":"2011-2012","trend":"up","value":"105.9","slugiddata":216161,"dKPIRSrs":false,"dNITIRSrs":false,"tps":"","dTHEMATICRSrs":true},{"_id":"216861","area":"IND008033","below":[],"indicator":102,"ius":"Newborns given BCG to reported live birth:Percent:Total","rank":6,"src":6,"subgrp":1,"top":[],"tp":"2012-2013","trend":"up","value":"107.8","slugiddata":216861,"dKPIRSrs":false,"dNITIRSrs":false,"tps":"","dTHEMATICRSrs":true},{"_id":"217564","area":"IND008033","below":[],"indicator":102,"ius":"Newborns given BCG to reported live birth:Percent:Total","rank":15,"src":6,"subgrp":1,"top":[],"tp":"2013-2014","trend":"dn","value":"105.4","slugiddata":217564,"dKPIRSrs":false,"dNITIRSrs":false,"tps":"","dTHEMATICRSrs":true},{"_id":"218264","area":"IND008033","below":[],"indicator":102,"ius":"Newborns given BCG to reported live birth:Percent:Total","rank":27,"src":6,"subgrp":1,"top":[],"tp":"2014-2015","trend":"dn","value":"96.9","slugiddata":218264,"dKPIRSrs":false,"dNITIRSrs":false,"tps":"","dTHEMATICRSrs":true},{"_id":"218975","area":"IND008033","below":[],"indicator":102,"ius":"Newborns given BCG to reported live birth:Percent:Total","rank":18,"src":6,"subgrp":1,"top":[],"tp":"2015-2016","trend":"up","value":"101.7","slugiddata":218975,"dKPIRSrs":false,"dNITIRSrs":false,"tps":"","dTHEMATICRSrs":true},{"_id":"219688","area":"IND008033","below":[],"indicator":102,"ius":"Newborns given BCG to reported live birth:Percent:Total","rank":26,"src":6,"subgrp":1,"top":[],"tp":"2016-2017","trend":"dn","value":"99.7","slugiddata":219688,"dKPIRSrs":false,"dNITIRSrs":false,"tps":"","dTHEMATICRSrs":true},{"_id":"220356","area":"IND008033","below":[],"indicator":103,"ius":"Infants 0 to 11 months old who received measles vaccine to reported live births:Percent:Total","rank":16,"src":6,"subgrp":1,"top":[],"tp":"2008-2009","trend":"na","value":"113.0","slugiddata":220356,"dKPIRSrs":false,"dNITIRSrs":false,"tps":"","dTHEMATICRSrs":true},{"_id":"221023","area":"IND008033","below":[],"indicator":103,"ius":"Infants 0 to 11 months old who received measles vaccine to reported live births:Percent:Total","rank":27,"src":6,"subgrp":1,"top":[],"tp":"2009-2010","trend":"dn","value":"107.5","slugiddata":221023,"dKPIRSrs":false,"dNITIRSrs":false,"tps":"","dTHEMATICRSrs":true},{"_id":"221696","area":"IND008033","below":[],"indicator":103,"ius":"Infants 0 to 11 months old who received measles vaccine to reported live births:Percent:Total","rank":25,"src":6,"subgrp":1,"top":[],"tp":"2010-2011","trend":"dn","value":"98.4","slugiddata":221696,"dKPIRSrs":false,"dNITIRSrs":false,"tps":"","dTHEMATICRSrs":true},{"_id":"222379","area":"IND008033","below":[],"indicator":103,"ius":"Infants 0 to 11 months old who received measles vaccine to reported live births:Percent:Total","rank":7,"src":6,"subgrp":1,"top":[],"tp":"2011-2012","trend":"up","value":"105.1","slugiddata":222379,"dKPIRSrs":false,"dNITIRSrs":false,"tps":"","dTHEMATICRSrs":true},{"_id":"223079","area":"IND008033","below":[],"indicator":103,"ius":"Infants 0 to 11 months old who received measles vaccine to reported live births:Percent:Total","rank":29,"src":6,"subgrp":1,"top":[],"tp":"2012-2013","trend":"dn","value":"84.8","slugiddata":223079,"dKPIRSrs":false,"dNITIRSrs":false,"tps":"","dTHEMATICRSrs":true},{"_id":"223782","area":"IND008033","below":[],"indicator":103,"ius":"Infants 0 to 11 months old who received measles vaccine to reported live births:Percent:Total","rank":26,"src":6,"subgrp":1,"top":[],"tp":"2013-2014","trend":"up","value":"89.7","slugiddata":223782,"dKPIRSrs":false,"dNITIRSrs":false,"tps":"","dTHEMATICRSrs":true},{"_id":"224482","area":"IND008033","below":[],"indicator":103,"ius":"Infants 0 to 11 months old who received measles vaccine to reported live births:Percent:Total","rank":29,"src":6,"subgrp":1,"top":[],"tp":"2014-2015","trend":"up","value":"92.1","slugiddata":224482,"dKPIRSrs":false,"dNITIRSrs":false,"tps":"","dTHEMATICRSrs":true},{"_id":"225193","area":"IND008033","below":[],"indicator":103,"ius":"Infants 0 to 11 months old who received measles vaccine to reported live births:Percent:Total","rank":20,"src":6,"subgrp":1,"top":[],"tp":"2015-2016","trend":"up","value":"95.8","slugiddata":225193,"dKPIRSrs":false,"dNITIRSrs":false,"tps":"","dTHEMATICRSrs":true},{"_id":"225906","area":"IND008033","below":[],"indicator":103,"ius":"Infants 0 to 11 months old who received measles vaccine to reported live births:Percent:Total","rank":18,"src":6,"subgrp":1,"top":[],"tp":"2016-2017","trend":"up","value":"100.6","slugiddata":225906,"dKPIRSrs":false,"dNITIRSrs":false,"tps":"","dTHEMATICRSrs":true},{"_id":"232682","area":"IND008033","below":[],"indicator":14,"ius":"Institutional delivery:Percent:Total","rank":17,"src":6,"subgrp":1,"top":[],"tp":"2008-2009","trend":"na","value":"79.7","slugiddata":232682,"dKPIRSrs":false,"dNITIRSrs":false,"tps":"","dTHEMATICRSrs":false},{"_id":"233351","area":"IND008033","below":[],"indicator":14,"ius":"Institutional delivery:Percent:Total","rank":15,"src":6,"subgrp":1,"top":[],"tp":"2009-2010","trend":"up","value":"88.5","slugiddata":233351,"dKPIRSrs":false,"dNITIRSrs":false,"tps":"","dTHEMATICRSrs":false},{"_id":"234024","area":"IND008033","below":[],"indicator":14,"ius":"Institutional delivery:Percent:Total","rank":9,"src":6,"subgrp":1,"top":[],"tp":"2010-2011","trend":"up","value":"94.0","slugiddata":234024,"dKPIRSrs":false,"dNITIRSrs":false,"tps":"","dTHEMATICRSrs":false},{"_id":"234707","area":"IND008033","below":[],"indicator":14,"ius":"Institutional delivery:Percent:Total","rank":7,"src":6,"subgrp":1,"top":[],"tp":"2011-2012","trend":"up","value":"95.7","slugiddata":234707,"dKPIRSrs":false,"dNITIRSrs":false,"tps":"","dTHEMATICRSrs":false},{"_id":"235407","area":"IND008033","below":[],"indicator":14,"ius":"Institutional delivery:Percent:Total","rank":9,"src":6,"subgrp":1,"top":[],"tp":"2012-2013","trend":"up","value":"96.9","slugiddata":235407,"dKPIRSrs":false,"dNITIRSrs":false,"tps":"","dTHEMATICRSrs":false},{"_id":"236110","area":"IND008033","below":[],"indicator":14,"ius":"Institutional delivery:Percent:Total","rank":8,"src":6,"subgrp":1,"top":[],"tp":"2013-2014","trend":"up","value":"97.9","slugiddata":236110,"dKPIRSrs":false,"dNITIRSrs":false,"tps":"","dTHEMATICRSrs":false},{"_id":"236810","area":"IND008033","below":[],"indicator":14,"ius":"Institutional delivery:Percent:Total","rank":9,"src":6,"subgrp":1,"top":[],"tp":"2014-2015","trend":"up","value":"98.2","slugiddata":236810,"dKPIRSrs":false,"dNITIRSrs":false,"tps":"","dTHEMATICRSrs":false},{"_id":"237521","area":"IND008033","below":[],"indicator":14,"ius":"Institutional delivery:Percent:Total","rank":8,"src":6,"subgrp":1,"top":[],"tp":"2015-2016","trend":"up","value":"98.6","slugiddata":237521,"dKPIRSrs":false,"dNITIRSrs":false,"tps":"","dTHEMATICRSrs":false},{"_id":"238234","area":"IND008033","below":[],"indicator":14,"ius":"Institutional delivery:Percent:Total","rank":10,"src":6,"subgrp":1,"top":[],"tp":"2016-2017","trend":"up","value":"98.9","slugiddata":238234,"dKPIRSrs":false,"dNITIRSrs":false,"tps":"","dTHEMATICRSrs":false},{"_id":"238908","area":"IND008033","below":[],"indicator":11,"ius":"Institutional delivery in public/government health facility:Percent:Total","rank":3,"src":6,"subgrp":1,"top":[],"tp":"2008-2009","trend":"na","value":"98.8","slugiddata":238908,"dKPIRSrs":false,"dNITIRSrs":false,"tps":"","dTHEMATICRSrs":false},{"_id":"239577","area":"IND008033","below":[],"indicator":11,"ius":"Institutional delivery in public/government health facility:Percent:Total","rank":1,"src":6,"subgrp":1,"top":[],"tp":"2009-2010","trend":"up","value":"100.0","slugiddata":239577,"dKPIRSrs":false,"dNITIRSrs":false,"tps":"","dTHEMATICRSrs":false},{"_id":"240250","area":"IND008033","below":[],"indicator":11,"ius":"Institutional delivery in public/government health facility:Percent:Total","rank":8,"src":6,"subgrp":1,"top":[],"tp":"2010-2011","trend":"dn","value":"95.5","slugiddata":240250,"dKPIRSrs":false,"dNITIRSrs":false,"tps":"","dTHEMATICRSrs":false},{"_id":"240933","area":"IND008033","below":[],"indicator":11,"ius":"Institutional delivery in public/government health facility:Percent:Total","rank":1,"src":6,"subgrp":1,"top":[],"tp":"2011-2012","trend":"up","value":"97.7","slugiddata":240933,"dKPIRSrs":false,"dNITIRSrs":false,"tps":"","dTHEMATICRSrs":false},{"_id":"241633","area":"IND008033","below":[],"indicator":11,"ius":"Institutional delivery in public/government health facility:Percent:Total","rank":1,"src":6,"subgrp":1,"top":[],"tp":"2012-2013","trend":"dn","value":"97.3","slugiddata":241633,"dKPIRSrs":false,"dNITIRSrs":false,"tps":"","dTHEMATICRSrs":false},{"_id":"242336","area":"IND008033","below":[],"indicator":11,"ius":"Institutional delivery in public/government health facility:Percent:Total","rank":2,"src":6,"subgrp":1,"top":[],"tp":"2013-2014","trend":"up","value":"98.7","slugiddata":242336,"dKPIRSrs":false,"dNITIRSrs":false,"tps":"","dTHEMATICRSrs":false},{"_id":"243036","area":"IND008033","below":[],"indicator":11,"ius":"Institutional delivery in public/government health facility:Percent:Total","rank":2,"src":6,"subgrp":1,"top":[],"tp":"2014-2015","trend":"up","value":"98.9","slugiddata":243036,"dKPIRSrs":false,"dNITIRSrs":false,"tps":"","dTHEMATICRSrs":false},{"_id":"243747","area":"IND008033","below":[],"indicator":11,"ius":"Institutional delivery in public/government health facility:Percent:Total","rank":2,"src":6,"subgrp":1,"top":[],"tp":"2015-2016","trend":"dn","value":"97.8","slugiddata":243747,"dKPIRSrs":false,"dNITIRSrs":false,"tps":"","dTHEMATICRSrs":false},{"_id":"244460","area":"IND008033","below":[],"indicator":11,"ius":"Institutional delivery in public/government health facility:Percent:Total","rank":3,"src":6,"subgrp":1,"top":[],"tp":"2016-2017","trend":"dn","value":"97.1","slugiddata":244460,"dKPIRSrs":false,"dNITIRSrs":false,"tps":"","dTHEMATICRSrs":false},{"_id":"251661","area":"IND008033","below":[],"indicator":105,"ius":"Adolescent counselled:Number:Total","rank":19,"src":6,"subgrp":1,"top":[],"tp":"2009-2010","trend":"na","value":"992.0","slugiddata":251661,"dKPIRSrs":false,"dNITIRSrs":false,"tps":"","dTHEMATICRSrs":true},{"_id":"252166","area":"IND008033","below":[],"indicator":105,"ius":"Adolescent counselled:Number:Total","rank":29,"src":6,"subgrp":1,"top":[],"tp":"2010-2011","trend":"dn","value":"551.0","slugiddata":252166,"dKPIRSrs":false,"dNITIRSrs":false,"tps":"","dTHEMATICRSrs":true},{"_id":"252757","area":"IND008033","below":[],"indicator":105,"ius":"Adolescent counselled:Number:Total","rank":31,"src":6,"subgrp":1,"top":[],"tp":"2011-2012","trend":"dn","value":"542.0","slugiddata":252757,"dKPIRSrs":false,"dNITIRSrs":false,"tps":"","dTHEMATICRSrs":true},{"_id":"253402","area":"IND008033","below":[],"indicator":105,"ius":"Adolescent counselled:Number:Total","rank":31,"src":6,"subgrp":1,"top":[],"tp":"2012-2013","trend":"dn","value":"529.0","slugiddata":253402,"dKPIRSrs":false,"dNITIRSrs":false,"tps":"","dTHEMATICRSrs":true},{"_id":"254076","area":"IND008033","below":[],"indicator":105,"ius":"Adolescent counselled:Number:Total","rank":31,"src":6,"subgrp":1,"top":[],"tp":"2013-2014","trend":"dn","value":"424.0","slugiddata":254076,"dKPIRSrs":false,"dNITIRSrs":false,"tps":"","dTHEMATICRSrs":true},{"_id":"254770","area":"IND008033","below":[],"indicator":105,"ius":"Adolescent counselled:Number:Total","rank":28,"src":6,"subgrp":1,"top":[],"tp":"2014-2015","trend":"up","value":"643.0","slugiddata":254770,"dKPIRSrs":false,"dNITIRSrs":false,"tps":"","dTHEMATICRSrs":true},{"_id":"255479","area":"IND008033","below":[],"indicator":105,"ius":"Adolescent counselled:Number:Total","rank":27,"src":6,"subgrp":1,"top":[],"tp":"2015-2016","trend":"dn","value":"479.0","slugiddata":255479,"dKPIRSrs":false,"dNITIRSrs":false,"tps":"","dTHEMATICRSrs":true},{"_id":"256190","area":"IND008033","below":[],"indicator":105,"ius":"Adolescent counselled:Number:Total","rank":32,"src":6,"subgrp":1,"top":[],"tp":"2016-2017","trend":"up","value":"1398.0","slugiddata":256190,"dKPIRSrs":false,"dNITIRSrs":false,"tps":"","dTHEMATICRSrs":true},{"_id":"263138","area":"IND008033","below":[],"indicator":88,"ius":"1st trimester registration to total ANC registrations:Percent:Total","rank":23,"src":6,"subgrp":1,"top":[],"tp":"2017-2018","trend":"up","value":"55.5","slugiddata":263138,"dKPIRSrs":false,"dNITIRSrs":true,"tps":"","dTHEMATICRSrs":false},{"_id":"263874","area":"IND008033","below":[],"indicator":48,"ius":"Mothers who had at least 4 antenatal care visits:Percent:Total","rank":31,"src":6,"subgrp":1,"top":[],"tp":"2017-2018","trend":"na","value":"14.5","slugiddata":263874,"dKPIRSrs":false,"dNITIRSrs":true,"tps":"","dTHEMATICRSrs":false},{"_id":"264605","area":"IND008033","below":[],"indicator":12,"ius":"Home delivery conducted by skilled health personnel:Percent:Total","rank":24,"src":6,"subgrp":1,"top":[],"tp":"2017-2018","trend":"dn","value":"21.9","slugiddata":264605,"dKPIRSrs":false,"dNITIRSrs":true,"tps":"","dTHEMATICRSrs":false},{"_id":"265337","area":"IND008033","below":[],"indicator":112,"ius":"Newborns having weight less than 2.5 kg to newborns weighed at birth:Percent:Total","rank":25,"src":6,"subgrp":1,"top":[],"tp":"2017-2018","trend":"up","value":"18.9","slugiddata":265337,"dKPIRSrs":true,"dNITIRSrs":true,"tps":"","dTHEMATICRSrs":false},{"_id":"266073","area":"IND008033","below":[],"indicator":111,"ius":"Newborns breastfed within 1 hour of birth to total live birth:Percent:Total","rank":13,"src":6,"subgrp":1,"top":[],"tp":"2017-2018","trend":"dn","value":"96.4","slugiddata":266073,"dKPIRSrs":false,"dNITIRSrs":true,"tps":"","dTHEMATICRSrs":false},{"_id":"266809","area":"IND008033","below":[],"indicator":109,"ius":"Percentage of institutional deliveries out of total ANC registration:Percent:Total","rank":8,"src":6,"subgrp":1,"top":[],"tp":"2017-2018","trend":"up","value":"84.4","slugiddata":266809,"dKPIRSrs":false,"dNITIRSrs":true,"tps":"","dTHEMATICRSrs":false},{"_id":"267545","area":"IND008033","below":[],"indicator":108,"ius":"Percentage of PW having Hb level<11 (tested cases) (7.1 to 10.9) against total ANC registration:Percent:Total","rank":22,"src":6,"subgrp":1,"top":[],"tp":"2017-2018","trend":"dn","value":"79.9","slugiddata":267545,"dKPIRSrs":false,"dNITIRSrs":true,"tps":"","dTHEMATICRSrs":false},{"_id":"268281","area":"IND008033","below":[],"indicator":113,"ius":"Percentage of PW having Hb level<7 (tested cases) against total ANC registration:Percent:Total","rank":1,"src":6,"subgrp":1,"top":[],"tp":"2017-2018","trend":"eq","value":"0.4","slugiddata":268281,"dKPIRSrs":false,"dNITIRSrs":true,"tps":"","dTHEMATICRSrs":false},{"_id":"269017","area":"IND008033","below":[],"indicator":110,"ius":"Proportion of live babies weighed at birth:Percent:Total","rank":28,"src":6,"subgrp":1,"top":[],"tp":"2017-2018","trend":"dn","value":"92.9","slugiddata":269017,"dKPIRSrs":false,"dNITIRSrs":true,"tps":"","dTHEMATICRSrs":false},{"_id":"269712","area":"IND008033","below":[],"indicator":108,"ius":"Percentage of PW having Hb level<11 (tested cases) (7.1 to 10.9) against total ANC registration:Percent:Total","rank":1,"src":6,"subgrp":1,"top":[],"tp":"2008-2009","trend":"na","value":"0.0","slugiddata":269712,"dKPIRSrs":false,"dNITIRSrs":true,"tps":"","dTHEMATICRSrs":false},{"_id":"270381","area":"IND008033","below":[],"indicator":108,"ius":"Percentage of PW having Hb level<11 (tested cases) (7.1 to 10.9) against total ANC registration:Percent:Total","rank":31,"src":6,"subgrp":1,"top":[],"tp":"2009-2010","trend":"dn","value":"44.9","slugiddata":270381,"dKPIRSrs":false,"dNITIRSrs":true,"tps":"","dTHEMATICRSrs":false},{"_id":"271054","area":"IND008033","below":[],"indicator":108,"ius":"Percentage of PW having Hb level<11 (tested cases) (7.1 to 10.9) against total ANC registration:Percent:Total","rank":32,"src":6,"subgrp":1,"top":[],"tp":"2010-2011","trend":"dn","value":"58.4","slugiddata":271054,"dKPIRSrs":false,"dNITIRSrs":true,"tps":"","dTHEMATICRSrs":false},{"_id":"271736","area":"IND008033","below":[],"indicator":108,"ius":"Percentage of PW having Hb level<11 (tested cases) (7.1 to 10.9) against total ANC registration:Percent:Total","rank":26,"src":6,"subgrp":1,"top":[],"tp":"2011-2012","trend":"up","value":"55.1","slugiddata":271736,"dKPIRSrs":false,"dNITIRSrs":true,"tps":"","dTHEMATICRSrs":false},{"_id":"272436","area":"IND008033","below":[],"indicator":108,"ius":"Percentage of PW having Hb level<11 (tested cases) (7.1 to 10.9) against total ANC registration:Percent:Total","rank":29,"src":6,"subgrp":1,"top":[],"tp":"2012-2013","trend":"dn","value":"63.5","slugiddata":272436,"dKPIRSrs":false,"dNITIRSrs":true,"tps":"","dTHEMATICRSrs":false},{"_id":"273139","area":"IND008033","below":[],"indicator":108,"ius":"Percentage of PW having Hb level<11 (tested cases) (7.1 to 10.9) against total ANC registration:Percent:Total","rank":29,"src":6,"subgrp":1,"top":[],"tp":"2013-2014","trend":"dn","value":"69.0","slugiddata":273139,"dKPIRSrs":false,"dNITIRSrs":true,"tps":"","dTHEMATICRSrs":false},{"_id":"273839","area":"IND008033","below":[],"indicator":108,"ius":"Percentage of PW having Hb level<11 (tested cases) (7.1 to 10.9) against total ANC registration:Percent:Total","rank":27,"src":6,"subgrp":1,"top":[],"tp":"2014-2015","trend":"dn","value":"79.2","slugiddata":273839,"dKPIRSrs":false,"dNITIRSrs":true,"tps":"","dTHEMATICRSrs":false},{"_id":"274550","area":"IND008033","below":[],"indicator":108,"ius":"Percentage of PW having Hb level<11 (tested cases) (7.1 to 10.9) against total ANC registration:Percent:Total","rank":21,"src":6,"subgrp":1,"top":[],"tp":"2015-2016","trend":"up","value":"67.6","slugiddata":274550,"dKPIRSrs":false,"dNITIRSrs":true,"tps":"","dTHEMATICRSrs":false},{"_id":"275263","area":"IND008033","below":[],"indicator":108,"ius":"Percentage of PW having Hb level<11 (tested cases) (7.1 to 10.9) against total ANC registration:Percent:Total","rank":16,"src":6,"subgrp":1,"top":[],"tp":"2016-2017","trend":"up","value":"66.9","slugiddata":275263,"dKPIRSrs":false,"dNITIRSrs":true,"tps":"","dTHEMATICRSrs":false},{"_id":"275937","area":"IND008033","below":[],"indicator":113,"ius":"Percentage of PW having Hb level<7 (tested cases) against total ANC registration:Percent:Total","rank":1,"src":6,"subgrp":1,"top":[],"tp":"2008-2009","trend":"na","value":"0.0","slugiddata":275937,"dKPIRSrs":false,"dNITIRSrs":true,"tps":"","dTHEMATICRSrs":false},{"_id":"276606","area":"IND008033","below":[],"indicator":113,"ius":"Percentage of PW having Hb level<7 (tested cases) against total ANC registration:Percent:Total","rank":9,"src":6,"subgrp":1,"top":[],"tp":"2009-2010","trend":"dn","value":"1.6","slugiddata":276606,"dKPIRSrs":false,"dNITIRSrs":true,"tps":"","dTHEMATICRSrs":false},{"_id":"277279","area":"IND008033","below":[],"indicator":113,"ius":"Percentage of PW having Hb level<7 (tested cases) against total ANC registration:Percent:Total","rank":8,"src":6,"subgrp":1,"top":[],"tp":"2010-2011","trend":"up","value":"1.3","slugiddata":277279,"dKPIRSrs":false,"dNITIRSrs":true,"tps":"","dTHEMATICRSrs":false},{"_id":"277961","area":"IND008033","below":[],"indicator":113,"ius":"Percentage of PW having Hb level<7 (tested cases) against total ANC registration:Percent:Total","rank":24,"src":6,"subgrp":1,"top":[],"tp":"2011-2012","trend":"dn","value":"8.4","slugiddata":277961,"dKPIRSrs":false,"dNITIRSrs":true,"tps":"","dTHEMATICRSrs":false},{"_id":"278661","area":"IND008033","below":[],"indicator":113,"ius":"Percentage of PW having Hb level<7 (tested cases) against total ANC registration:Percent:Total","rank":17,"src":6,"subgrp":1,"top":[],"tp":"2012-2013","trend":"up","value":"2.6","slugiddata":278661,"dKPIRSrs":false,"dNITIRSrs":true,"tps":"","dTHEMATICRSrs":false},{"_id":"279364","area":"IND008033","below":[],"indicator":113,"ius":"Percentage of PW having Hb level<7 (tested cases) against total ANC registration:Percent:Total","rank":1,"src":6,"subgrp":1,"top":[],"tp":"2013-2014","trend":"up","value":"0.5","slugiddata":279364,"dKPIRSrs":false,"dNITIRSrs":true,"tps":"","dTHEMATICRSrs":false},{"_id":"280064","area":"IND008033","below":[],"indicator":113,"ius":"Percentage of PW having Hb level<7 (tested cases) against total ANC registration:Percent:Total","rank":2,"src":6,"subgrp":1,"top":[],"tp":"2014-2015","trend":"eq","value":"0.5","slugiddata":280064,"dKPIRSrs":false,"dNITIRSrs":true,"tps":"","dTHEMATICRSrs":false},{"_id":"280775","area":"IND008033","below":[],"indicator":113,"ius":"Percentage of PW having Hb level<7 (tested cases) against total ANC registration:Percent:Total","rank":1,"src":6,"subgrp":1,"top":[],"tp":"2015-2016","trend":"up","value":"0.3","slugiddata":280775,"dKPIRSrs":false,"dNITIRSrs":true,"tps":"","dTHEMATICRSrs":false},{"_id":"281488","area":"IND008033","below":[],"indicator":113,"ius":"Percentage of PW having Hb level<7 (tested cases) against total ANC registration:Percent:Total","rank":1,"src":6,"subgrp":1,"top":[],"tp":"2016-2017","trend":"dn","value":"0.4","slugiddata":281488,"dKPIRSrs":false,"dNITIRSrs":true,"tps":"","dTHEMATICRSrs":false},{"_id":"282162","area":"IND008033","below":[],"indicator":109,"ius":"Percentage of institutional deliveries out of total ANC registration:Percent:Total","rank":9,"src":6,"subgrp":1,"top":[],"tp":"2008-2009","trend":"na","value":"62.2","slugiddata":282162,"dKPIRSrs":false,"dNITIRSrs":true,"tps":"","dTHEMATICRSrs":false},{"_id":"282831","area":"IND008033","below":[],"indicator":109,"ius":"Percentage of institutional deliveries out of total ANC registration:Percent:Total","rank":2,"src":6,"subgrp":1,"top":[],"tp":"2009-2010","trend":"up","value":"72.3","slugiddata":282831,"dKPIRSrs":false,"dNITIRSrs":true,"tps":"","dTHEMATICRSrs":false},{"_id":"283504","area":"IND008033","below":[],"indicator":109,"ius":"Percentage of institutional deliveries out of total ANC registration:Percent:Total","rank":1,"src":6,"subgrp":1,"top":[],"tp":"2010-2011","trend":"up","value":"81.6","slugiddata":283504,"dKPIRSrs":false,"dNITIRSrs":true,"tps":"","dTHEMATICRSrs":false},{"_id":"284186","area":"IND008033","below":[],"indicator":109,"ius":"Percentage of institutional deliveries out of total ANC registration:Percent:Total","rank":9,"src":6,"subgrp":1,"top":[],"tp":"2011-2012","trend":"dn","value":"78.4","slugiddata":284186,"dKPIRSrs":false,"dNITIRSrs":true,"tps":"","dTHEMATICRSrs":false},{"_id":"284886","area":"IND008033","below":[],"indicator":109,"ius":"Percentage of institutional deliveries out of total ANC registration:Percent:Total","rank":12,"src":6,"subgrp":1,"top":[],"tp":"2012-2013","trend":"up","value":"80.4","slugiddata":284886,"dKPIRSrs":false,"dNITIRSrs":true,"tps":"","dTHEMATICRSrs":false},{"_id":"285589","area":"IND008033","below":[],"indicator":109,"ius":"Percentage of institutional deliveries out of total ANC registration:Percent:Total","rank":7,"src":6,"subgrp":1,"top":[],"tp":"2013-2014","trend":"up","value":"85.2","slugiddata":285589,"dKPIRSrs":false,"dNITIRSrs":true,"tps":"","dTHEMATICRSrs":false},{"_id":"286289","area":"IND008033","below":[],"indicator":109,"ius":"Percentage of institutional deliveries out of total ANC registration:Percent:Total","rank":7,"src":6,"subgrp":1,"top":[],"tp":"2014-2015","trend":"dn","value":"84.4","slugiddata":286289,"dKPIRSrs":false,"dNITIRSrs":true,"tps":"","dTHEMATICRSrs":false},{"_id":"287000","area":"IND008033","below":[],"indicator":109,"ius":"Percentage of institutional deliveries out of total ANC registration:Percent:Total","rank":9,"src":6,"subgrp":1,"top":[],"tp":"2015-2016","trend":"dn","value":"84.2","slugiddata":287000,"dKPIRSrs":false,"dNITIRSrs":true,"tps":"","dTHEMATICRSrs":false},{"_id":"287713","area":"IND008033","below":[],"indicator":109,"ius":"Percentage of institutional deliveries out of total ANC registration:Percent:Total","rank":11,"src":6,"subgrp":1,"top":[],"tp":"2016-2017","trend":"dn","value":"83.4","slugiddata":287713,"dKPIRSrs":false,"dNITIRSrs":true,"tps":"","dTHEMATICRSrs":false},{"_id":"288381","area":"IND008033","below":[],"indicator":110,"ius":"Proportion of live babies weighed at birth:Percent:Total","rank":24,"src":6,"subgrp":1,"top":[],"tp":"2008-2009","trend":"na","value":"84.3","slugiddata":288381,"dKPIRSrs":false,"dNITIRSrs":true,"tps":"","dTHEMATICRSrs":false},{"_id":"289048","area":"IND008033","below":[],"indicator":110,"ius":"Proportion of live babies weighed at birth:Percent:Total","rank":10,"src":6,"subgrp":1,"top":[],"tp":"2009-2010","trend":"up","value":"91.5","slugiddata":289048,"dKPIRSrs":false,"dNITIRSrs":true,"tps":"","dTHEMATICRSrs":false},{"_id":"289721","area":"IND008033","below":[],"indicator":110,"ius":"Proportion of live babies weighed at birth:Percent:Total","rank":8,"src":6,"subgrp":1,"top":[],"tp":"2010-2011","trend":"dn","value":"88.9","slugiddata":289721,"dKPIRSrs":false,"dNITIRSrs":true,"tps":"","dTHEMATICRSrs":false},{"_id":"290404","area":"IND008033","below":[],"indicator":110,"ius":"Proportion of live babies weighed at birth:Percent:Total","rank":13,"src":6,"subgrp":1,"top":[],"tp":"2011-2012","trend":"dn","value":"81.0","slugiddata":290404,"dKPIRSrs":false,"dNITIRSrs":true,"tps":"","dTHEMATICRSrs":false},{"_id":"291104","area":"IND008033","below":[],"indicator":110,"ius":"Proportion of live babies weighed at birth:Percent:Total","rank":18,"src":6,"subgrp":1,"top":[],"tp":"2012-2013","trend":"up","value":"85.6","slugiddata":291104,"dKPIRSrs":false,"dNITIRSrs":true,"tps":"","dTHEMATICRSrs":false},{"_id":"291807","area":"IND008033","below":[],"indicator":110,"ius":"Proportion of live babies weighed at birth:Percent:Total","rank":25,"src":6,"subgrp":1,"top":[],"tp":"2013-2014","trend":"dn","value":"84.8","slugiddata":291807,"dKPIRSrs":false,"dNITIRSrs":true,"tps":"","dTHEMATICRSrs":false},{"_id":"292507","area":"IND008033","below":[],"indicator":110,"ius":"Proportion of live babies weighed at birth:Percent:Total","rank":27,"src":6,"subgrp":1,"top":[],"tp":"2014-2015","trend":"up","value":"89.7","slugiddata":292507,"dKPIRSrs":false,"dNITIRSrs":true,"tps":"","dTHEMATICRSrs":false},{"_id":"293218","area":"IND008033","below":[],"indicator":110,"ius":"Proportion of live babies weighed at birth:Percent:Total","rank":15,"src":6,"subgrp":1,"top":[],"tp":"2015-2016","trend":"up","value":"96.1","slugiddata":293218,"dKPIRSrs":false,"dNITIRSrs":true,"tps":"","dTHEMATICRSrs":false},{"_id":"293931","area":"IND008033","below":[],"indicator":110,"ius":"Proportion of live babies weighed at birth:Percent:Total","rank":19,"src":6,"subgrp":1,"top":[],"tp":"2016-2017","trend":"dn","value":"95.4","slugiddata":293931,"dKPIRSrs":false,"dNITIRSrs":true,"tps":"","dTHEMATICRSrs":false},{"_id":"294691","area":"IND008033","below":[],"indicator":89,"ius":"Pregnant women received TT2 or Booster to total ANC registration:Percent:Total","rank":11,"src":6,"subgrp":1,"top":[],"tp":"2017-2018","trend":"up","value":"93.5","slugiddata":294691,"dKPIRSrs":false,"dNITIRSrs":false,"tps":"","dTHEMATICRSrs":true},{"_id":"295427","area":"IND008033","below":[],"indicator":92,"ius":"Women discharged in less than 48 hours of delivery to total reported deliveries at public institutions:Percent:Total","rank":10,"src":6,"subgrp":1,"top":[],"tp":"2017-2018","trend":"dn","value":"4.3","slugiddata":295427,"dKPIRSrs":false,"dNITIRSrs":false,"tps":"","dTHEMATICRSrs":true},{"_id":"296163","area":"IND008033","below":[],"indicator":14,"ius":"Institutional delivery:Percent:Total","rank":10,"src":6,"subgrp":1,"top":[],"tp":"2017-2018","trend":"eq","value":"98.9","slugiddata":296163,"dKPIRSrs":false,"dNITIRSrs":false,"tps":"","dTHEMATICRSrs":false},{"_id":"297635","area":"IND008033","below":[],"indicator":93,"ius":"Home deliveries to total reported deliveries:Percent:Total","rank":10,"src":6,"subgrp":1,"top":[],"tp":"2017-2018","trend":"eq","value":"1.1","slugiddata":297635,"dKPIRSrs":true,"dNITIRSrs":false,"tps":"","dTHEMATICRSrs":true},{"_id":"298371","area":"IND008033","below":[],"indicator":2,"ius":"Births delivered by caesarean section:Percent:Total","rank":30,"src":6,"subgrp":1,"top":[],"tp":"2017-2018","trend":"dn","value":"0.4","slugiddata":298371,"dKPIRSrs":false,"dNITIRSrs":false,"tps":"","dTHEMATICRSrs":false},{"_id":"299107","area":"IND008033","below":[],"indicator":11,"ius":"Institutional delivery in public/government health facility:Percent:Total","rank":3,"src":6,"subgrp":1,"top":[],"tp":"2017-2018","trend":"up","value":"98.1","slugiddata":299107,"dKPIRSrs":false,"dNITIRSrs":false,"tps":"","dTHEMATICRSrs":false},{"_id":"300559","area":"IND008033","below":[],"indicator":96,"ius":"MTPs conducted at public institutions to total MTPs:Percent:Total","rank":1,"src":6,"subgrp":1,"top":[],"tp":"2017-2018","trend":"eq","value":"100.0","slugiddata":300559,"dKPIRSrs":false,"dNITIRSrs":false,"tps":"","dTHEMATICRSrs":true},{"_id":"301975","area":"IND008033","below":[],"indicator":98,"ius":"Male sterilization (vasectomies) to total sterilization:Percent:Total","rank":12,"src":6,"subgrp":1,"top":[],"tp":"2017-2018","trend":"up","value":"0.8","slugiddata":301975,"dKPIRSrs":false,"dNITIRSrs":false,"tps":"","dTHEMATICRSrs":true},{"_id":"302695","area":"IND008033","below":[],"indicator":99,"ius":"Post partum sterilizations to total female sterilizations:Percent:Total","rank":23,"src":6,"subgrp":1,"top":[],"tp":"2017-2018","trend":"dn","value":"14.7","slugiddata":302695,"dKPIRSrs":false,"dNITIRSrs":false,"tps":"","dTHEMATICRSrs":false},{"_id":"304164","area":"IND008033","below":[],"indicator":101,"ius":"IUCD insertions in public plus private institutions to all family planning methods ( IUCD plus permanent):Percent:Total","rank":5,"src":6,"subgrp":1,"top":[],"tp":"2017-2018","trend":"dn","value":"65.6","slugiddata":304164,"dKPIRSrs":false,"dNITIRSrs":false,"tps":"","dTHEMATICRSrs":true},{"_id":"304900","area":"IND008033","below":[],"indicator":102,"ius":"Newborns given BCG to reported live birth:Percent:Total","rank":29,"src":6,"subgrp":1,"top":[],"tp":"2017-2018","trend":"dn","value":"98.1","slugiddata":304900,"dKPIRSrs":false,"dNITIRSrs":false,"tps":"","dTHEMATICRSrs":true},{"_id":"305636","area":"IND008033","below":[],"indicator":103,"ius":"Infants 0 to 11 months old who received measles vaccine to reported live births:Percent:Total","rank":22,"src":6,"subgrp":1,"top":[],"tp":"2017-2018","trend":"up","value":"100.8","slugiddata":305636,"dKPIRSrs":false,"dNITIRSrs":false,"tps":"","dTHEMATICRSrs":true},{"_id":"307835","area":"IND008033","below":[],"indicator":119,"ius":"Cases of Pregnant women with obstetric complications and attended to reported deliveries:Percent:Total","rank":8,"src":6,"subgrp":1,"top":[],"tp":"2008-2009","trend":"na","value":"4.1","slugiddata":307835,"dKPIRSrs":false,"dNITIRSrs":false,"tps":"","dTHEMATICRSrs":false},{"_id":"308504","area":"IND008033","below":[],"indicator":119,"ius":"Cases of Pregnant women with obstetric complications and attended to reported deliveries:Percent:Total","rank":21,"src":6,"subgrp":1,"top":[],"tp":"2009-2010","trend":"dn","value":"1.5","slugiddata":308504,"dKPIRSrs":false,"dNITIRSrs":false,"tps":"","dTHEMATICRSrs":false},{"_id":"309177","area":"IND008033","below":[],"indicator":119,"ius":"Cases of Pregnant women with obstetric complications and attended to reported deliveries:Percent:Total","rank":25,"src":6,"subgrp":1,"top":[],"tp":"2010-2011","trend":"dn","value":"1.1","slugiddata":309177,"dKPIRSrs":false,"dNITIRSrs":false,"tps":"","dTHEMATICRSrs":false},{"_id":"309860","area":"IND008033","below":[],"indicator":119,"ius":"Cases of Pregnant women with obstetric complications and attended to reported deliveries:Percent:Total","rank":23,"src":6,"subgrp":1,"top":[],"tp":"2011-2012","trend":"up","value":"1.2","slugiddata":309860,"dKPIRSrs":false,"dNITIRSrs":false,"tps":"","dTHEMATICRSrs":false},{"_id":"310560","area":"IND008033","below":[],"indicator":119,"ius":"Cases of Pregnant women with obstetric complications and attended to reported deliveries:Percent:Total","rank":25,"src":6,"subgrp":1,"top":[],"tp":"2012-2013","trend":"up","value":"2.6","slugiddata":310560,"dKPIRSrs":false,"dNITIRSrs":false,"tps":"","dTHEMATICRSrs":false},{"_id":"311263","area":"IND008033","below":[],"indicator":119,"ius":"Cases of Pregnant women with obstetric complications and attended to reported deliveries:Percent:Total","rank":23,"src":6,"subgrp":1,"top":[],"tp":"2013-2014","trend":"up","value":"3.5","slugiddata":311263,"dKPIRSrs":false,"dNITIRSrs":false,"tps":"","dTHEMATICRSrs":false},{"_id":"311963","area":"IND008033","below":[],"indicator":119,"ius":"Cases of Pregnant women with obstetric complications and attended to reported deliveries:Percent:Total","rank":16,"src":6,"subgrp":1,"top":[],"tp":"2014-2015","trend":"up","value":"4.8","slugiddata":311963,"dKPIRSrs":false,"dNITIRSrs":false,"tps":"","dTHEMATICRSrs":false},{"_id":"312674","area":"IND008033","below":[],"indicator":119,"ius":"Cases of Pregnant women with obstetric complications and attended to reported deliveries:Percent:Total","rank":10,"src":6,"subgrp":1,"top":[],"tp":"2015-2016","trend":"up","value":"7.8","slugiddata":312674,"dKPIRSrs":false,"dNITIRSrs":false,"tps":"","dTHEMATICRSrs":false},{"_id":"313387","area":"IND008033","below":[],"indicator":119,"ius":"Cases of Pregnant women with obstetric complications and attended to reported deliveries:Percent:Total","rank":16,"src":6,"subgrp":1,"top":[],"tp":"2016-2017","trend":"dn","value":"6.0","slugiddata":313387,"dKPIRSrs":false,"dNITIRSrs":false,"tps":"","dTHEMATICRSrs":false},{"_id":"314102","area":"IND008033","below":[],"indicator":119,"ius":"Cases of Pregnant women with obstetric complications and attended to reported deliveries:Percent:Total","rank":15,"src":6,"subgrp":1,"top":[],"tp":"2017-2018","trend":"up","value":"6.6","slugiddata":314102,"dKPIRSrs":false,"dNITIRSrs":false,"tps":"","dTHEMATICRSrs":false},{"_id":"314838","area":"IND008033","below":[],"indicator":118,"ius":"Pregnant women given 180 IFA to total ANC registration:Percent:Total","rank":14,"src":6,"subgrp":1,"top":[],"tp":"2017-2018","trend":"na","value":"53.8","slugiddata":314838,"dKPIRSrs":false,"dNITIRSrs":false,"tps":"","dTHEMATICRSrs":false},{"_id":"315574","area":"IND008033","below":[],"indicator":88,"ius":"1st trimester registration to total ANC registrations:Percent:Total","rank":27,"src":6,"subgrp":1,"top":[],"tp":"Apr-Sep_2018","trend":"dn","value":"55.2","slugiddata":315574,"dKPIRSrs":false,"dNITIRSrs":true,"tps":"","dTHEMATICRSrs":false},{"_id":"316313","area":"IND008033","below":[],"indicator":48,"ius":"Mothers who had at least 4 antenatal care visits:Percent:Total","rank":30,"src":6,"subgrp":1,"top":[],"tp":"Apr-Sep_2018","trend":"up","value":"26.2","slugiddata":316313,"dKPIRSrs":false,"dNITIRSrs":true,"tps":"","dTHEMATICRSrs":false},{"_id":"317052","area":"IND008033","below":[],"indicator":89,"ius":"Pregnant women received TT2 or Booster to total ANC registration:Percent:Total","rank":20,"src":6,"subgrp":1,"top":[],"tp":"Apr-Sep_2018","trend":"dn","value":"90.0","slugiddata":317052,"dKPIRSrs":false,"dNITIRSrs":false,"tps":"","dTHEMATICRSrs":true},{"_id":"317791","area":"IND008033","below":[],"indicator":118,"ius":"Pregnant women given 180 IFA to total ANC registration:Percent:Total","rank":24,"src":6,"subgrp":1,"top":[],"tp":"Apr-Sep_2018","trend":"dn","value":"35.1","slugiddata":317791,"dKPIRSrs":false,"dNITIRSrs":false,"tps":"","dTHEMATICRSrs":false},{"_id":"318530","area":"IND008033","below":[],"indicator":108,"ius":"Percentage of PW having Hb level<11 (tested cases) (7.1 to 10.9) against total ANC registration:Percent:Total","rank":14,"src":6,"subgrp":1,"top":[],"tp":"Apr-Sep_2018","trend":"up","value":"73.4","slugiddata":318530,"dKPIRSrs":false,"dNITIRSrs":true,"tps":"","dTHEMATICRSrs":false},{"_id":"320007","area":"IND008033","below":[],"indicator":113,"ius":"Percentage of PW having Hb level<7 (tested cases) against total ANC registration:Percent:Total","rank":2,"src":6,"subgrp":1,"top":[],"tp":"Apr-Sep_2018","trend":"eq","value":"0.4","slugiddata":320007,"dKPIRSrs":false,"dNITIRSrs":true,"tps":"","dTHEMATICRSrs":false},{"_id":"320746","area":"IND008033","below":[],"indicator":91,"ius":"New cases detected at institution for hypertension to total ANC registrations:Percent:Total","rank":6,"src":6,"subgrp":1,"top":[],"tp":"Apr-Sep_2018","trend":"up","value":"0.8","slugiddata":320746,"dKPIRSrs":false,"dNITIRSrs":false,"tps":"","dTHEMATICRSrs":true},{"_id":"321476","area":"IND008033","below":[],"indicator":12,"ius":"Home delivery conducted by skilled health personnel:Percent:Total","rank":31,"src":6,"subgrp":1,"top":[],"tp":"Apr-Sep_2018","trend":"dn","value":"0.0","slugiddata":321476,"dKPIRSrs":false,"dNITIRSrs":true,"tps":"","dTHEMATICRSrs":false},{"_id":"322205","area":"IND008033","below":[],"indicator":92,"ius":"Women discharged in less than 48 hours of delivery to total reported deliveries at public institutions:Percent:Total","rank":5,"src":6,"subgrp":1,"top":[],"tp":"Apr-Sep_2018","trend":"up","value":"2.0","slugiddata":322205,"dKPIRSrs":false,"dNITIRSrs":false,"tps":"","dTHEMATICRSrs":true},{"_id":"322944","area":"IND008033","below":[],"indicator":109,"ius":"Percentage of institutional deliveries out of total ANC registration:Percent:Total","rank":17,"src":6,"subgrp":1,"top":[],"tp":"Apr-Sep_2018","trend":"dn","value":"69.0","slugiddata":322944,"dKPIRSrs":false,"dNITIRSrs":true,"tps":"","dTHEMATICRSrs":false},{"_id":"323683","area":"IND008033","below":[],"indicator":14,"ius":"Institutional delivery:Percent:Total","rank":11,"src":6,"subgrp":1,"top":[],"tp":"Apr-Sep_2018","trend":"dn","value":"98.7","slugiddata":323683,"dKPIRSrs":false,"dNITIRSrs":false,"tps":"","dTHEMATICRSrs":false},{"_id":"325161","area":"IND008033","below":[],"indicator":93,"ius":"Home deliveries to total reported deliveries:Percent:Total","rank":11,"src":6,"subgrp":1,"top":[],"tp":"Apr-Sep_2018","trend":"dn","value":"1.3","slugiddata":325161,"dKPIRSrs":true,"dNITIRSrs":false,"tps":"","dTHEMATICRSrs":true},{"_id":"325900","area":"IND008033","below":[],"indicator":2,"ius":"Births delivered by caesarean section:Percent:Total","rank":27,"src":6,"subgrp":1,"top":[],"tp":"Apr-Sep_2018","trend":"up","value":"1.0","slugiddata":325900,"dKPIRSrs":false,"dNITIRSrs":false,"tps":"","dTHEMATICRSrs":false},{"_id":"326639","area":"IND008033","below":[],"indicator":11,"ius":"Institutional delivery in public/government health facility:Percent:Total","rank":2,"src":6,"subgrp":1,"top":[],"tp":"Apr-Sep_2018","trend":"up","value":"99.0","slugiddata":326639,"dKPIRSrs":false,"dNITIRSrs":false,"tps":"","dTHEMATICRSrs":false},{"_id":"328117","area":"IND008033","below":[],"indicator":110,"ius":"Proportion of live babies weighed at birth:Percent:Total","rank":15,"src":6,"subgrp":1,"top":[],"tp":"Apr-Sep_2018","trend":"up","value":"98.1","slugiddata":328117,"dKPIRSrs":false,"dNITIRSrs":true,"tps":"","dTHEMATICRSrs":false},{"_id":"328856","area":"IND008033","below":[],"indicator":112,"ius":"Newborns having weight less than 2.5 kg to newborns weighed at birth:Percent:Total","rank":21,"src":6,"subgrp":1,"top":[],"tp":"Apr-Sep_2018","trend":"up","value":"16.9","slugiddata":328856,"dKPIRSrs":true,"dNITIRSrs":true,"tps":"","dTHEMATICRSrs":false},{"_id":"329595","area":"IND008033","below":[],"indicator":111,"ius":"Newborns breastfed within 1 hour of birth to total live birth:Percent:Total","rank":13,"src":6,"subgrp":1,"top":[],"tp":"Apr-Sep_2018","trend":"dn","value":"91.6","slugiddata":329595,"dKPIRSrs":false,"dNITIRSrs":true,"tps":"","dTHEMATICRSrs":false},{"_id":"331073","area":"IND008033","below":[],"indicator":119,"ius":"Cases of Pregnant women with obstetric complications and attended to reported deliveries:Percent:Total","rank":17,"src":6,"subgrp":1,"top":[],"tp":"Apr-Sep_2018","trend":"dn","value":"6.4","slugiddata":331073,"dKPIRSrs":false,"dNITIRSrs":false,"tps":"","dTHEMATICRSrs":false},{"_id":"331783","area":"IND008033","below":[],"indicator":96,"ius":"MTPs conducted at public institutions to total MTPs:Percent:Total","rank":1,"src":6,"subgrp":1,"top":[],"tp":"Apr-Sep_2018","trend":"eq","value":"100.0","slugiddata":331783,"dKPIRSrs":false,"dNITIRSrs":false,"tps":"","dTHEMATICRSrs":true},{"_id":"333171","area":"IND008033","below":[],"indicator":98,"ius":"Male sterilization (vasectomies) to total sterilization:Percent:Total","rank":11,"src":6,"subgrp":1,"top":[],"tp":"Apr-Sep_2018","trend":"up","value":"1.3","slugiddata":333171,"dKPIRSrs":false,"dNITIRSrs":false,"tps":"","dTHEMATICRSrs":true},{"_id":"333882","area":"IND008033","below":[],"indicator":99,"ius":"Post partum sterilizations to total female sterilizations:Percent:Total","rank":28,"src":6,"subgrp":1,"top":[],"tp":"Apr-Sep_2018","trend":"dn","value":"34.9","slugiddata":333882,"dKPIRSrs":false,"dNITIRSrs":false,"tps":"","dTHEMATICRSrs":false},{"_id":"335354","area":"IND008033","below":[],"indicator":101,"ius":"IUCD insertions in public plus private institutions to all family planning methods ( IUCD plus permanent):Percent:Total","rank":10,"src":6,"subgrp":1,"top":[],"tp":"Apr-Sep_2018","trend":"up","value":"87.3","slugiddata":335354,"dKPIRSrs":false,"dNITIRSrs":false,"tps":"","dTHEMATICRSrs":true},{"_id":"336093","area":"IND008033","below":[],"indicator":102,"ius":"Newborns given BCG to reported live birth:Percent:Total","rank":20,"src":6,"subgrp":1,"top":[],"tp":"Apr-Sep_2018","trend":"up","value":"100.8","slugiddata":336093,"dKPIRSrs":false,"dNITIRSrs":false,"tps":"","dTHEMATICRSrs":true},{"_id":"336832","area":"IND008033","below":[],"indicator":103,"ius":"Infants 0 to 11 months old who received measles vaccine to reported live births:Percent:Total","rank":24,"src":6,"subgrp":1,"top":[],"tp":"Apr-Sep_2018","trend":"up","value":"106.2","slugiddata":336832,"dKPIRSrs":false,"dNITIRSrs":false,"tps":"","dTHEMATICRSrs":true},{"_id":"386896","area":"IND008033","below":[],"indicator":10,"ius":"Current Usage FP - Female sterilization:Percent:Total","rank":9,"src":1,"subgrp":1,"top":[],"tp":"2015-2016","trend":"na","value":"44.4","slugiddata":386896,"dKPIRSrs":false,"dNITIRSrs":false,"tps":"","dTHEMATICRSrs":true},{"_id":"387519","area":"IND008033","below":[],"indicator":53,"ius":"Unmet Need for FP - Unmet need for spacing:Percent:Total","rank":10,"src":1,"subgrp":1,"top":[],"tp":"2015-2016","trend":"na","value":"5.1","slugiddata":387519,"dKPIRSrs":false,"dNITIRSrs":false,"tps":"","dTHEMATICRSrs":true},{"_id":"388142","area":"IND008033","below":[],"indicator":48,"ius":"Mothers who had at least 4 antenatal care visits:Percent:Total","rank":20,"src":1,"subgrp":1,"top":[],"tp":"2015-2016","trend":"na","value":"30.7","slugiddata":388142,"dKPIRSrs":false,"dNITIRSrs":false,"tps":"","dTHEMATICRSrs":true},{"_id":"388765","area":"IND008033","below":[],"indicator":33,"ius":"Mothers who received post-natal check-up within 48 hrs. of delivery:Percent:Total","rank":12,"src":1,"subgrp":1,"top":[],"tp":"2015-2016","trend":"na","value":"69.7","slugiddata":388765,"dKPIRSrs":false,"dNITIRSrs":false,"tps":"","dTHEMATICRSrs":false},{"_id":"390011","area":"IND008033","below":[],"indicator":12,"ius":"Home delivery conducted by skilled health personnel:Percent:Total","rank":18,"src":1,"subgrp":1,"top":[],"tp":"2015-2016","trend":"na","value":"1.5","slugiddata":390011,"dKPIRSrs":false,"dNITIRSrs":false,"tps":"","dTHEMATICRSrs":false},{"_id":"391257","area":"IND008033","below":[],"indicator":2,"ius":"Births delivered by caesarean section:Percent:Total","rank":30,"src":1,"subgrp":1,"top":[],"tp":"2015-2016","trend":"na","value":"2.7","slugiddata":391257,"dKPIRSrs":false,"dNITIRSrs":false,"tps":"","dTHEMATICRSrs":true},{"_id":"392260","area":"IND008033","below":[],"indicator":3,"ius":"Children suffering from diarrhoea who received ORS:Percent:Total","rank":3,"src":1,"subgrp":1,"top":[],"tp":"2015-2016","trend":"na","value":"70.3","slugiddata":392260,"dKPIRSrs":false,"dNITIRSrs":true,"tps":"","dTHEMATICRSrs":true},{"_id":"392583","area":"IND008033","below":[],"indicator":60,"ius":"Children with diarrhoea in the last 2 weeks who received zinc:Percent:Total","rank":11,"src":1,"subgrp":1,"top":[],"tp":"2015-2016","trend":"na","value":"14.3","slugiddata":392583,"dKPIRSrs":false,"dNITIRSrs":true,"tps":"","dTHEMATICRSrs":true},{"_id":"393958","area":"IND008033","below":[],"indicator":58,"ius":"Children who are severely wasted (weight-for-height)/severe acute malnourished (SAM):Percent:Total","rank":26,"src":1,"subgrp":1,"top":[],"tp":"2015-2016","trend":"na","value":"15.1","slugiddata":393958,"dKPIRSrs":false,"dNITIRSrs":true,"tps":"","dTHEMATICRSrs":true},{"_id":"394581","area":"IND008033","below":[],"indicator":56,"ius":"Children who are underweight (weight-for-age):Percent:Total","rank":32,"src":1,"subgrp":1,"top":[],"tp":"2015-2016","trend":"na","value":"54.6","slugiddata":394581,"dKPIRSrs":false,"dNITIRSrs":true,"tps":"","dTHEMATICRSrs":true},{"_id":"395204","area":"IND008033","below":[],"indicator":28,"ius":"Children aged (6-59 months) who are anaemic (<11.0 g/dl):Percent:Total","rank":25,"src":1,"subgrp":1,"top":[],"tp":"2015-2016","trend":"na","value":"75.8","slugiddata":395204,"dKPIRSrs":false,"dNITIRSrs":false,"tps":"","dTHEMATICRSrs":true},{"_id":"396645","area":"IND008033","below":[],"indicator":1,"ius":"Current Usage FP - Any modern method:Percent:Total","rank":14,"src":1,"subgrp":1,"top":[],"tp":"2015-2016","trend":"na","value":"54.6","slugiddata":396645,"dKPIRSrs":true,"dNITIRSrs":false,"tps":"","dTHEMATICRSrs":true},{"_id":"397268","area":"IND008033","below":[],"indicator":9,"ius":"Current Usage FP - Copper-T/IUD/PPIUD:Percent:Total","rank":11,"src":1,"subgrp":1,"top":[],"tp":"2015-2016","trend":"na","value":"1.0","slugiddata":397268,"dKPIRSrs":true,"dNITIRSrs":false,"tps":"","dTHEMATICRSrs":true},{"_id":"397891","area":"IND008033","below":[],"indicator":51,"ius":"Unmet Need for FP - Total unmet need:Percent:Total","rank":5,"src":1,"subgrp":1,"top":[],"tp":"2015-2016","trend":"na","value":"9.1","slugiddata":397891,"dKPIRSrs":true,"dNITIRSrs":false,"tps":"","dTHEMATICRSrs":true},{"_id":"398514","area":"IND008033","below":[],"indicator":44,"ius":"Mothers who had antenatal check-up in the first trimester:Percent:Total","rank":25,"src":1,"subgrp":1,"top":[],"tp":"2015-2016","trend":"na","value":"54.2","slugiddata":398514,"dKPIRSrs":true,"dNITIRSrs":false,"tps":"","dTHEMATICRSrs":true},{"_id":"399137","area":"IND008033","below":[],"indicator":45,"ius":"Mothers who had full antenatal care:Percent:Total","rank":5,"src":1,"subgrp":1,"top":[],"tp":"2015-2016","trend":"na","value":"16.7","slugiddata":399137,"dKPIRSrs":true,"dNITIRSrs":false,"tps":"","dTHEMATICRSrs":false},{"_id":"399760","area":"IND008033","below":[],"indicator":59,"ius":"Children who received a health check after birth from a doctor/nurse/LHV/ANM/midwife/other health personnel within 2 days of birth:Percent:Total","rank":15,"src":1,"subgrp":1,"top":[],"tp":"2015-2016","trend":"na","value":"22.9","slugiddata":399760,"dKPIRSrs":true,"dNITIRSrs":false,"tps":"","dTHEMATICRSrs":true},{"_id":"400383","area":"IND008033","below":[],"indicator":14,"ius":"Institutional delivery:Percent:Total","rank":10,"src":1,"subgrp":1,"top":[],"tp":"2015-2016","trend":"na","value":"89.5","slugiddata":400383,"dKPIRSrs":true,"dNITIRSrs":false,"tps":"","dTHEMATICRSrs":true},{"_id":"401006","area":"IND008033","below":[],"indicator":11,"ius":"Institutional delivery in public/government health facility:Percent:Total","rank":4,"src":1,"subgrp":1,"top":[],"tp":"2015-2016","trend":"na","value":"84.3","slugiddata":401006,"dKPIRSrs":true,"dNITIRSrs":false,"tps":"","dTHEMATICRSrs":true},{"_id":"401625","area":"IND008033","below":[],"indicator":5,"ius":"Children fully immunized:Percent:Total","rank":8,"src":1,"subgrp":1,"top":[],"tp":"2015-2016","trend":"na","value":"66.3","slugiddata":401625,"dKPIRSrs":true,"dNITIRSrs":true,"tps":"","dTHEMATICRSrs":true},{"_id":"402005","area":"IND008033","below":[],"indicator":19,"ius":"Children with diarrhoea in last 2 weeks and sought advice/treatment/taken to a health facility:Percent:Total","rank":3,"src":1,"subgrp":1,"top":[],"tp":"2015-2016","trend":"na","value":"86.4","slugiddata":402005,"dKPIRSrs":true,"dNITIRSrs":false,"tps":"","dTHEMATICRSrs":true},{"_id":"402444","area":"IND008033","below":[],"indicator":7,"ius":"Children with acute respiratory infection or fever in last 2 weeks and sought advice/treatment/taken to a health facility:Percent:Total","rank":7,"src":1,"subgrp":1,"top":[],"tp":"2015-2016","trend":"na","value":"88.7","slugiddata":402444,"dKPIRSrs":true,"dNITIRSrs":true,"tps":"","dTHEMATICRSrs":true},{"_id":"403047","area":"IND008033","below":[],"indicator":6,"ius":"Children breastfed within one hour of birth:Percent:Total","rank":15,"src":1,"subgrp":1,"top":[],"tp":"2015-2016","trend":"na","value":"30.1","slugiddata":403047,"dKPIRSrs":true,"dNITIRSrs":false,"tps":"","dTHEMATICRSrs":true},{"_id":"403522","area":"IND008033","below":[],"indicator":4,"ius":"Children under age 6 months exclusively breastfed:Percent:Total","rank":24,"src":1,"subgrp":1,"top":[],"tp":"2015-2016","trend":"na","value":"44.7","slugiddata":403522,"dKPIRSrs":true,"dNITIRSrs":false,"tps":"","dTHEMATICRSrs":false},{"_id":"404036","area":"IND008033","below":[],"indicator":42,"ius":"Pregnant women aged (15-49 years) who are anaemic (<11.0 g/dl):Percent:Total","rank":17,"src":1,"subgrp":1,"top":[],"tp":"2015-2016","trend":"na","value":"46.3","slugiddata":404036,"dKPIRSrs":true,"dNITIRSrs":false,"tps":"","dTHEMATICRSrs":true},{"_id":"405287","area":"IND008033","below":[],"indicator":57,"ius":"Children who are wasted (weight-for-height)/moderate acute malnourished (MAM):Percent:Total","rank":30,"src":1,"subgrp":1,"top":[],"tp":"2015-2016","trend":"na","value":"38.2","slugiddata":405287,"dKPIRSrs":false,"dNITIRSrs":true,"tps":"","dTHEMATICRSrs":false},{"_id":"406669","area":"IND008033","below":[],"indicator":116,"ius":"Children who are stunted (height-for-age):Percent:Total","rank":26,"src":1,"subgrp":1,"top":[],"tp":"2015-2016","trend":"na","value":"46.3","slugiddata":406669,"dKPIRSrs":false,"dNITIRSrs":true,"tps":"","dTHEMATICRSrs":false},{"_id":"407326","area":"IND008033","below":[],"indicator":114,"ius":"Breastfeeding children receiving adequate diet (6-23 months):Percent:Total","rank":23,"src":1,"subgrp":1,"top":[],"tp":"2015-2016","trend":"na","value":"0.9","slugiddata":407326,"dKPIRSrs":false,"dNITIRSrs":true,"tps":"","dTHEMATICRSrs":false},{"_id":"79402","area":"IND008033","below":[],"indicator":88,"ius":"1st trimester registration to total ANC registrations:Percent:Total","rank":22,"src":6,"subgrp":1,"top":[],"tp":"2008-2009","trend":"na","value":"45.2","slugiddata":79402,"dKPIRSrs":false,"dNITIRSrs":true,"tps":"","dTHEMATICRSrs":false},{"_id":"80071","area":"IND008033","below":[],"indicator":88,"ius":"1st trimester registration to total ANC registrations:Percent:Total","rank":22,"src":6,"subgrp":1,"top":[],"tp":"2009-2010","trend":"up","value":"46.7","slugiddata":80071,"dKPIRSrs":false,"dNITIRSrs":true,"tps":"","dTHEMATICRSrs":false},{"_id":"80744","area":"IND008033","below":[],"indicator":88,"ius":"1st trimester registration to total ANC registrations:Percent:Total","rank":22,"src":6,"subgrp":1,"top":[],"tp":"2010-2011","trend":"dn","value":"40.7","slugiddata":80744,"dKPIRSrs":false,"dNITIRSrs":true,"tps":"","dTHEMATICRSrs":false},{"_id":"81426","area":"IND008033","below":[],"indicator":88,"ius":"1st trimester registration to total ANC registrations:Percent:Total","rank":22,"src":6,"subgrp":1,"top":[],"tp":"2011-2012","trend":"up","value":"43.6","slugiddata":81426,"dKPIRSrs":false,"dNITIRSrs":true,"tps":"","dTHEMATICRSrs":false},{"_id":"82126","area":"IND008033","below":[],"indicator":88,"ius":"1st trimester registration to total ANC registrations:Percent:Total","rank":24,"src":6,"subgrp":1,"top":[],"tp":"2012-2013","trend":"dn","value":"42.3","slugiddata":82126,"dKPIRSrs":false,"dNITIRSrs":true,"tps":"","dTHEMATICRSrs":false},{"_id":"82829","area":"IND008033","below":[],"indicator":88,"ius":"1st trimester registration to total ANC registrations:Percent:Total","rank":29,"src":6,"subgrp":1,"top":[],"tp":"2013-2014","trend":"up","value":"42.4","slugiddata":82829,"dKPIRSrs":false,"dNITIRSrs":true,"tps":"","dTHEMATICRSrs":false},{"_id":"83529","area":"IND008033","below":[],"indicator":88,"ius":"1st trimester registration to total ANC registrations:Percent:Total","rank":32,"src":6,"subgrp":1,"top":[],"tp":"2014-2015","trend":"up","value":"45.3","slugiddata":83529,"dKPIRSrs":false,"dNITIRSrs":true,"tps":"","dTHEMATICRSrs":false},{"_id":"84240","area":"IND008033","below":[],"indicator":88,"ius":"1st trimester registration to total ANC registrations:Percent:Total","rank":30,"src":6,"subgrp":1,"top":[],"tp":"2015-2016","trend":"up","value":"48.2","slugiddata":84240,"dKPIRSrs":false,"dNITIRSrs":true,"tps":"","dTHEMATICRSrs":false},{"_id":"84953","area":"IND008033","below":[],"indicator":88,"ius":"1st trimester registration to total ANC registrations:Percent:Total","rank":31,"src":6,"subgrp":1,"top":[],"tp":"2016-2017","trend":"dn","value":"46.4","slugiddata":84953,"dKPIRSrs":false,"dNITIRSrs":true,"tps":"","dTHEMATICRSrs":false},{"_id":"85627","area":"IND008033","below":[],"indicator":46,"ius":"Mothers who received 3 or more antenatal care:Percent:Total","rank":22,"src":6,"subgrp":1,"top":[],"tp":"2008-2009","trend":"na","value":"67.9","slugiddata":85627,"dKPIRSrs":false,"dNITIRSrs":false,"tps":"","dTHEMATICRSrs":false},{"_id":"86296","area":"IND008033","below":[],"indicator":46,"ius":"Mothers who received 3 or more antenatal care:Percent:Total","rank":8,"src":6,"subgrp":1,"top":[],"tp":"2009-2010","trend":"up","value":"73.3","slugiddata":86296,"dKPIRSrs":false,"dNITIRSrs":false,"tps":"","dTHEMATICRSrs":false},{"_id":"86969","area":"IND008033","below":[],"indicator":46,"ius":"Mothers who received 3 or more antenatal care:Percent:Total","rank":12,"src":6,"subgrp":1,"top":[],"tp":"2010-2011","trend":"dn","value":"72.8","slugiddata":86969,"dKPIRSrs":false,"dNITIRSrs":false,"tps":"","dTHEMATICRSrs":false},{"_id":"87651","area":"IND008033","below":[],"indicator":46,"ius":"Mothers who received 3 or more antenatal care:Percent:Total","rank":16,"src":6,"subgrp":1,"top":[],"tp":"2011-2012","trend":"up","value":"74.4","slugiddata":87651,"dKPIRSrs":false,"dNITIRSrs":false,"tps":"","dTHEMATICRSrs":false},{"_id":"88351","area":"IND008033","below":[],"indicator":46,"ius":"Mothers who received 3 or more antenatal care:Percent:Total","rank":7,"src":6,"subgrp":1,"top":[],"tp":"2012-2013","trend":"up","value":"82.2","slugiddata":88351,"dKPIRSrs":false,"dNITIRSrs":false,"tps":"","dTHEMATICRSrs":false},{"_id":"89054","area":"IND008033","below":[],"indicator":46,"ius":"Mothers who received 3 or more antenatal care:Percent:Total","rank":10,"src":6,"subgrp":1,"top":[],"tp":"2013-2014","trend":"dn","value":"79.7","slugiddata":89054,"dKPIRSrs":false,"dNITIRSrs":false,"tps":"","dTHEMATICRSrs":false},{"_id":"89754","area":"IND008033","below":[],"indicator":46,"ius":"Mothers who received 3 or more antenatal care:Percent:Total","rank":14,"src":6,"subgrp":1,"top":[],"tp":"2014-2015","trend":"dn","value":"77.0","slugiddata":89754,"dKPIRSrs":false,"dNITIRSrs":false,"tps":"","dTHEMATICRSrs":false},{"_id":"90465","area":"IND008033","below":[],"indicator":46,"ius":"Mothers who received 3 or more antenatal care:Percent:Total","rank":21,"src":6,"subgrp":1,"top":[],"tp":"2015-2016","trend":"dn","value":"65.1","slugiddata":90465,"dKPIRSrs":false,"dNITIRSrs":false,"tps":"","dTHEMATICRSrs":false},{"_id":"91178","area":"IND008033","below":[],"indicator":46,"ius":"Mothers who received 3 or more antenatal care:Percent:Total","rank":20,"src":6,"subgrp":1,"top":[],"tp":"2016-2017","trend":"up","value":"67.4","slugiddata":91178,"dKPIRSrs":false,"dNITIRSrs":false,"tps":"","dTHEMATICRSrs":false},{"_id":"91852","area":"IND008033","below":[],"indicator":89,"ius":"Pregnant women received TT2 or Booster to total ANC registration:Percent:Total","rank":20,"src":6,"subgrp":1,"top":[],"tp":"2008-2009","trend":"na","value":"95.2","slugiddata":91852,"dKPIRSrs":false,"dNITIRSrs":false,"tps":"","dTHEMATICRSrs":true},{"_id":"92521","area":"IND008033","below":[],"indicator":89,"ius":"Pregnant women received TT2 or Booster to total ANC registration:Percent:Total","rank":14,"src":6,"subgrp":1,"top":[],"tp":"2009-2010","trend":"up","value":"95.9","slugiddata":92521,"dKPIRSrs":false,"dNITIRSrs":false,"tps":"","dTHEMATICRSrs":true},{"_id":"93194","area":"IND008033","below":[],"indicator":89,"ius":"Pregnant women received TT2 or Booster to total ANC registration:Percent:Total","rank":11,"src":6,"subgrp":1,"top":[],"tp":"2010-2011","trend":"dn","value":"94.1","slugiddata":93194,"dKPIRSrs":false,"dNITIRSrs":false,"tps":"","dTHEMATICRSrs":true},{"_id":"93876","area":"IND008033","below":[],"indicator":89,"ius":"Pregnant women received TT2 or Booster to total ANC registration:Percent:Total","rank":12,"src":6,"subgrp":1,"top":[],"tp":"2011-2012","trend":"dn","value":"93.9","slugiddata":93876,"dKPIRSrs":false,"dNITIRSrs":false,"tps":"","dTHEMATICRSrs":true},{"_id":"94576","area":"IND008033","below":[],"indicator":89,"ius":"Pregnant women received TT2 or Booster to total ANC registration:Percent:Total","rank":15,"src":6,"subgrp":1,"top":[],"tp":"2012-2013","trend":"dn","value":"92.3","slugiddata":94576,"dKPIRSrs":false,"dNITIRSrs":false,"tps":"","dTHEMATICRSrs":true},{"_id":"95279","area":"IND008033","below":[],"indicator":89,"ius":"Pregnant women received TT2 or Booster to total ANC registration:Percent:Total","rank":16,"src":6,"subgrp":1,"top":[],"tp":"2013-2014","trend":"dn","value":"92.0","slugiddata":95279,"dKPIRSrs":false,"dNITIRSrs":false,"tps":"","dTHEMATICRSrs":true},{"_id":"95979","area":"IND008033","below":[],"indicator":89,"ius":"Pregnant women received TT2 or Booster to total ANC registration:Percent:Total","rank":12,"src":6,"subgrp":1,"top":[],"tp":"2014-2015","trend":"up","value":"94.6","slugiddata":95979,"dKPIRSrs":false,"dNITIRSrs":false,"tps":"","dTHEMATICRSrs":true},{"_id":"96690","area":"IND008033","below":[],"indicator":89,"ius":"Pregnant women received TT2 or Booster to total ANC registration:Percent:Total","rank":11,"src":6,"subgrp":1,"top":[],"tp":"2015-2016","trend":"dn","value":"92.2","slugiddata":96690,"dKPIRSrs":false,"dNITIRSrs":false,"tps":"","dTHEMATICRSrs":true},{"_id":"97403","area":"IND008033","below":[],"indicator":89,"ius":"Pregnant women received TT2 or Booster to total ANC registration:Percent:Total","rank":14,"src":6,"subgrp":1,"top":[],"tp":"2016-2017","trend":"dn","value":"91.8","slugiddata":97403,"dKPIRSrs":false,"dNITIRSrs":false,"tps":"","dTHEMATICRSrs":true}]