[{"_id":"263205","area":"IND036022","below":[],"indicator":88,"ius":"1st trimester registration to total ANC registrations:Percent:Total","rank":11,"src":6,"subgrp":1,"top":[],"tp":"2017-2018","trend":"na","value":"59.4","slugiddata":263205,"dKPIRSrs":false,"dNITIRSrs":true,"tps":"","dTHEMATICRSrs":false},{"_id":"263941","area":"IND036022","below":[],"indicator":48,"ius":"Mothers who had at least 4 antenatal care visits:Percent:Total","rank":13,"src":6,"subgrp":1,"top":[],"tp":"2017-2018","trend":"na","value":"65.1","slugiddata":263941,"dKPIRSrs":false,"dNITIRSrs":true,"tps":"","dTHEMATICRSrs":false},{"_id":"265404","area":"IND036022","below":[],"indicator":112,"ius":"Newborns having weight less than 2.5 kg to newborns weighed at birth:Percent:Total","rank":6,"src":6,"subgrp":1,"top":[],"tp":"2017-2018","trend":"na","value":"7.3","slugiddata":265404,"dKPIRSrs":true,"dNITIRSrs":true,"tps":"","dTHEMATICRSrs":false},{"_id":"266140","area":"IND036022","below":[],"indicator":111,"ius":"Newborns breastfed within 1 hour of birth to total live birth:Percent:Total","rank":30,"src":6,"subgrp":1,"top":[],"tp":"2017-2018","trend":"na","value":"42.8","slugiddata":266140,"dKPIRSrs":false,"dNITIRSrs":true,"tps":"","dTHEMATICRSrs":false},{"_id":"266876","area":"IND036022","below":[],"indicator":109,"ius":"Percentage of institutional deliveries out of total ANC registration:Percent:Total","rank":21,"src":6,"subgrp":1,"top":[],"tp":"2017-2018","trend":"na","value":"20.7","slugiddata":266876,"dKPIRSrs":false,"dNITIRSrs":true,"tps":"","dTHEMATICRSrs":false},{"_id":"267612","area":"IND036022","below":[],"indicator":108,"ius":"Percentage of PW having Hb level<11 (tested cases) (7.1 to 10.9) against total ANC registration:Percent:Total","rank":18,"src":6,"subgrp":1,"top":[],"tp":"2017-2018","trend":"na","value":"50.7","slugiddata":267612,"dKPIRSrs":false,"dNITIRSrs":true,"tps":"","dTHEMATICRSrs":false},{"_id":"268348","area":"IND036022","below":[],"indicator":113,"ius":"Percentage of PW having Hb level<7 (tested cases) against total ANC registration:Percent:Total","rank":5,"src":6,"subgrp":1,"top":[],"tp":"2017-2018","trend":"na","value":"0.6","slugiddata":268348,"dKPIRSrs":false,"dNITIRSrs":true,"tps":"","dTHEMATICRSrs":false},{"_id":"269084","area":"IND036022","below":[],"indicator":110,"ius":"Proportion of live babies weighed at birth:Percent:Total","rank":14,"src":6,"subgrp":1,"top":[],"tp":"2017-2018","trend":"na","value":"92.5","slugiddata":269084,"dKPIRSrs":false,"dNITIRSrs":true,"tps":"","dTHEMATICRSrs":false},{"_id":"294758","area":"IND036022","below":[],"indicator":89,"ius":"Pregnant women received TT2 or Booster to total ANC registration:Percent:Total","rank":19,"src":6,"subgrp":1,"top":[],"tp":"2017-2018","trend":"na","value":"68.8","slugiddata":294758,"dKPIRSrs":false,"dNITIRSrs":false,"tps":"","dTHEMATICRSrs":true},{"_id":"295494","area":"IND036022","below":[],"indicator":92,"ius":"Women discharged in less than 48 hours of delivery to total reported deliveries at public institutions:Percent:Total","rank":4,"src":6,"subgrp":1,"top":[],"tp":"2017-2018","trend":"na","value":"28.9","slugiddata":295494,"dKPIRSrs":false,"dNITIRSrs":false,"tps":"","dTHEMATICRSrs":true},{"_id":"296230","area":"IND036022","below":[],"indicator":14,"ius":"Institutional delivery:Percent:Total","rank":1,"src":6,"subgrp":1,"top":[],"tp":"2017-2018","trend":"na","value":"100.0","slugiddata":296230,"dKPIRSrs":false,"dNITIRSrs":false,"tps":"","dTHEMATICRSrs":false},{"_id":"297702","area":"IND036022","below":[],"indicator":93,"ius":"Home deliveries to total reported deliveries:Percent:Total","rank":1,"src":6,"subgrp":1,"top":[],"tp":"2017-2018","trend":"na","value":"0.0","slugiddata":297702,"dKPIRSrs":true,"dNITIRSrs":false,"tps":"","dTHEMATICRSrs":true},{"_id":"298438","area":"IND036022","below":[],"indicator":2,"ius":"Births delivered by caesarean section:Percent:Total","rank":7,"src":6,"subgrp":1,"top":[],"tp":"2017-2018","trend":"na","value":"58.6","slugiddata":298438,"dKPIRSrs":false,"dNITIRSrs":false,"tps":"","dTHEMATICRSrs":false},{"_id":"299174","area":"IND036022","below":[],"indicator":11,"ius":"Institutional delivery in public/government health facility:Percent:Total","rank":1,"src":6,"subgrp":1,"top":[],"tp":"2017-2018","trend":"na","value":"100.0","slugiddata":299174,"dKPIRSrs":false,"dNITIRSrs":false,"tps":"","dTHEMATICRSrs":false},{"_id":"302040","area":"IND036022","below":[],"indicator":98,"ius":"Male sterilization (vasectomies) to total sterilization:Percent:Total","rank":9,"src":6,"subgrp":1,"top":[],"tp":"2017-2018","trend":"na","value":"8.2","slugiddata":302040,"dKPIRSrs":false,"dNITIRSrs":false,"tps":"","dTHEMATICRSrs":true},{"_id":"302760","area":"IND036022","below":[],"indicator":99,"ius":"Post partum sterilizations to total female sterilizations:Percent:Total","rank":28,"src":6,"subgrp":1,"top":[],"tp":"2017-2018","trend":"na","value":"85.9","slugiddata":302760,"dKPIRSrs":false,"dNITIRSrs":false,"tps":"","dTHEMATICRSrs":false},{"_id":"304231","area":"IND036022","below":[],"indicator":101,"ius":"IUCD insertions in public plus private institutions to all family planning methods ( IUCD plus permanent):Percent:Total","rank":13,"src":6,"subgrp":1,"top":[],"tp":"2017-2018","trend":"na","value":"24.5","slugiddata":304231,"dKPIRSrs":false,"dNITIRSrs":false,"tps":"","dTHEMATICRSrs":true},{"_id":"304967","area":"IND036022","below":[],"indicator":102,"ius":"Newborns given BCG to reported live birth:Percent:Total","rank":14,"src":6,"subgrp":1,"top":[],"tp":"2017-2018","trend":"na","value":"162.6","slugiddata":304967,"dKPIRSrs":false,"dNITIRSrs":false,"tps":"","dTHEMATICRSrs":true},{"_id":"305703","area":"IND036022","below":[],"indicator":103,"ius":"Infants 0 to 11 months old who received measles vaccine to reported live births:Percent:Total","rank":5,"src":6,"subgrp":1,"top":[],"tp":"2017-2018","trend":"na","value":"328.7","slugiddata":305703,"dKPIRSrs":false,"dNITIRSrs":false,"tps":"","dTHEMATICRSrs":true},{"_id":"314169","area":"IND036022","below":[],"indicator":119,"ius":"Cases of Pregnant women with obstetric complications and attended to reported deliveries:Percent:Total","rank":22,"src":6,"subgrp":1,"top":[],"tp":"2017-2018","trend":"na","value":"0.3","slugiddata":314169,"dKPIRSrs":false,"dNITIRSrs":false,"tps":"","dTHEMATICRSrs":false},{"_id":"314905","area":"IND036022","below":[],"indicator":118,"ius":"Pregnant women given 180 IFA to total ANC registration:Percent:Total","rank":28,"src":6,"subgrp":1,"top":[],"tp":"2017-2018","trend":"na","value":"54.1","slugiddata":314905,"dKPIRSrs":false,"dNITIRSrs":false,"tps":"","dTHEMATICRSrs":false},{"_id":"315641","area":"IND036022","below":[],"indicator":88,"ius":"1st trimester registration to total ANC registrations:Percent:Total","rank":5,"src":6,"subgrp":1,"top":[],"tp":"Apr-Sep_2018","trend":"up","value":"83.7","slugiddata":315641,"dKPIRSrs":false,"dNITIRSrs":true,"tps":"","dTHEMATICRSrs":false},{"_id":"316380","area":"IND036022","below":[],"indicator":48,"ius":"Mothers who had at least 4 antenatal care visits:Percent:Total","rank":12,"src":6,"subgrp":1,"top":[],"tp":"Apr-Sep_2018","trend":"up","value":"80.0","slugiddata":316380,"dKPIRSrs":false,"dNITIRSrs":true,"tps":"","dTHEMATICRSrs":false},{"_id":"317119","area":"IND036022","below":[],"indicator":89,"ius":"Pregnant women received TT2 or Booster to total ANC registration:Percent:Total","rank":8,"src":6,"subgrp":1,"top":[],"tp":"Apr-Sep_2018","trend":"up","value":"104.5","slugiddata":317119,"dKPIRSrs":false,"dNITIRSrs":false,"tps":"","dTHEMATICRSrs":true},{"_id":"317858","area":"IND036022","below":[],"indicator":118,"ius":"Pregnant women given 180 IFA to total ANC registration:Percent:Total","rank":14,"src":6,"subgrp":1,"top":[],"tp":"Apr-Sep_2018","trend":"up","value":"101.1","slugiddata":317858,"dKPIRSrs":false,"dNITIRSrs":false,"tps":"","dTHEMATICRSrs":false},{"_id":"318597","area":"IND036022","below":[],"indicator":108,"ius":"Percentage of PW having Hb level<11 (tested cases) (7.1 to 10.9) against total ANC registration:Percent:Total","rank":24,"src":6,"subgrp":1,"top":[],"tp":"Apr-Sep_2018","trend":"dn","value":"80.7","slugiddata":318597,"dKPIRSrs":false,"dNITIRSrs":true,"tps":"","dTHEMATICRSrs":false},{"_id":"320074","area":"IND036022","below":[],"indicator":113,"ius":"Percentage of PW having Hb level<7 (tested cases) against total ANC registration:Percent:Total","rank":2,"src":6,"subgrp":1,"top":[],"tp":"Apr-Sep_2018","trend":"up","value":"0.3","slugiddata":320074,"dKPIRSrs":false,"dNITIRSrs":true,"tps":"","dTHEMATICRSrs":false},{"_id":"320813","area":"IND036022","below":[],"indicator":91,"ius":"New cases detected at institution for hypertension to total ANC registrations:Percent:Total","rank":8,"src":6,"subgrp":1,"top":[],"tp":"Apr-Sep_2018","trend":"na","value":"1.1","slugiddata":320813,"dKPIRSrs":false,"dNITIRSrs":false,"tps":"","dTHEMATICRSrs":true},{"_id":"321535","area":"IND036022","below":[],"indicator":12,"ius":"Home delivery conducted by skilled health personnel:Percent:Total","rank":1,"src":6,"subgrp":1,"top":[],"tp":"Apr-Sep_2018","trend":"na","value":"100.0","slugiddata":321535,"dKPIRSrs":false,"dNITIRSrs":true,"tps":"","dTHEMATICRSrs":false},{"_id":"322272","area":"IND036022","below":[],"indicator":92,"ius":"Women discharged in less than 48 hours of delivery to total reported deliveries at public institutions:Percent:Total","rank":4,"src":6,"subgrp":1,"top":[],"tp":"Apr-Sep_2018","trend":"up","value":"28.3","slugiddata":322272,"dKPIRSrs":false,"dNITIRSrs":false,"tps":"","dTHEMATICRSrs":true},{"_id":"323011","area":"IND036022","below":[],"indicator":109,"ius":"Percentage of institutional deliveries out of total ANC registration:Percent:Total","rank":29,"src":6,"subgrp":1,"top":[],"tp":"Apr-Sep_2018","trend":"dn","value":"9.9","slugiddata":323011,"dKPIRSrs":false,"dNITIRSrs":true,"tps":"","dTHEMATICRSrs":false},{"_id":"323750","area":"IND036022","below":[],"indicator":14,"ius":"Institutional delivery:Percent:Total","rank":12,"src":6,"subgrp":1,"top":[],"tp":"Apr-Sep_2018","trend":"dn","value":"98.6","slugiddata":323750,"dKPIRSrs":false,"dNITIRSrs":false,"tps":"","dTHEMATICRSrs":false},{"_id":"325228","area":"IND036022","below":[],"indicator":93,"ius":"Home deliveries to total reported deliveries:Percent:Total","rank":12,"src":6,"subgrp":1,"top":[],"tp":"Apr-Sep_2018","trend":"dn","value":"1.4","slugiddata":325228,"dKPIRSrs":true,"dNITIRSrs":false,"tps":"","dTHEMATICRSrs":true},{"_id":"325967","area":"IND036022","below":[],"indicator":2,"ius":"Births delivered by caesarean section:Percent:Total","rank":15,"src":6,"subgrp":1,"top":[],"tp":"Apr-Sep_2018","trend":"dn","value":"44.3","slugiddata":325967,"dKPIRSrs":false,"dNITIRSrs":false,"tps":"","dTHEMATICRSrs":false},{"_id":"326706","area":"IND036022","below":[],"indicator":11,"ius":"Institutional delivery in public/government health facility:Percent:Total","rank":1,"src":6,"subgrp":1,"top":[],"tp":"Apr-Sep_2018","trend":"eq","value":"100.0","slugiddata":326706,"dKPIRSrs":false,"dNITIRSrs":false,"tps":"","dTHEMATICRSrs":false},{"_id":"328184","area":"IND036022","below":[],"indicator":110,"ius":"Proportion of live babies weighed at birth:Percent:Total","rank":3,"src":6,"subgrp":1,"top":[],"tp":"Apr-Sep_2018","trend":"up","value":"102.1","slugiddata":328184,"dKPIRSrs":false,"dNITIRSrs":true,"tps":"","dTHEMATICRSrs":false},{"_id":"328923","area":"IND036022","below":[],"indicator":112,"ius":"Newborns having weight less than 2.5 kg to newborns weighed at birth:Percent:Total","rank":3,"src":6,"subgrp":1,"top":[],"tp":"Apr-Sep_2018","trend":"up","value":"4.1","slugiddata":328923,"dKPIRSrs":true,"dNITIRSrs":true,"tps":"","dTHEMATICRSrs":false},{"_id":"329662","area":"IND036022","below":[],"indicator":111,"ius":"Newborns breastfed within 1 hour of birth to total live birth:Percent:Total","rank":1,"src":6,"subgrp":1,"top":[],"tp":"Apr-Sep_2018","trend":"up","value":"119.5","slugiddata":329662,"dKPIRSrs":false,"dNITIRSrs":true,"tps":"","dTHEMATICRSrs":false},{"_id":"331140","area":"IND036022","below":[],"indicator":119,"ius":"Cases of Pregnant women with obstetric complications and attended to reported deliveries:Percent:Total","rank":9,"src":6,"subgrp":1,"top":[],"tp":"Apr-Sep_2018","trend":"up","value":"2.8","slugiddata":331140,"dKPIRSrs":false,"dNITIRSrs":false,"tps":"","dTHEMATICRSrs":false},{"_id":"333236","area":"IND036022","below":[],"indicator":98,"ius":"Male sterilization (vasectomies) to total sterilization:Percent:Total","rank":1,"src":6,"subgrp":1,"top":[],"tp":"Apr-Sep_2018","trend":"up","value":"54.6","slugiddata":333236,"dKPIRSrs":false,"dNITIRSrs":false,"tps":"","dTHEMATICRSrs":true},{"_id":"333947","area":"IND036022","below":[],"indicator":99,"ius":"Post partum sterilizations to total female sterilizations:Percent:Total","rank":25,"src":6,"subgrp":1,"top":[],"tp":"Apr-Sep_2018","trend":"dn","value":"100.0","slugiddata":333947,"dKPIRSrs":false,"dNITIRSrs":false,"tps":"","dTHEMATICRSrs":false},{"_id":"335421","area":"IND036022","below":[],"indicator":101,"ius":"IUCD insertions in public plus private institutions to all family planning methods ( IUCD plus permanent):Percent:Total","rank":10,"src":6,"subgrp":1,"top":[],"tp":"Apr-Sep_2018","trend":"up","value":"42.4","slugiddata":335421,"dKPIRSrs":false,"dNITIRSrs":false,"tps":"","dTHEMATICRSrs":true},{"_id":"336160","area":"IND036022","below":[],"indicator":102,"ius":"Newborns given BCG to reported live birth:Percent:Total","rank":2,"src":6,"subgrp":1,"top":[],"tp":"Apr-Sep_2018","trend":"up","value":"351.7","slugiddata":336160,"dKPIRSrs":false,"dNITIRSrs":false,"tps":"","dTHEMATICRSrs":true},{"_id":"336899","area":"IND036022","below":[],"indicator":103,"ius":"Infants 0 to 11 months old who received measles vaccine to reported live births:Percent:Total","rank":1,"src":6,"subgrp":1,"top":[],"tp":"Apr-Sep_2018","trend":"up","value":"1411.1","slugiddata":336899,"dKPIRSrs":false,"dNITIRSrs":false,"tps":"","dTHEMATICRSrs":true}]