[{"_id":"104191","area":"IND007004","below":[],"indicator":91,"ius":"New cases detected at institution for hypertension to total ANC registrations:Percent:Total","rank":6,"src":6,"subgrp":1,"top":[],"tp":"2009-2010","trend":"na","value":"2.5","slugiddata":104191,"dKPIRSrs":false,"dNITIRSrs":false,"tps":"","dTHEMATICRSrs":true},{"_id":"104863","area":"IND007004","below":[],"indicator":91,"ius":"New cases detected at institution for hypertension to total ANC registrations:Percent:Total","rank":3,"src":6,"subgrp":1,"top":[],"tp":"2010-2011","trend":"up","value":"2.3","slugiddata":104863,"dKPIRSrs":false,"dNITIRSrs":false,"tps":"","dTHEMATICRSrs":true},{"_id":"105541","area":"IND007004","below":[],"indicator":91,"ius":"New cases detected at institution for hypertension to total ANC registrations:Percent:Total","rank":6,"src":6,"subgrp":1,"top":[],"tp":"2011-2012","trend":"dn","value":"2.4","slugiddata":105541,"dKPIRSrs":false,"dNITIRSrs":false,"tps":"","dTHEMATICRSrs":true},{"_id":"106233","area":"IND007004","below":[],"indicator":91,"ius":"New cases detected at institution for hypertension to total ANC registrations:Percent:Total","rank":5,"src":6,"subgrp":1,"top":[],"tp":"2012-2013","trend":"up","value":"1.9","slugiddata":106233,"dKPIRSrs":false,"dNITIRSrs":false,"tps":"","dTHEMATICRSrs":true},{"_id":"106933","area":"IND007004","below":[],"indicator":91,"ius":"New cases detected at institution for hypertension to total ANC registrations:Percent:Total","rank":5,"src":6,"subgrp":1,"top":[],"tp":"2013-2014","trend":"up","value":"1.7","slugiddata":106933,"dKPIRSrs":false,"dNITIRSrs":false,"tps":"","dTHEMATICRSrs":true},{"_id":"107630","area":"IND007004","below":[],"indicator":91,"ius":"New cases detected at institution for hypertension to total ANC registrations:Percent:Total","rank":4,"src":6,"subgrp":1,"top":[],"tp":"2014-2015","trend":"dn","value":"1.8","slugiddata":107630,"dKPIRSrs":false,"dNITIRSrs":false,"tps":"","dTHEMATICRSrs":true},{"_id":"108341","area":"IND007004","below":[],"indicator":91,"ius":"New cases detected at institution for hypertension to total ANC registrations:Percent:Total","rank":4,"src":6,"subgrp":1,"top":[],"tp":"2015-2016","trend":"up","value":"1.3","slugiddata":108341,"dKPIRSrs":false,"dNITIRSrs":false,"tps":"","dTHEMATICRSrs":true},{"_id":"109054","area":"IND007004","below":[],"indicator":91,"ius":"New cases detected at institution for hypertension to total ANC registrations:Percent:Total","rank":5,"src":6,"subgrp":1,"top":[],"tp":"2016-2017","trend":"dn","value":"2.7","slugiddata":109054,"dKPIRSrs":false,"dNITIRSrs":false,"tps":"","dTHEMATICRSrs":true},{"_id":"110398","area":"IND007004","below":[],"indicator":12,"ius":"Home delivery conducted by skilled health personnel:Percent:Total","rank":3,"src":6,"subgrp":1,"top":[],"tp":"2009-2010","trend":"na","value":"52.2","slugiddata":110398,"dKPIRSrs":false,"dNITIRSrs":true,"tps":"","dTHEMATICRSrs":false},{"_id":"111062","area":"IND007004","below":[],"indicator":12,"ius":"Home delivery conducted by skilled health personnel:Percent:Total","rank":4,"src":6,"subgrp":1,"top":[],"tp":"2010-2011","trend":"dn","value":"15.6","slugiddata":111062,"dKPIRSrs":false,"dNITIRSrs":true,"tps":"","dTHEMATICRSrs":false},{"_id":"111733","area":"IND007004","below":[],"indicator":12,"ius":"Home delivery conducted by skilled health personnel:Percent:Total","rank":7,"src":6,"subgrp":1,"top":[],"tp":"2011-2012","trend":"dn","value":"8.7","slugiddata":111733,"dKPIRSrs":false,"dNITIRSrs":true,"tps":"","dTHEMATICRSrs":false},{"_id":"112423","area":"IND007004","below":[],"indicator":12,"ius":"Home delivery conducted by skilled health personnel:Percent:Total","rank":6,"src":6,"subgrp":1,"top":[],"tp":"2012-2013","trend":"dn","value":"4.8","slugiddata":112423,"dKPIRSrs":false,"dNITIRSrs":true,"tps":"","dTHEMATICRSrs":false},{"_id":"113119","area":"IND007004","below":[],"indicator":12,"ius":"Home delivery conducted by skilled health personnel:Percent:Total","rank":4,"src":6,"subgrp":1,"top":[],"tp":"2013-2014","trend":"up","value":"19.2","slugiddata":113119,"dKPIRSrs":false,"dNITIRSrs":true,"tps":"","dTHEMATICRSrs":false},{"_id":"113810","area":"IND007004","below":[],"indicator":12,"ius":"Home delivery conducted by skilled health personnel:Percent:Total","rank":1,"src":6,"subgrp":1,"top":[],"tp":"2014-2015","trend":"up","value":"41.3","slugiddata":113810,"dKPIRSrs":false,"dNITIRSrs":true,"tps":"","dTHEMATICRSrs":false},{"_id":"114510","area":"IND007004","below":[],"indicator":12,"ius":"Home delivery conducted by skilled health personnel:Percent:Total","rank":3,"src":6,"subgrp":1,"top":[],"tp":"2015-2016","trend":"dn","value":"17.0","slugiddata":114510,"dKPIRSrs":false,"dNITIRSrs":true,"tps":"","dTHEMATICRSrs":false},{"_id":"115200","area":"IND007004","below":[],"indicator":12,"ius":"Home delivery conducted by skilled health personnel:Percent:Total","rank":3,"src":6,"subgrp":1,"top":[],"tp":"2016-2017","trend":"up","value":"20.3","slugiddata":115200,"dKPIRSrs":false,"dNITIRSrs":true,"tps":"","dTHEMATICRSrs":false},{"_id":"122659","area":"IND007004","below":[],"indicator":92,"ius":"Women discharged in less than 48 hours of delivery to total reported deliveries at public institutions:Percent:Total","rank":9,"src":6,"subgrp":1,"top":[],"tp":"2009-2010","trend":"na","value":"81.3","slugiddata":122659,"dKPIRSrs":false,"dNITIRSrs":false,"tps":"","dTHEMATICRSrs":true},{"_id":"123331","area":"IND007004","below":[],"indicator":92,"ius":"Women discharged in less than 48 hours of delivery to total reported deliveries at public institutions:Percent:Total","rank":7,"src":6,"subgrp":1,"top":[],"tp":"2010-2011","trend":"up","value":"67.6","slugiddata":123331,"dKPIRSrs":false,"dNITIRSrs":false,"tps":"","dTHEMATICRSrs":true},{"_id":"124010","area":"IND007004","below":[],"indicator":92,"ius":"Women discharged in less than 48 hours of delivery to total reported deliveries at public institutions:Percent:Total","rank":8,"src":6,"subgrp":1,"top":[],"tp":"2011-2012","trend":"up","value":"62.7","slugiddata":124010,"dKPIRSrs":false,"dNITIRSrs":false,"tps":"","dTHEMATICRSrs":true},{"_id":"124702","area":"IND007004","below":[],"indicator":92,"ius":"Women discharged in less than 48 hours of delivery to total reported deliveries at public institutions:Percent:Total","rank":7,"src":6,"subgrp":1,"top":[],"tp":"2012-2013","trend":"dn","value":"64.0","slugiddata":124702,"dKPIRSrs":false,"dNITIRSrs":false,"tps":"","dTHEMATICRSrs":true},{"_id":"125402","area":"IND007004","below":[],"indicator":92,"ius":"Women discharged in less than 48 hours of delivery to total reported deliveries at public institutions:Percent:Total","rank":3,"src":6,"subgrp":1,"top":[],"tp":"2013-2014","trend":"up","value":"44.0","slugiddata":125402,"dKPIRSrs":false,"dNITIRSrs":false,"tps":"","dTHEMATICRSrs":true},{"_id":"126099","area":"IND007004","below":[],"indicator":92,"ius":"Women discharged in less than 48 hours of delivery to total reported deliveries at public institutions:Percent:Total","rank":5,"src":6,"subgrp":1,"top":[],"tp":"2014-2015","trend":"dn","value":"62.2","slugiddata":126099,"dKPIRSrs":false,"dNITIRSrs":false,"tps":"","dTHEMATICRSrs":true},{"_id":"126810","area":"IND007004","below":[],"indicator":92,"ius":"Women discharged in less than 48 hours of delivery to total reported deliveries at public institutions:Percent:Total","rank":7,"src":6,"subgrp":1,"top":[],"tp":"2015-2016","trend":"up","value":"59.1","slugiddata":126810,"dKPIRSrs":false,"dNITIRSrs":false,"tps":"","dTHEMATICRSrs":true},{"_id":"127523","area":"IND007004","below":[],"indicator":92,"ius":"Women discharged in less than 48 hours of delivery to total reported deliveries at public institutions:Percent:Total","rank":4,"src":6,"subgrp":1,"top":[],"tp":"2016-2017","trend":"up","value":"54.0","slugiddata":127523,"dKPIRSrs":false,"dNITIRSrs":false,"tps":"","dTHEMATICRSrs":true},{"_id":"135113","area":"IND007004","below":[],"indicator":93,"ius":"Home deliveries to total reported deliveries:Percent:Total","rank":2,"src":6,"subgrp":1,"top":[],"tp":"2009-2010","trend":"na","value":"2.4","slugiddata":135113,"dKPIRSrs":true,"dNITIRSrs":false,"tps":"","dTHEMATICRSrs":true},{"_id":"135785","area":"IND007004","below":[],"indicator":93,"ius":"Home deliveries to total reported deliveries:Percent:Total","rank":4,"src":6,"subgrp":1,"top":[],"tp":"2010-2011","trend":"dn","value":"3.3","slugiddata":135785,"dKPIRSrs":true,"dNITIRSrs":false,"tps":"","dTHEMATICRSrs":true},{"_id":"136464","area":"IND007004","below":[],"indicator":93,"ius":"Home deliveries to total reported deliveries:Percent:Total","rank":6,"src":6,"subgrp":1,"top":[],"tp":"2011-2012","trend":"dn","value":"6.4","slugiddata":136464,"dKPIRSrs":true,"dNITIRSrs":false,"tps":"","dTHEMATICRSrs":true},{"_id":"137156","area":"IND007004","below":[],"indicator":93,"ius":"Home deliveries to total reported deliveries:Percent:Total","rank":4,"src":6,"subgrp":1,"top":[],"tp":"2012-2013","trend":"dn","value":"7.8","slugiddata":137156,"dKPIRSrs":true,"dNITIRSrs":false,"tps":"","dTHEMATICRSrs":true},{"_id":"137856","area":"IND007004","below":[],"indicator":93,"ius":"Home deliveries to total reported deliveries:Percent:Total","rank":4,"src":6,"subgrp":1,"top":[],"tp":"2013-2014","trend":"up","value":"6.6","slugiddata":137856,"dKPIRSrs":true,"dNITIRSrs":false,"tps":"","dTHEMATICRSrs":true},{"_id":"138553","area":"IND007004","below":[],"indicator":93,"ius":"Home deliveries to total reported deliveries:Percent:Total","rank":6,"src":6,"subgrp":1,"top":[],"tp":"2014-2015","trend":"dn","value":"8.3","slugiddata":138553,"dKPIRSrs":true,"dNITIRSrs":false,"tps":"","dTHEMATICRSrs":true},{"_id":"139264","area":"IND007004","below":[],"indicator":93,"ius":"Home deliveries to total reported deliveries:Percent:Total","rank":5,"src":6,"subgrp":1,"top":[],"tp":"2015-2016","trend":"up","value":"8.1","slugiddata":139264,"dKPIRSrs":true,"dNITIRSrs":false,"tps":"","dTHEMATICRSrs":true},{"_id":"139977","area":"IND007004","below":[],"indicator":93,"ius":"Home deliveries to total reported deliveries:Percent:Total","rank":6,"src":6,"subgrp":1,"top":[],"tp":"2016-2017","trend":"up","value":"6.3","slugiddata":139977,"dKPIRSrs":true,"dNITIRSrs":false,"tps":"","dTHEMATICRSrs":true},{"_id":"141339","area":"IND007004","below":[],"indicator":2,"ius":"Births delivered by caesarean section:Percent:Total","rank":2,"src":6,"subgrp":1,"top":[],"tp":"2009-2010","trend":"na","value":"46.7","slugiddata":141339,"dKPIRSrs":false,"dNITIRSrs":false,"tps":"","dTHEMATICRSrs":false},{"_id":"142011","area":"IND007004","below":[],"indicator":2,"ius":"Births delivered by caesarean section:Percent:Total","rank":1,"src":6,"subgrp":1,"top":[],"tp":"2010-2011","trend":"dn","value":"34.6","slugiddata":142011,"dKPIRSrs":false,"dNITIRSrs":false,"tps":"","dTHEMATICRSrs":false},{"_id":"142690","area":"IND007004","below":[],"indicator":2,"ius":"Births delivered by caesarean section:Percent:Total","rank":2,"src":6,"subgrp":1,"top":[],"tp":"2011-2012","trend":"dn","value":"32.5","slugiddata":142690,"dKPIRSrs":false,"dNITIRSrs":false,"tps":"","dTHEMATICRSrs":false},{"_id":"143382","area":"IND007004","below":[],"indicator":2,"ius":"Births delivered by caesarean section:Percent:Total","rank":1,"src":6,"subgrp":1,"top":[],"tp":"2012-2013","trend":"up","value":"33.4","slugiddata":143382,"dKPIRSrs":false,"dNITIRSrs":false,"tps":"","dTHEMATICRSrs":false},{"_id":"144082","area":"IND007004","below":[],"indicator":2,"ius":"Births delivered by caesarean section:Percent:Total","rank":1,"src":6,"subgrp":1,"top":[],"tp":"2013-2014","trend":"up","value":"36.7","slugiddata":144082,"dKPIRSrs":false,"dNITIRSrs":false,"tps":"","dTHEMATICRSrs":false},{"_id":"144779","area":"IND007004","below":[],"indicator":2,"ius":"Births delivered by caesarean section:Percent:Total","rank":2,"src":6,"subgrp":1,"top":[],"tp":"2014-2015","trend":"dn","value":"35.1","slugiddata":144779,"dKPIRSrs":false,"dNITIRSrs":false,"tps":"","dTHEMATICRSrs":false},{"_id":"145490","area":"IND007004","below":[],"indicator":2,"ius":"Births delivered by caesarean section:Percent:Total","rank":4,"src":6,"subgrp":1,"top":[],"tp":"2015-2016","trend":"dn","value":"32.9","slugiddata":145490,"dKPIRSrs":false,"dNITIRSrs":false,"tps":"","dTHEMATICRSrs":false},{"_id":"146203","area":"IND007004","below":[],"indicator":2,"ius":"Births delivered by caesarean section:Percent:Total","rank":4,"src":6,"subgrp":1,"top":[],"tp":"2016-2017","trend":"dn","value":"32.5","slugiddata":146203,"dKPIRSrs":false,"dNITIRSrs":false,"tps":"","dTHEMATICRSrs":false},{"_id":"147566","area":"IND007004","below":[],"indicator":33,"ius":"Mothers who received post-natal check-up within 48 hrs. of delivery:Percent:Total","rank":2,"src":6,"subgrp":1,"top":[],"tp":"2009-2010","trend":"na","value":"103.7","slugiddata":147566,"dKPIRSrs":false,"dNITIRSrs":false,"tps":"","dTHEMATICRSrs":true},{"_id":"148238","area":"IND007004","below":[],"indicator":33,"ius":"Mothers who received post-natal check-up within 48 hrs. of delivery:Percent:Total","rank":6,"src":6,"subgrp":1,"top":[],"tp":"2010-2011","trend":"dn","value":"79.3","slugiddata":148238,"dKPIRSrs":false,"dNITIRSrs":false,"tps":"","dTHEMATICRSrs":true},{"_id":"148917","area":"IND007004","below":[],"indicator":33,"ius":"Mothers who received post-natal check-up within 48 hrs. of delivery:Percent:Total","rank":8,"src":6,"subgrp":1,"top":[],"tp":"2011-2012","trend":"dn","value":"71.0","slugiddata":148917,"dKPIRSrs":false,"dNITIRSrs":false,"tps":"","dTHEMATICRSrs":true},{"_id":"149609","area":"IND007004","below":[],"indicator":33,"ius":"Mothers who received post-natal check-up within 48 hrs. of delivery:Percent:Total","rank":11,"src":6,"subgrp":1,"top":[],"tp":"2012-2013","trend":"dn","value":"66.3","slugiddata":149609,"dKPIRSrs":false,"dNITIRSrs":false,"tps":"","dTHEMATICRSrs":true},{"_id":"150309","area":"IND007004","below":[],"indicator":33,"ius":"Mothers who received post-natal check-up within 48 hrs. of delivery:Percent:Total","rank":11,"src":6,"subgrp":1,"top":[],"tp":"2013-2014","trend":"up","value":"71.9","slugiddata":150309,"dKPIRSrs":false,"dNITIRSrs":false,"tps":"","dTHEMATICRSrs":true},{"_id":"151006","area":"IND007004","below":[],"indicator":33,"ius":"Mothers who received post-natal check-up within 48 hrs. of delivery:Percent:Total","rank":9,"src":6,"subgrp":1,"top":[],"tp":"2014-2015","trend":"up","value":"78.6","slugiddata":151006,"dKPIRSrs":false,"dNITIRSrs":false,"tps":"","dTHEMATICRSrs":true},{"_id":"151717","area":"IND007004","below":[],"indicator":33,"ius":"Mothers who received post-natal check-up within 48 hrs. of delivery:Percent:Total","rank":10,"src":6,"subgrp":1,"top":[],"tp":"2015-2016","trend":"up","value":"81.9","slugiddata":151717,"dKPIRSrs":false,"dNITIRSrs":false,"tps":"","dTHEMATICRSrs":true},{"_id":"152430","area":"IND007004","below":[],"indicator":33,"ius":"Mothers who received post-natal check-up within 48 hrs. of delivery:Percent:Total","rank":10,"src":6,"subgrp":1,"top":[],"tp":"2016-2017","trend":"dn","value":"79.7","slugiddata":152430,"dKPIRSrs":false,"dNITIRSrs":false,"tps":"","dTHEMATICRSrs":true},{"_id":"153782","area":"IND007004","below":[],"indicator":112,"ius":"Newborns having weight less than 2.5 kg to newborns weighed at birth:Percent:Total","rank":7,"src":6,"subgrp":1,"top":[],"tp":"2009-2010","trend":"na","value":"25.2","slugiddata":153782,"dKPIRSrs":true,"dNITIRSrs":true,"tps":"","dTHEMATICRSrs":false},{"_id":"154453","area":"IND007004","below":[],"indicator":112,"ius":"Newborns having weight less than 2.5 kg to newborns weighed at birth:Percent:Total","rank":5,"src":6,"subgrp":1,"top":[],"tp":"2010-2011","trend":"up","value":"21.4","slugiddata":154453,"dKPIRSrs":true,"dNITIRSrs":true,"tps":"","dTHEMATICRSrs":false},{"_id":"155131","area":"IND007004","below":[],"indicator":112,"ius":"Newborns having weight less than 2.5 kg to newborns weighed at birth:Percent:Total","rank":6,"src":6,"subgrp":1,"top":[],"tp":"2011-2012","trend":"dn","value":"22.7","slugiddata":155131,"dKPIRSrs":true,"dNITIRSrs":true,"tps":"","dTHEMATICRSrs":false},{"_id":"155823","area":"IND007004","below":[],"indicator":112,"ius":"Newborns having weight less than 2.5 kg to newborns weighed at birth:Percent:Total","rank":9,"src":6,"subgrp":1,"top":[],"tp":"2012-2013","trend":"dn","value":"24.1","slugiddata":155823,"dKPIRSrs":true,"dNITIRSrs":true,"tps":"","dTHEMATICRSrs":false},{"_id":"156523","area":"IND007004","below":[],"indicator":112,"ius":"Newborns having weight less than 2.5 kg to newborns weighed at birth:Percent:Total","rank":7,"src":6,"subgrp":1,"top":[],"tp":"2013-2014","trend":"up","value":"18.9","slugiddata":156523,"dKPIRSrs":true,"dNITIRSrs":true,"tps":"","dTHEMATICRSrs":false},{"_id":"157220","area":"IND007004","below":[],"indicator":112,"ius":"Newborns having weight less than 2.5 kg to newborns weighed at birth:Percent:Total","rank":5,"src":6,"subgrp":1,"top":[],"tp":"2014-2015","trend":"up","value":"18.3","slugiddata":157220,"dKPIRSrs":true,"dNITIRSrs":true,"tps":"","dTHEMATICRSrs":false},{"_id":"157931","area":"IND007004","below":[],"indicator":112,"ius":"Newborns having weight less than 2.5 kg to newborns weighed at birth:Percent:Total","rank":5,"src":6,"subgrp":1,"top":[],"tp":"2015-2016","trend":"up","value":"18.1","slugiddata":157931,"dKPIRSrs":true,"dNITIRSrs":true,"tps":"","dTHEMATICRSrs":false},{"_id":"158644","area":"IND007004","below":[],"indicator":112,"ius":"Newborns having weight less than 2.5 kg to newborns weighed at birth:Percent:Total","rank":6,"src":6,"subgrp":1,"top":[],"tp":"2016-2017","trend":"dn","value":"19.2","slugiddata":158644,"dKPIRSrs":true,"dNITIRSrs":true,"tps":"","dTHEMATICRSrs":false},{"_id":"159998","area":"IND007004","below":[],"indicator":111,"ius":"Newborns breastfed within 1 hour of birth to total live birth:Percent:Total","rank":5,"src":6,"subgrp":1,"top":[],"tp":"2009-2010","trend":"na","value":"62.5","slugiddata":159998,"dKPIRSrs":false,"dNITIRSrs":true,"tps":"","dTHEMATICRSrs":false},{"_id":"160670","area":"IND007004","below":[],"indicator":111,"ius":"Newborns breastfed within 1 hour of birth to total live birth:Percent:Total","rank":6,"src":6,"subgrp":1,"top":[],"tp":"2010-2011","trend":"dn","value":"58.3","slugiddata":160670,"dKPIRSrs":false,"dNITIRSrs":true,"tps":"","dTHEMATICRSrs":false},{"_id":"161349","area":"IND007004","below":[],"indicator":111,"ius":"Newborns breastfed within 1 hour of birth to total live birth:Percent:Total","rank":4,"src":6,"subgrp":1,"top":[],"tp":"2011-2012","trend":"up","value":"68.9","slugiddata":161349,"dKPIRSrs":false,"dNITIRSrs":true,"tps":"","dTHEMATICRSrs":false},{"_id":"162041","area":"IND007004","below":[],"indicator":111,"ius":"Newborns breastfed within 1 hour of birth to total live birth:Percent:Total","rank":9,"src":6,"subgrp":1,"top":[],"tp":"2012-2013","trend":"dn","value":"67.3","slugiddata":162041,"dKPIRSrs":false,"dNITIRSrs":true,"tps":"","dTHEMATICRSrs":false},{"_id":"162741","area":"IND007004","below":[],"indicator":111,"ius":"Newborns breastfed within 1 hour of birth to total live birth:Percent:Total","rank":6,"src":6,"subgrp":1,"top":[],"tp":"2013-2014","trend":"up","value":"68.6","slugiddata":162741,"dKPIRSrs":false,"dNITIRSrs":true,"tps":"","dTHEMATICRSrs":false},{"_id":"163438","area":"IND007004","below":[],"indicator":111,"ius":"Newborns breastfed within 1 hour of birth to total live birth:Percent:Total","rank":6,"src":6,"subgrp":1,"top":[],"tp":"2014-2015","trend":"up","value":"77.9","slugiddata":163438,"dKPIRSrs":false,"dNITIRSrs":true,"tps":"","dTHEMATICRSrs":false},{"_id":"164149","area":"IND007004","below":[],"indicator":111,"ius":"Newborns breastfed within 1 hour of birth to total live birth:Percent:Total","rank":9,"src":6,"subgrp":1,"top":[],"tp":"2015-2016","trend":"dn","value":"64.2","slugiddata":164149,"dKPIRSrs":false,"dNITIRSrs":true,"tps":"","dTHEMATICRSrs":false},{"_id":"164862","area":"IND007004","below":[],"indicator":111,"ius":"Newborns breastfed within 1 hour of birth to total live birth:Percent:Total","rank":11,"src":6,"subgrp":1,"top":[],"tp":"2016-2017","trend":"dn","value":"63.3","slugiddata":164862,"dKPIRSrs":false,"dNITIRSrs":true,"tps":"","dTHEMATICRSrs":false},{"_id":"166206","area":"IND007004","below":[],"indicator":94,"ius":"Newborns visited within 24hrs of home delivery to total reported home deliveries:Percent:Total","rank":5,"src":6,"subgrp":1,"top":[],"tp":"2009-2010","trend":"na","value":"11.0","slugiddata":166206,"dKPIRSrs":false,"dNITIRSrs":false,"tps":"","dTHEMATICRSrs":false},{"_id":"166870","area":"IND007004","below":[],"indicator":94,"ius":"Newborns visited within 24hrs of home delivery to total reported home deliveries:Percent:Total","rank":6,"src":6,"subgrp":1,"top":[],"tp":"2010-2011","trend":"dn","value":"6.3","slugiddata":166870,"dKPIRSrs":false,"dNITIRSrs":false,"tps":"","dTHEMATICRSrs":false},{"_id":"167541","area":"IND007004","below":[],"indicator":94,"ius":"Newborns visited within 24hrs of home delivery to total reported home deliveries:Percent:Total","rank":8,"src":6,"subgrp":1,"top":[],"tp":"2011-2012","trend":"up","value":"17.0","slugiddata":167541,"dKPIRSrs":false,"dNITIRSrs":false,"tps":"","dTHEMATICRSrs":false},{"_id":"168231","area":"IND007004","below":[],"indicator":94,"ius":"Newborns visited within 24hrs of home delivery to total reported home deliveries:Percent:Total","rank":6,"src":6,"subgrp":1,"top":[],"tp":"2012-2013","trend":"up","value":"27.8","slugiddata":168231,"dKPIRSrs":false,"dNITIRSrs":false,"tps":"","dTHEMATICRSrs":false},{"_id":"168927","area":"IND007004","below":[],"indicator":94,"ius":"Newborns visited within 24hrs of home delivery to total reported home deliveries:Percent:Total","rank":4,"src":6,"subgrp":1,"top":[],"tp":"2013-2014","trend":"up","value":"47.7","slugiddata":168927,"dKPIRSrs":false,"dNITIRSrs":false,"tps":"","dTHEMATICRSrs":false},{"_id":"169618","area":"IND007004","below":[],"indicator":94,"ius":"Newborns visited within 24hrs of home delivery to total reported home deliveries:Percent:Total","rank":3,"src":6,"subgrp":1,"top":[],"tp":"2014-2015","trend":"up","value":"66.7","slugiddata":169618,"dKPIRSrs":false,"dNITIRSrs":false,"tps":"","dTHEMATICRSrs":false},{"_id":"170318","area":"IND007004","below":[],"indicator":94,"ius":"Newborns visited within 24hrs of home delivery to total reported home deliveries:Percent:Total","rank":4,"src":6,"subgrp":1,"top":[],"tp":"2015-2016","trend":"dn","value":"57.3","slugiddata":170318,"dKPIRSrs":false,"dNITIRSrs":false,"tps":"","dTHEMATICRSrs":false},{"_id":"171008","area":"IND007004","below":[],"indicator":94,"ius":"Newborns visited within 24hrs of home delivery to total reported home deliveries:Percent:Total","rank":3,"src":6,"subgrp":1,"top":[],"tp":"2016-2017","trend":"up","value":"64.7","slugiddata":171008,"dKPIRSrs":false,"dNITIRSrs":false,"tps":"","dTHEMATICRSrs":false},{"_id":"177919","area":"IND007004","below":[],"indicator":96,"ius":"MTPs conducted at public institutions to total MTPs:Percent:Total","rank":8,"src":6,"subgrp":1,"top":[],"tp":"2009-2010","trend":"na","value":"22.5","slugiddata":177919,"dKPIRSrs":false,"dNITIRSrs":false,"tps":"","dTHEMATICRSrs":true},{"_id":"178562","area":"IND007004","below":[],"indicator":96,"ius":"MTPs conducted at public institutions to total MTPs:Percent:Total","rank":6,"src":6,"subgrp":1,"top":[],"tp":"2010-2011","trend":"up","value":"51.8","slugiddata":178562,"dKPIRSrs":false,"dNITIRSrs":false,"tps":"","dTHEMATICRSrs":true},{"_id":"179207","area":"IND007004","below":[],"indicator":96,"ius":"MTPs conducted at public institutions to total MTPs:Percent:Total","rank":11,"src":6,"subgrp":1,"top":[],"tp":"2011-2012","trend":"dn","value":"14.5","slugiddata":179207,"dKPIRSrs":false,"dNITIRSrs":false,"tps":"","dTHEMATICRSrs":true},{"_id":"179870","area":"IND007004","below":[],"indicator":96,"ius":"MTPs conducted at public institutions to total MTPs:Percent:Total","rank":11,"src":6,"subgrp":1,"top":[],"tp":"2012-2013","trend":"dn","value":"5.0","slugiddata":179870,"dKPIRSrs":false,"dNITIRSrs":false,"tps":"","dTHEMATICRSrs":true},{"_id":"180529","area":"IND007004","below":[],"indicator":96,"ius":"MTPs conducted at public institutions to total MTPs:Percent:Total","rank":11,"src":6,"subgrp":1,"top":[],"tp":"2013-2014","trend":"dn","value":"4.1","slugiddata":180529,"dKPIRSrs":false,"dNITIRSrs":false,"tps":"","dTHEMATICRSrs":true},{"_id":"181195","area":"IND007004","below":[],"indicator":96,"ius":"MTPs conducted at public institutions to total MTPs:Percent:Total","rank":11,"src":6,"subgrp":1,"top":[],"tp":"2014-2015","trend":"dn","value":"2.9","slugiddata":181195,"dKPIRSrs":false,"dNITIRSrs":false,"tps":"","dTHEMATICRSrs":true},{"_id":"181873","area":"IND007004","below":[],"indicator":96,"ius":"MTPs conducted at public institutions to total MTPs:Percent:Total","rank":11,"src":6,"subgrp":1,"top":[],"tp":"2015-2016","trend":"up","value":"3.9","slugiddata":181873,"dKPIRSrs":false,"dNITIRSrs":false,"tps":"","dTHEMATICRSrs":true},{"_id":"182553","area":"IND007004","below":[],"indicator":96,"ius":"MTPs conducted at public institutions to total MTPs:Percent:Total","rank":10,"src":6,"subgrp":1,"top":[],"tp":"2016-2017","trend":"dn","value":"3.5","slugiddata":182553,"dKPIRSrs":false,"dNITIRSrs":false,"tps":"","dTHEMATICRSrs":true},{"_id":"189771","area":"IND007004","below":[],"indicator":98,"ius":"Male sterilization (vasectomies) to total sterilization:Percent:Total","rank":9,"src":6,"subgrp":1,"top":[],"tp":"2009-2010","trend":"na","value":"5.9","slugiddata":189771,"dKPIRSrs":false,"dNITIRSrs":false,"tps":"","dTHEMATICRSrs":true},{"_id":"190435","area":"IND007004","below":[],"indicator":98,"ius":"Male sterilization (vasectomies) to total sterilization:Percent:Total","rank":7,"src":6,"subgrp":1,"top":[],"tp":"2010-2011","trend":"dn","value":"5.3","slugiddata":190435,"dKPIRSrs":false,"dNITIRSrs":false,"tps":"","dTHEMATICRSrs":true},{"_id":"191102","area":"IND007004","below":[],"indicator":98,"ius":"Male sterilization (vasectomies) to total sterilization:Percent:Total","rank":6,"src":6,"subgrp":1,"top":[],"tp":"2011-2012","trend":"up","value":"7.8","slugiddata":191102,"dKPIRSrs":false,"dNITIRSrs":false,"tps":"","dTHEMATICRSrs":true},{"_id":"191782","area":"IND007004","below":[],"indicator":98,"ius":"Male sterilization (vasectomies) to total sterilization:Percent:Total","rank":2,"src":6,"subgrp":1,"top":[],"tp":"2012-2013","trend":"up","value":"10.6","slugiddata":191782,"dKPIRSrs":false,"dNITIRSrs":false,"tps":"","dTHEMATICRSrs":true},{"_id":"192470","area":"IND007004","below":[],"indicator":98,"ius":"Male sterilization (vasectomies) to total sterilization:Percent:Total","rank":5,"src":6,"subgrp":1,"top":[],"tp":"2013-2014","trend":"dn","value":"4.2","slugiddata":192470,"dKPIRSrs":false,"dNITIRSrs":false,"tps":"","dTHEMATICRSrs":true},{"_id":"193153","area":"IND007004","below":[],"indicator":98,"ius":"Male sterilization (vasectomies) to total sterilization:Percent:Total","rank":11,"src":6,"subgrp":1,"top":[],"tp":"2014-2015","trend":"dn","value":"0.0","slugiddata":193153,"dKPIRSrs":false,"dNITIRSrs":false,"tps":"","dTHEMATICRSrs":true},{"_id":"193849","area":"IND007004","below":[],"indicator":98,"ius":"Male sterilization (vasectomies) to total sterilization:Percent:Total","rank":3,"src":6,"subgrp":1,"top":[],"tp":"2015-2016","trend":"up","value":"8.0","slugiddata":193849,"dKPIRSrs":false,"dNITIRSrs":false,"tps":"","dTHEMATICRSrs":true},{"_id":"194544","area":"IND007004","below":[],"indicator":98,"ius":"Male sterilization (vasectomies) to total sterilization:Percent:Total","rank":4,"src":6,"subgrp":1,"top":[],"tp":"2016-2017","trend":"up","value":"8.2","slugiddata":194544,"dKPIRSrs":false,"dNITIRSrs":false,"tps":"","dTHEMATICRSrs":true},{"_id":"195869","area":"IND007004","below":[],"indicator":99,"ius":"Post partum sterilizations to total female sterilizations:Percent:Total","rank":4,"src":6,"subgrp":1,"top":[],"tp":"2009-2010","trend":"na","value":"14.0","slugiddata":195869,"dKPIRSrs":false,"dNITIRSrs":false,"tps":"","dTHEMATICRSrs":false},{"_id":"196531","area":"IND007004","below":[],"indicator":99,"ius":"Post partum sterilizations to total female sterilizations:Percent:Total","rank":4,"src":6,"subgrp":1,"top":[],"tp":"2010-2011","trend":"dn","value":"17.9","slugiddata":196531,"dKPIRSrs":false,"dNITIRSrs":false,"tps":"","dTHEMATICRSrs":false},{"_id":"197194","area":"IND007004","below":[],"indicator":99,"ius":"Post partum sterilizations to total female sterilizations:Percent:Total","rank":7,"src":6,"subgrp":1,"top":[],"tp":"2011-2012","trend":"dn","value":"21.7","slugiddata":197194,"dKPIRSrs":false,"dNITIRSrs":false,"tps":"","dTHEMATICRSrs":false},{"_id":"197874","area":"IND007004","below":[],"indicator":99,"ius":"Post partum sterilizations to total female sterilizations:Percent:Total","rank":8,"src":6,"subgrp":1,"top":[],"tp":"2012-2013","trend":"dn","value":"30.0","slugiddata":197874,"dKPIRSrs":false,"dNITIRSrs":false,"tps":"","dTHEMATICRSrs":false},{"_id":"198561","area":"IND007004","below":[],"indicator":99,"ius":"Post partum sterilizations to total female sterilizations:Percent:Total","rank":11,"src":6,"subgrp":1,"top":[],"tp":"2013-2014","trend":"dn","value":"41.2","slugiddata":198561,"dKPIRSrs":false,"dNITIRSrs":false,"tps":"","dTHEMATICRSrs":false},{"_id":"199244","area":"IND007004","below":[],"indicator":99,"ius":"Post partum sterilizations to total female sterilizations:Percent:Total","rank":6,"src":6,"subgrp":1,"top":[],"tp":"2014-2015","trend":"up","value":"28.7","slugiddata":199244,"dKPIRSrs":false,"dNITIRSrs":false,"tps":"","dTHEMATICRSrs":false},{"_id":"199940","area":"IND007004","below":[],"indicator":99,"ius":"Post partum sterilizations to total female sterilizations:Percent:Total","rank":1,"src":6,"subgrp":1,"top":[],"tp":"2015-2016","trend":"up","value":"3.7","slugiddata":199940,"dKPIRSrs":false,"dNITIRSrs":false,"tps":"","dTHEMATICRSrs":false},{"_id":"200633","area":"IND007004","below":[],"indicator":99,"ius":"Post partum sterilizations to total female sterilizations:Percent:Total","rank":1,"src":6,"subgrp":1,"top":[],"tp":"2016-2017","trend":"dn","value":"5.1","slugiddata":200633,"dKPIRSrs":false,"dNITIRSrs":false,"tps":"","dTHEMATICRSrs":false},{"_id":"208212","area":"IND007004","below":[],"indicator":101,"ius":"IUCD insertions in public plus private institutions to all family planning methods ( IUCD plus permanent):Percent:Total","rank":2,"src":6,"subgrp":1,"top":[],"tp":"2009-2010","trend":"na","value":"72.5","slugiddata":208212,"dKPIRSrs":false,"dNITIRSrs":false,"tps":"","dTHEMATICRSrs":true},{"_id":"208884","area":"IND007004","below":[],"indicator":101,"ius":"IUCD insertions in public plus private institutions to all family planning methods ( IUCD plus permanent):Percent:Total","rank":3,"src":6,"subgrp":1,"top":[],"tp":"2010-2011","trend":"up","value":"73.4","slugiddata":208884,"dKPIRSrs":false,"dNITIRSrs":false,"tps":"","dTHEMATICRSrs":true},{"_id":"209563","area":"IND007004","below":[],"indicator":101,"ius":"IUCD insertions in public plus private institutions to all family planning methods ( IUCD plus permanent):Percent:Total","rank":3,"src":6,"subgrp":1,"top":[],"tp":"2011-2012","trend":"up","value":"91.2","slugiddata":209563,"dKPIRSrs":false,"dNITIRSrs":false,"tps":"","dTHEMATICRSrs":true},{"_id":"210254","area":"IND007004","below":[],"indicator":101,"ius":"IUCD insertions in public plus private institutions to all family planning methods ( IUCD plus permanent):Percent:Total","rank":2,"src":6,"subgrp":1,"top":[],"tp":"2012-2013","trend":"up","value":"92.4","slugiddata":210254,"dKPIRSrs":false,"dNITIRSrs":false,"tps":"","dTHEMATICRSrs":true},{"_id":"210954","area":"IND007004","below":[],"indicator":101,"ius":"IUCD insertions in public plus private institutions to all family planning methods ( IUCD plus permanent):Percent:Total","rank":2,"src":6,"subgrp":1,"top":[],"tp":"2013-2014","trend":"up","value":"95.9","slugiddata":210954,"dKPIRSrs":false,"dNITIRSrs":false,"tps":"","dTHEMATICRSrs":true},{"_id":"211650","area":"IND007004","below":[],"indicator":101,"ius":"IUCD insertions in public plus private institutions to all family planning methods ( IUCD plus permanent):Percent:Total","rank":2,"src":6,"subgrp":1,"top":[],"tp":"2014-2015","trend":"up","value":"96.7","slugiddata":211650,"dKPIRSrs":false,"dNITIRSrs":false,"tps":"","dTHEMATICRSrs":true},{"_id":"212361","area":"IND007004","below":[],"indicator":101,"ius":"IUCD insertions in public plus private institutions to all family planning methods ( IUCD plus permanent):Percent:Total","rank":2,"src":6,"subgrp":1,"top":[],"tp":"2015-2016","trend":"dn","value":"95.9","slugiddata":212361,"dKPIRSrs":false,"dNITIRSrs":false,"tps":"","dTHEMATICRSrs":true},{"_id":"213074","area":"IND007004","below":[],"indicator":101,"ius":"IUCD insertions in public plus private institutions to all family planning methods ( IUCD plus permanent):Percent:Total","rank":3,"src":6,"subgrp":1,"top":[],"tp":"2016-2017","trend":"dn","value":"94.9","slugiddata":213074,"dKPIRSrs":false,"dNITIRSrs":false,"tps":"","dTHEMATICRSrs":true},{"_id":"214428","area":"IND007004","below":[],"indicator":102,"ius":"Newborns given BCG to reported live birth:Percent:Total","rank":6,"src":6,"subgrp":1,"top":[],"tp":"2009-2010","trend":"na","value":"144.4","slugiddata":214428,"dKPIRSrs":false,"dNITIRSrs":false,"tps":"","dTHEMATICRSrs":true},{"_id":"215100","area":"IND007004","below":[],"indicator":102,"ius":"Newborns given BCG to reported live birth:Percent:Total","rank":5,"src":6,"subgrp":1,"top":[],"tp":"2010-2011","trend":"up","value":"144.5","slugiddata":215100,"dKPIRSrs":false,"dNITIRSrs":false,"tps":"","dTHEMATICRSrs":true},{"_id":"215779","area":"IND007004","below":[],"indicator":102,"ius":"Newborns given BCG to reported live birth:Percent:Total","rank":5,"src":6,"subgrp":1,"top":[],"tp":"2011-2012","trend":"up","value":"151.5","slugiddata":215779,"dKPIRSrs":false,"dNITIRSrs":false,"tps":"","dTHEMATICRSrs":true},{"_id":"216471","area":"IND007004","below":[],"indicator":102,"ius":"Newborns given BCG to reported live birth:Percent:Total","rank":5,"src":6,"subgrp":1,"top":[],"tp":"2012-2013","trend":"dn","value":"147.4","slugiddata":216471,"dKPIRSrs":false,"dNITIRSrs":false,"tps":"","dTHEMATICRSrs":true},{"_id":"217171","area":"IND007004","below":[],"indicator":102,"ius":"Newborns given BCG to reported live birth:Percent:Total","rank":4,"src":6,"subgrp":1,"top":[],"tp":"2013-2014","trend":"up","value":"147.6","slugiddata":217171,"dKPIRSrs":false,"dNITIRSrs":false,"tps":"","dTHEMATICRSrs":true},{"_id":"217868","area":"IND007004","below":[],"indicator":102,"ius":"Newborns given BCG to reported live birth:Percent:Total","rank":4,"src":6,"subgrp":1,"top":[],"tp":"2014-2015","trend":"dn","value":"129.3","slugiddata":217868,"dKPIRSrs":false,"dNITIRSrs":false,"tps":"","dTHEMATICRSrs":true},{"_id":"218579","area":"IND007004","below":[],"indicator":102,"ius":"Newborns given BCG to reported live birth:Percent:Total","rank":4,"src":6,"subgrp":1,"top":[],"tp":"2015-2016","trend":"dn","value":"125.5","slugiddata":218579,"dKPIRSrs":false,"dNITIRSrs":false,"tps":"","dTHEMATICRSrs":true},{"_id":"219292","area":"IND007004","below":[],"indicator":102,"ius":"Newborns given BCG to reported live birth:Percent:Total","rank":4,"src":6,"subgrp":1,"top":[],"tp":"2016-2017","trend":"dn","value":"123.4","slugiddata":219292,"dKPIRSrs":false,"dNITIRSrs":false,"tps":"","dTHEMATICRSrs":true},{"_id":"220646","area":"IND007004","below":[],"indicator":103,"ius":"Infants 0 to 11 months old who received measles vaccine to reported live births:Percent:Total","rank":5,"src":6,"subgrp":1,"top":[],"tp":"2009-2010","trend":"na","value":"134.4","slugiddata":220646,"dKPIRSrs":false,"dNITIRSrs":false,"tps":"","dTHEMATICRSrs":true},{"_id":"221318","area":"IND007004","below":[],"indicator":103,"ius":"Infants 0 to 11 months old who received measles vaccine to reported live births:Percent:Total","rank":3,"src":6,"subgrp":1,"top":[],"tp":"2010-2011","trend":"dn","value":"132.5","slugiddata":221318,"dKPIRSrs":false,"dNITIRSrs":false,"tps":"","dTHEMATICRSrs":true},{"_id":"221997","area":"IND007004","below":[],"indicator":103,"ius":"Infants 0 to 11 months old who received measles vaccine to reported live births:Percent:Total","rank":6,"src":6,"subgrp":1,"top":[],"tp":"2011-2012","trend":"up","value":"155.7","slugiddata":221997,"dKPIRSrs":false,"dNITIRSrs":false,"tps":"","dTHEMATICRSrs":true},{"_id":"222689","area":"IND007004","below":[],"indicator":103,"ius":"Infants 0 to 11 months old who received measles vaccine to reported live births:Percent:Total","rank":5,"src":6,"subgrp":1,"top":[],"tp":"2012-2013","trend":"dn","value":"154.9","slugiddata":222689,"dKPIRSrs":false,"dNITIRSrs":false,"tps":"","dTHEMATICRSrs":true},{"_id":"223389","area":"IND007004","below":[],"indicator":103,"ius":"Infants 0 to 11 months old who received measles vaccine to reported live births:Percent:Total","rank":5,"src":6,"subgrp":1,"top":[],"tp":"2013-2014","trend":"up","value":"175.0","slugiddata":223389,"dKPIRSrs":false,"dNITIRSrs":false,"tps":"","dTHEMATICRSrs":true},{"_id":"224086","area":"IND007004","below":[],"indicator":103,"ius":"Infants 0 to 11 months old who received measles vaccine to reported live births:Percent:Total","rank":5,"src":6,"subgrp":1,"top":[],"tp":"2014-2015","trend":"up","value":"186.4","slugiddata":224086,"dKPIRSrs":false,"dNITIRSrs":false,"tps":"","dTHEMATICRSrs":true},{"_id":"224797","area":"IND007004","below":[],"indicator":103,"ius":"Infants 0 to 11 months old who received measles vaccine to reported live births:Percent:Total","rank":5,"src":6,"subgrp":1,"top":[],"tp":"2015-2016","trend":"dn","value":"175.9","slugiddata":224797,"dKPIRSrs":false,"dNITIRSrs":false,"tps":"","dTHEMATICRSrs":true},{"_id":"225510","area":"IND007004","below":[],"indicator":103,"ius":"Infants 0 to 11 months old who received measles vaccine to reported live births:Percent:Total","rank":5,"src":6,"subgrp":1,"top":[],"tp":"2016-2017","trend":"dn","value":"167.8","slugiddata":225510,"dKPIRSrs":false,"dNITIRSrs":false,"tps":"","dTHEMATICRSrs":true},{"_id":"232974","area":"IND007004","below":[],"indicator":14,"ius":"Institutional delivery:Percent:Total","rank":2,"src":6,"subgrp":1,"top":[],"tp":"2009-2010","trend":"na","value":"97.6","slugiddata":232974,"dKPIRSrs":false,"dNITIRSrs":false,"tps":"","dTHEMATICRSrs":false},{"_id":"233646","area":"IND007004","below":[],"indicator":14,"ius":"Institutional delivery:Percent:Total","rank":4,"src":6,"subgrp":1,"top":[],"tp":"2010-2011","trend":"dn","value":"96.7","slugiddata":233646,"dKPIRSrs":false,"dNITIRSrs":false,"tps":"","dTHEMATICRSrs":false},{"_id":"234325","area":"IND007004","below":[],"indicator":14,"ius":"Institutional delivery:Percent:Total","rank":6,"src":6,"subgrp":1,"top":[],"tp":"2011-2012","trend":"dn","value":"93.6","slugiddata":234325,"dKPIRSrs":false,"dNITIRSrs":false,"tps":"","dTHEMATICRSrs":false},{"_id":"235017","area":"IND007004","below":[],"indicator":14,"ius":"Institutional delivery:Percent:Total","rank":4,"src":6,"subgrp":1,"top":[],"tp":"2012-2013","trend":"dn","value":"92.2","slugiddata":235017,"dKPIRSrs":false,"dNITIRSrs":false,"tps":"","dTHEMATICRSrs":false},{"_id":"235717","area":"IND007004","below":[],"indicator":14,"ius":"Institutional delivery:Percent:Total","rank":4,"src":6,"subgrp":1,"top":[],"tp":"2013-2014","trend":"up","value":"93.4","slugiddata":235717,"dKPIRSrs":false,"dNITIRSrs":false,"tps":"","dTHEMATICRSrs":false},{"_id":"236414","area":"IND007004","below":[],"indicator":14,"ius":"Institutional delivery:Percent:Total","rank":6,"src":6,"subgrp":1,"top":[],"tp":"2014-2015","trend":"dn","value":"91.7","slugiddata":236414,"dKPIRSrs":false,"dNITIRSrs":false,"tps":"","dTHEMATICRSrs":false},{"_id":"237125","area":"IND007004","below":[],"indicator":14,"ius":"Institutional delivery:Percent:Total","rank":5,"src":6,"subgrp":1,"top":[],"tp":"2015-2016","trend":"up","value":"91.9","slugiddata":237125,"dKPIRSrs":false,"dNITIRSrs":false,"tps":"","dTHEMATICRSrs":false},{"_id":"237838","area":"IND007004","below":[],"indicator":14,"ius":"Institutional delivery:Percent:Total","rank":6,"src":6,"subgrp":1,"top":[],"tp":"2016-2017","trend":"up","value":"93.7","slugiddata":237838,"dKPIRSrs":false,"dNITIRSrs":false,"tps":"","dTHEMATICRSrs":false},{"_id":"239200","area":"IND007004","below":[],"indicator":11,"ius":"Institutional delivery in public/government health facility:Percent:Total","rank":3,"src":6,"subgrp":1,"top":[],"tp":"2009-2010","trend":"na","value":"82.5","slugiddata":239200,"dKPIRSrs":false,"dNITIRSrs":false,"tps":"","dTHEMATICRSrs":false},{"_id":"239872","area":"IND007004","below":[],"indicator":11,"ius":"Institutional delivery in public/government health facility:Percent:Total","rank":7,"src":6,"subgrp":1,"top":[],"tp":"2010-2011","trend":"dn","value":"71.2","slugiddata":239872,"dKPIRSrs":false,"dNITIRSrs":false,"tps":"","dTHEMATICRSrs":false},{"_id":"240551","area":"IND007004","below":[],"indicator":11,"ius":"Institutional delivery in public/government health facility:Percent:Total","rank":10,"src":6,"subgrp":1,"top":[],"tp":"2011-2012","trend":"dn","value":"65.9","slugiddata":240551,"dKPIRSrs":false,"dNITIRSrs":false,"tps":"","dTHEMATICRSrs":false},{"_id":"241243","area":"IND007004","below":[],"indicator":11,"ius":"Institutional delivery in public/government health facility:Percent:Total","rank":8,"src":6,"subgrp":1,"top":[],"tp":"2012-2013","trend":"up","value":"66.4","slugiddata":241243,"dKPIRSrs":false,"dNITIRSrs":false,"tps":"","dTHEMATICRSrs":false},{"_id":"241943","area":"IND007004","below":[],"indicator":11,"ius":"Institutional delivery in public/government health facility:Percent:Total","rank":9,"src":6,"subgrp":1,"top":[],"tp":"2013-2014","trend":"dn","value":"63.0","slugiddata":241943,"dKPIRSrs":false,"dNITIRSrs":false,"tps":"","dTHEMATICRSrs":false},{"_id":"242640","area":"IND007004","below":[],"indicator":11,"ius":"Institutional delivery in public/government health facility:Percent:Total","rank":9,"src":6,"subgrp":1,"top":[],"tp":"2014-2015","trend":"up","value":"65.2","slugiddata":242640,"dKPIRSrs":false,"dNITIRSrs":false,"tps":"","dTHEMATICRSrs":false},{"_id":"243351","area":"IND007004","below":[],"indicator":11,"ius":"Institutional delivery in public/government health facility:Percent:Total","rank":9,"src":6,"subgrp":1,"top":[],"tp":"2015-2016","trend":"up","value":"68.2","slugiddata":243351,"dKPIRSrs":false,"dNITIRSrs":false,"tps":"","dTHEMATICRSrs":false},{"_id":"244064","area":"IND007004","below":[],"indicator":11,"ius":"Institutional delivery in public/government health facility:Percent:Total","rank":9,"src":6,"subgrp":1,"top":[],"tp":"2016-2017","trend":"up","value":"72.1","slugiddata":244064,"dKPIRSrs":false,"dNITIRSrs":false,"tps":"","dTHEMATICRSrs":false},{"_id":"251374","area":"IND007004","below":[],"indicator":105,"ius":"Adolescent counselled:Number:Total","rank":1,"src":6,"subgrp":1,"top":[],"tp":"2009-2010","trend":"na","value":"9413.0","slugiddata":251374,"dKPIRSrs":false,"dNITIRSrs":false,"tps":"","dTHEMATICRSrs":true},{"_id":"251854","area":"IND007004","below":[],"indicator":105,"ius":"Adolescent counselled:Number:Total","rank":1,"src":6,"subgrp":1,"top":[],"tp":"2010-2011","trend":"dn","value":"9061.0","slugiddata":251854,"dKPIRSrs":false,"dNITIRSrs":false,"tps":"","dTHEMATICRSrs":true},{"_id":"252401","area":"IND007004","below":[],"indicator":105,"ius":"Adolescent counselled:Number:Total","rank":8,"src":6,"subgrp":1,"top":[],"tp":"2011-2012","trend":"dn","value":"2105.0","slugiddata":252401,"dKPIRSrs":false,"dNITIRSrs":false,"tps":"","dTHEMATICRSrs":true},{"_id":"253023","area":"IND007004","below":[],"indicator":105,"ius":"Adolescent counselled:Number:Total","rank":7,"src":6,"subgrp":1,"top":[],"tp":"2012-2013","trend":"up","value":"4066.0","slugiddata":253023,"dKPIRSrs":false,"dNITIRSrs":false,"tps":"","dTHEMATICRSrs":true},{"_id":"253684","area":"IND007004","below":[],"indicator":105,"ius":"Adolescent counselled:Number:Total","rank":4,"src":6,"subgrp":1,"top":[],"tp":"2013-2014","trend":"up","value":"7205.0","slugiddata":253684,"dKPIRSrs":false,"dNITIRSrs":false,"tps":"","dTHEMATICRSrs":true},{"_id":"254375","area":"IND007004","below":[],"indicator":105,"ius":"Adolescent counselled:Number:Total","rank":5,"src":6,"subgrp":1,"top":[],"tp":"2014-2015","trend":"up","value":"7455.0","slugiddata":254375,"dKPIRSrs":false,"dNITIRSrs":false,"tps":"","dTHEMATICRSrs":true},{"_id":"255084","area":"IND007004","below":[],"indicator":105,"ius":"Adolescent counselled:Number:Total","rank":6,"src":6,"subgrp":1,"top":[],"tp":"2015-2016","trend":"dn","value":"4612.0","slugiddata":255084,"dKPIRSrs":false,"dNITIRSrs":false,"tps":"","dTHEMATICRSrs":true},{"_id":"255794","area":"IND007004","below":[],"indicator":105,"ius":"Adolescent counselled:Number:Total","rank":6,"src":6,"subgrp":1,"top":[],"tp":"2016-2017","trend":"up","value":"5303.0","slugiddata":255794,"dKPIRSrs":false,"dNITIRSrs":false,"tps":"","dTHEMATICRSrs":true},{"_id":"262742","area":"IND007004","below":[],"indicator":88,"ius":"1st trimester registration to total ANC registrations:Percent:Total","rank":10,"src":6,"subgrp":1,"top":[],"tp":"2017-2018","trend":"dn","value":"27.3","slugiddata":262742,"dKPIRSrs":false,"dNITIRSrs":true,"tps":"","dTHEMATICRSrs":false},{"_id":"263478","area":"IND007004","below":[],"indicator":48,"ius":"Mothers who had at least 4 antenatal care visits:Percent:Total","rank":9,"src":6,"subgrp":1,"top":[],"tp":"2017-2018","trend":"na","value":"31.2","slugiddata":263478,"dKPIRSrs":false,"dNITIRSrs":true,"tps":"","dTHEMATICRSrs":false},{"_id":"264214","area":"IND007004","below":[],"indicator":12,"ius":"Home delivery conducted by skilled health personnel:Percent:Total","rank":3,"src":6,"subgrp":1,"top":[],"tp":"2017-2018","trend":"dn","value":"5.2","slugiddata":264214,"dKPIRSrs":false,"dNITIRSrs":true,"tps":"","dTHEMATICRSrs":false},{"_id":"264941","area":"IND007004","below":[],"indicator":112,"ius":"Newborns having weight less than 2.5 kg to newborns weighed at birth:Percent:Total","rank":7,"src":6,"subgrp":1,"top":[],"tp":"2017-2018","trend":"dn","value":"20.0","slugiddata":264941,"dKPIRSrs":true,"dNITIRSrs":true,"tps":"","dTHEMATICRSrs":false},{"_id":"265677","area":"IND007004","below":[],"indicator":111,"ius":"Newborns breastfed within 1 hour of birth to total live birth:Percent:Total","rank":9,"src":6,"subgrp":1,"top":[],"tp":"2017-2018","trend":"dn","value":"62.4","slugiddata":265677,"dKPIRSrs":false,"dNITIRSrs":true,"tps":"","dTHEMATICRSrs":false},{"_id":"266413","area":"IND007004","below":[],"indicator":109,"ius":"Percentage of institutional deliveries out of total ANC registration:Percent:Total","rank":7,"src":6,"subgrp":1,"top":[],"tp":"2017-2018","trend":"dn","value":"20.8","slugiddata":266413,"dKPIRSrs":false,"dNITIRSrs":true,"tps":"","dTHEMATICRSrs":false},{"_id":"267149","area":"IND007004","below":[],"indicator":108,"ius":"Percentage of PW having Hb level<11 (tested cases) (7.1 to 10.9) against total ANC registration:Percent:Total","rank":5,"src":6,"subgrp":1,"top":[],"tp":"2017-2018","trend":"up","value":"23.2","slugiddata":267149,"dKPIRSrs":false,"dNITIRSrs":true,"tps":"","dTHEMATICRSrs":false},{"_id":"267885","area":"IND007004","below":[],"indicator":113,"ius":"Percentage of PW having Hb level<7 (tested cases) against total ANC registration:Percent:Total","rank":2,"src":6,"subgrp":1,"top":[],"tp":"2017-2018","trend":"up","value":"0.7","slugiddata":267885,"dKPIRSrs":false,"dNITIRSrs":true,"tps":"","dTHEMATICRSrs":false},{"_id":"268621","area":"IND007004","below":[],"indicator":110,"ius":"Proportion of live babies weighed at birth:Percent:Total","rank":4,"src":6,"subgrp":1,"top":[],"tp":"2017-2018","trend":"up","value":"98.0","slugiddata":268621,"dKPIRSrs":false,"dNITIRSrs":true,"tps":"","dTHEMATICRSrs":false},{"_id":"270004","area":"IND007004","below":[],"indicator":108,"ius":"Percentage of PW having Hb level<11 (tested cases) (7.1 to 10.9) against total ANC registration:Percent:Total","rank":4,"src":6,"subgrp":1,"top":[],"tp":"2009-2010","trend":"na","value":"22.9","slugiddata":270004,"dKPIRSrs":false,"dNITIRSrs":true,"tps":"","dTHEMATICRSrs":false},{"_id":"270676","area":"IND007004","below":[],"indicator":108,"ius":"Percentage of PW having Hb level<11 (tested cases) (7.1 to 10.9) against total ANC registration:Percent:Total","rank":2,"src":6,"subgrp":1,"top":[],"tp":"2010-2011","trend":"dn","value":"24.6","slugiddata":270676,"dKPIRSrs":false,"dNITIRSrs":true,"tps":"","dTHEMATICRSrs":false},{"_id":"271354","area":"IND007004","below":[],"indicator":108,"ius":"Percentage of PW having Hb level<11 (tested cases) (7.1 to 10.9) against total ANC registration:Percent:Total","rank":3,"src":6,"subgrp":1,"top":[],"tp":"2011-2012","trend":"dn","value":"26.1","slugiddata":271354,"dKPIRSrs":false,"dNITIRSrs":true,"tps":"","dTHEMATICRSrs":false},{"_id":"272046","area":"IND007004","below":[],"indicator":108,"ius":"Percentage of PW having Hb level<11 (tested cases) (7.1 to 10.9) against total ANC registration:Percent:Total","rank":5,"src":6,"subgrp":1,"top":[],"tp":"2012-2013","trend":"dn","value":"33.6","slugiddata":272046,"dKPIRSrs":false,"dNITIRSrs":true,"tps":"","dTHEMATICRSrs":false},{"_id":"272746","area":"IND007004","below":[],"indicator":108,"ius":"Percentage of PW having Hb level<11 (tested cases) (7.1 to 10.9) against total ANC registration:Percent:Total","rank":8,"src":6,"subgrp":1,"top":[],"tp":"2013-2014","trend":"up","value":"32.1","slugiddata":272746,"dKPIRSrs":false,"dNITIRSrs":true,"tps":"","dTHEMATICRSrs":false},{"_id":"273443","area":"IND007004","below":[],"indicator":108,"ius":"Percentage of PW having Hb level<11 (tested cases) (7.1 to 10.9) against total ANC registration:Percent:Total","rank":5,"src":6,"subgrp":1,"top":[],"tp":"2014-2015","trend":"up","value":"30.4","slugiddata":273443,"dKPIRSrs":false,"dNITIRSrs":true,"tps":"","dTHEMATICRSrs":false},{"_id":"274154","area":"IND007004","below":[],"indicator":108,"ius":"Percentage of PW having Hb level<11 (tested cases) (7.1 to 10.9) against total ANC registration:Percent:Total","rank":5,"src":6,"subgrp":1,"top":[],"tp":"2015-2016","trend":"up","value":"27.0","slugiddata":274154,"dKPIRSrs":false,"dNITIRSrs":true,"tps":"","dTHEMATICRSrs":false},{"_id":"274867","area":"IND007004","below":[],"indicator":108,"ius":"Percentage of PW having Hb level<11 (tested cases) (7.1 to 10.9) against total ANC registration:Percent:Total","rank":5,"src":6,"subgrp":1,"top":[],"tp":"2016-2017","trend":"up","value":"26.7","slugiddata":274867,"dKPIRSrs":false,"dNITIRSrs":true,"tps":"","dTHEMATICRSrs":false},{"_id":"276229","area":"IND007004","below":[],"indicator":113,"ius":"Percentage of PW having Hb level<7 (tested cases) against total ANC registration:Percent:Total","rank":4,"src":6,"subgrp":1,"top":[],"tp":"2009-2010","trend":"na","value":"1.1","slugiddata":276229,"dKPIRSrs":false,"dNITIRSrs":true,"tps":"","dTHEMATICRSrs":false},{"_id":"276901","area":"IND007004","below":[],"indicator":113,"ius":"Percentage of PW having Hb level<7 (tested cases) against total ANC registration:Percent:Total","rank":3,"src":6,"subgrp":1,"top":[],"tp":"2010-2011","trend":"up","value":"1.0","slugiddata":276901,"dKPIRSrs":false,"dNITIRSrs":true,"tps":"","dTHEMATICRSrs":false},{"_id":"277579","area":"IND007004","below":[],"indicator":113,"ius":"Percentage of PW having Hb level<7 (tested cases) against total ANC registration:Percent:Total","rank":3,"src":6,"subgrp":1,"top":[],"tp":"2011-2012","trend":"up","value":"0.9","slugiddata":277579,"dKPIRSrs":false,"dNITIRSrs":true,"tps":"","dTHEMATICRSrs":false},{"_id":"278271","area":"IND007004","below":[],"indicator":113,"ius":"Percentage of PW having Hb level<7 (tested cases) against total ANC registration:Percent:Total","rank":2,"src":6,"subgrp":1,"top":[],"tp":"2012-2013","trend":"dn","value":"1.2","slugiddata":278271,"dKPIRSrs":false,"dNITIRSrs":true,"tps":"","dTHEMATICRSrs":false},{"_id":"278971","area":"IND007004","below":[],"indicator":113,"ius":"Percentage of PW having Hb level<7 (tested cases) against total ANC registration:Percent:Total","rank":3,"src":6,"subgrp":1,"top":[],"tp":"2013-2014","trend":"up","value":"1.1","slugiddata":278971,"dKPIRSrs":false,"dNITIRSrs":true,"tps":"","dTHEMATICRSrs":false},{"_id":"279668","area":"IND007004","below":[],"indicator":113,"ius":"Percentage of PW having Hb level<7 (tested cases) against total ANC registration:Percent:Total","rank":3,"src":6,"subgrp":1,"top":[],"tp":"2014-2015","trend":"up","value":"0.8","slugiddata":279668,"dKPIRSrs":false,"dNITIRSrs":true,"tps":"","dTHEMATICRSrs":false},{"_id":"280379","area":"IND007004","below":[],"indicator":113,"ius":"Percentage of PW having Hb level<7 (tested cases) against total ANC registration:Percent:Total","rank":1,"src":6,"subgrp":1,"top":[],"tp":"2015-2016","trend":"up","value":"0.5","slugiddata":280379,"dKPIRSrs":false,"dNITIRSrs":true,"tps":"","dTHEMATICRSrs":false},{"_id":"281092","area":"IND007004","below":[],"indicator":113,"ius":"Percentage of PW having Hb level<7 (tested cases) against total ANC registration:Percent:Total","rank":4,"src":6,"subgrp":1,"top":[],"tp":"2016-2017","trend":"dn","value":"0.8","slugiddata":281092,"dKPIRSrs":false,"dNITIRSrs":true,"tps":"","dTHEMATICRSrs":false},{"_id":"282454","area":"IND007004","below":[],"indicator":109,"ius":"Percentage of institutional deliveries out of total ANC registration:Percent:Total","rank":6,"src":6,"subgrp":1,"top":[],"tp":"2009-2010","trend":"na","value":"15.8","slugiddata":282454,"dKPIRSrs":false,"dNITIRSrs":true,"tps":"","dTHEMATICRSrs":false},{"_id":"283126","area":"IND007004","below":[],"indicator":109,"ius":"Percentage of institutional deliveries out of total ANC registration:Percent:Total","rank":6,"src":6,"subgrp":1,"top":[],"tp":"2010-2011","trend":"up","value":"20.9","slugiddata":283126,"dKPIRSrs":false,"dNITIRSrs":true,"tps":"","dTHEMATICRSrs":false},{"_id":"283804","area":"IND007004","below":[],"indicator":109,"ius":"Percentage of institutional deliveries out of total ANC registration:Percent:Total","rank":7,"src":6,"subgrp":1,"top":[],"tp":"2011-2012","trend":"dn","value":"19.4","slugiddata":283804,"dKPIRSrs":false,"dNITIRSrs":true,"tps":"","dTHEMATICRSrs":false},{"_id":"284496","area":"IND007004","below":[],"indicator":109,"ius":"Percentage of institutional deliveries out of total ANC registration:Percent:Total","rank":6,"src":6,"subgrp":1,"top":[],"tp":"2012-2013","trend":"up","value":"23.1","slugiddata":284496,"dKPIRSrs":false,"dNITIRSrs":true,"tps":"","dTHEMATICRSrs":false},{"_id":"285196","area":"IND007004","below":[],"indicator":109,"ius":"Percentage of institutional deliveries out of total ANC registration:Percent:Total","rank":8,"src":6,"subgrp":1,"top":[],"tp":"2013-2014","trend":"dn","value":"21.4","slugiddata":285196,"dKPIRSrs":false,"dNITIRSrs":true,"tps":"","dTHEMATICRSrs":false},{"_id":"285893","area":"IND007004","below":[],"indicator":109,"ius":"Percentage of institutional deliveries out of total ANC registration:Percent:Total","rank":8,"src":6,"subgrp":1,"top":[],"tp":"2014-2015","trend":"dn","value":"20.8","slugiddata":285893,"dKPIRSrs":false,"dNITIRSrs":true,"tps":"","dTHEMATICRSrs":false},{"_id":"286604","area":"IND007004","below":[],"indicator":109,"ius":"Percentage of institutional deliveries out of total ANC registration:Percent:Total","rank":7,"src":6,"subgrp":1,"top":[],"tp":"2015-2016","trend":"up","value":"21.4","slugiddata":286604,"dKPIRSrs":false,"dNITIRSrs":true,"tps":"","dTHEMATICRSrs":false},{"_id":"287317","area":"IND007004","below":[],"indicator":109,"ius":"Percentage of institutional deliveries out of total ANC registration:Percent:Total","rank":7,"src":6,"subgrp":1,"top":[],"tp":"2016-2017","trend":"up","value":"22.9","slugiddata":287317,"dKPIRSrs":false,"dNITIRSrs":true,"tps":"","dTHEMATICRSrs":false},{"_id":"288671","area":"IND007004","below":[],"indicator":110,"ius":"Proportion of live babies weighed at birth:Percent:Total","rank":4,"src":6,"subgrp":1,"top":[],"tp":"2009-2010","trend":"na","value":"94.7","slugiddata":288671,"dKPIRSrs":false,"dNITIRSrs":true,"tps":"","dTHEMATICRSrs":false},{"_id":"289343","area":"IND007004","below":[],"indicator":110,"ius":"Proportion of live babies weighed at birth:Percent:Total","rank":3,"src":6,"subgrp":1,"top":[],"tp":"2010-2011","trend":"up","value":"96.9","slugiddata":289343,"dKPIRSrs":false,"dNITIRSrs":true,"tps":"","dTHEMATICRSrs":false},{"_id":"290022","area":"IND007004","below":[],"indicator":110,"ius":"Proportion of live babies weighed at birth:Percent:Total","rank":3,"src":6,"subgrp":1,"top":[],"tp":"2011-2012","trend":"dn","value":"93.6","slugiddata":290022,"dKPIRSrs":false,"dNITIRSrs":true,"tps":"","dTHEMATICRSrs":false},{"_id":"290714","area":"IND007004","below":[],"indicator":110,"ius":"Proportion of live babies weighed at birth:Percent:Total","rank":7,"src":6,"subgrp":1,"top":[],"tp":"2012-2013","trend":"dn","value":"90.9","slugiddata":290714,"dKPIRSrs":false,"dNITIRSrs":true,"tps":"","dTHEMATICRSrs":false},{"_id":"291414","area":"IND007004","below":[],"indicator":110,"ius":"Proportion of live babies weighed at birth:Percent:Total","rank":6,"src":6,"subgrp":1,"top":[],"tp":"2013-2014","trend":"up","value":"93.2","slugiddata":291414,"dKPIRSrs":false,"dNITIRSrs":true,"tps":"","dTHEMATICRSrs":false},{"_id":"292111","area":"IND007004","below":[],"indicator":110,"ius":"Proportion of live babies weighed at birth:Percent:Total","rank":4,"src":6,"subgrp":1,"top":[],"tp":"2014-2015","trend":"up","value":"95.5","slugiddata":292111,"dKPIRSrs":false,"dNITIRSrs":true,"tps":"","dTHEMATICRSrs":false},{"_id":"292822","area":"IND007004","below":[],"indicator":110,"ius":"Proportion of live babies weighed at birth:Percent:Total","rank":3,"src":6,"subgrp":1,"top":[],"tp":"2015-2016","trend":"up","value":"96.0","slugiddata":292822,"dKPIRSrs":false,"dNITIRSrs":true,"tps":"","dTHEMATICRSrs":false},{"_id":"293535","area":"IND007004","below":[],"indicator":110,"ius":"Proportion of live babies weighed at birth:Percent:Total","rank":4,"src":6,"subgrp":1,"top":[],"tp":"2016-2017","trend":"up","value":"97.5","slugiddata":293535,"dKPIRSrs":false,"dNITIRSrs":true,"tps":"","dTHEMATICRSrs":false},{"_id":"294295","area":"IND007004","below":[],"indicator":89,"ius":"Pregnant women received TT2 or Booster to total ANC registration:Percent:Total","rank":4,"src":6,"subgrp":1,"top":[],"tp":"2017-2018","trend":"up","value":"33.5","slugiddata":294295,"dKPIRSrs":false,"dNITIRSrs":false,"tps":"","dTHEMATICRSrs":true},{"_id":"295031","area":"IND007004","below":[],"indicator":92,"ius":"Women discharged in less than 48 hours of delivery to total reported deliveries at public institutions:Percent:Total","rank":9,"src":6,"subgrp":1,"top":[],"tp":"2017-2018","trend":"dn","value":"57.7","slugiddata":295031,"dKPIRSrs":false,"dNITIRSrs":false,"tps":"","dTHEMATICRSrs":true},{"_id":"295767","area":"IND007004","below":[],"indicator":14,"ius":"Institutional delivery:Percent:Total","rank":6,"src":6,"subgrp":1,"top":[],"tp":"2017-2018","trend":"up","value":"95.5","slugiddata":295767,"dKPIRSrs":false,"dNITIRSrs":false,"tps":"","dTHEMATICRSrs":false},{"_id":"297239","area":"IND007004","below":[],"indicator":93,"ius":"Home deliveries to total reported deliveries:Percent:Total","rank":6,"src":6,"subgrp":1,"top":[],"tp":"2017-2018","trend":"up","value":"4.5","slugiddata":297239,"dKPIRSrs":true,"dNITIRSrs":false,"tps":"","dTHEMATICRSrs":true},{"_id":"297975","area":"IND007004","below":[],"indicator":2,"ius":"Births delivered by caesarean section:Percent:Total","rank":4,"src":6,"subgrp":1,"top":[],"tp":"2017-2018","trend":"dn","value":"32.1","slugiddata":297975,"dKPIRSrs":false,"dNITIRSrs":false,"tps":"","dTHEMATICRSrs":false},{"_id":"298711","area":"IND007004","below":[],"indicator":11,"ius":"Institutional delivery in public/government health facility:Percent:Total","rank":9,"src":6,"subgrp":1,"top":[],"tp":"2017-2018","trend":"up","value":"74.0","slugiddata":298711,"dKPIRSrs":false,"dNITIRSrs":false,"tps":"","dTHEMATICRSrs":false},{"_id":"300178","area":"IND007004","below":[],"indicator":96,"ius":"MTPs conducted at public institutions to total MTPs:Percent:Total","rank":11,"src":6,"subgrp":1,"top":[],"tp":"2017-2018","trend":"up","value":"8.2","slugiddata":300178,"dKPIRSrs":false,"dNITIRSrs":false,"tps":"","dTHEMATICRSrs":true},{"_id":"301583","area":"IND007004","below":[],"indicator":98,"ius":"Male sterilization (vasectomies) to total sterilization:Percent:Total","rank":3,"src":6,"subgrp":1,"top":[],"tp":"2017-2018","trend":"dn","value":"8.1","slugiddata":301583,"dKPIRSrs":false,"dNITIRSrs":false,"tps":"","dTHEMATICRSrs":true},{"_id":"302303","area":"IND007004","below":[],"indicator":99,"ius":"Post partum sterilizations to total female sterilizations:Percent:Total","rank":9,"src":6,"subgrp":1,"top":[],"tp":"2017-2018","trend":"dn","value":"52.4","slugiddata":302303,"dKPIRSrs":false,"dNITIRSrs":false,"tps":"","dTHEMATICRSrs":false},{"_id":"303768","area":"IND007004","below":[],"indicator":101,"ius":"IUCD insertions in public plus private institutions to all family planning methods ( IUCD plus permanent):Percent:Total","rank":3,"src":6,"subgrp":1,"top":[],"tp":"2017-2018","trend":"dn","value":"91.2","slugiddata":303768,"dKPIRSrs":false,"dNITIRSrs":false,"tps":"","dTHEMATICRSrs":true},{"_id":"304504","area":"IND007004","below":[],"indicator":102,"ius":"Newborns given BCG to reported live birth:Percent:Total","rank":5,"src":6,"subgrp":1,"top":[],"tp":"2017-2018","trend":"dn","value":"113.2","slugiddata":304504,"dKPIRSrs":false,"dNITIRSrs":false,"tps":"","dTHEMATICRSrs":true},{"_id":"305240","area":"IND007004","below":[],"indicator":103,"ius":"Infants 0 to 11 months old who received measles vaccine to reported live births:Percent:Total","rank":5,"src":6,"subgrp":1,"top":[],"tp":"2017-2018","trend":"up","value":"173.2","slugiddata":305240,"dKPIRSrs":false,"dNITIRSrs":false,"tps":"","dTHEMATICRSrs":true},{"_id":"308127","area":"IND007004","below":[],"indicator":119,"ius":"Cases of Pregnant women with obstetric complications and attended to reported deliveries:Percent:Total","rank":6,"src":6,"subgrp":1,"top":[],"tp":"2009-2010","trend":"na","value":"28.1","slugiddata":308127,"dKPIRSrs":false,"dNITIRSrs":false,"tps":"","dTHEMATICRSrs":false},{"_id":"308799","area":"IND007004","below":[],"indicator":119,"ius":"Cases of Pregnant women with obstetric complications and attended to reported deliveries:Percent:Total","rank":7,"src":6,"subgrp":1,"top":[],"tp":"2010-2011","trend":"dn","value":"25.2","slugiddata":308799,"dKPIRSrs":false,"dNITIRSrs":false,"tps":"","dTHEMATICRSrs":false},{"_id":"309478","area":"IND007004","below":[],"indicator":119,"ius":"Cases of Pregnant women with obstetric complications and attended to reported deliveries:Percent:Total","rank":1,"src":6,"subgrp":1,"top":[],"tp":"2011-2012","trend":"up","value":"54.2","slugiddata":309478,"dKPIRSrs":false,"dNITIRSrs":false,"tps":"","dTHEMATICRSrs":false},{"_id":"310170","area":"IND007004","below":[],"indicator":119,"ius":"Cases of Pregnant women with obstetric complications and attended to reported deliveries:Percent:Total","rank":6,"src":6,"subgrp":1,"top":[],"tp":"2012-2013","trend":"dn","value":"31.5","slugiddata":310170,"dKPIRSrs":false,"dNITIRSrs":false,"tps":"","dTHEMATICRSrs":false},{"_id":"310870","area":"IND007004","below":[],"indicator":119,"ius":"Cases of Pregnant women with obstetric complications and attended to reported deliveries:Percent:Total","rank":5,"src":6,"subgrp":1,"top":[],"tp":"2013-2014","trend":"up","value":"32.4","slugiddata":310870,"dKPIRSrs":false,"dNITIRSrs":false,"tps":"","dTHEMATICRSrs":false},{"_id":"311567","area":"IND007004","below":[],"indicator":119,"ius":"Cases of Pregnant women with obstetric complications and attended to reported deliveries:Percent:Total","rank":9,"src":6,"subgrp":1,"top":[],"tp":"2014-2015","trend":"dn","value":"23.4","slugiddata":311567,"dKPIRSrs":false,"dNITIRSrs":false,"tps":"","dTHEMATICRSrs":false},{"_id":"312278","area":"IND007004","below":[],"indicator":119,"ius":"Cases of Pregnant women with obstetric complications and attended to reported deliveries:Percent:Total","rank":3,"src":6,"subgrp":1,"top":[],"tp":"2015-2016","trend":"up","value":"42.1","slugiddata":312278,"dKPIRSrs":false,"dNITIRSrs":false,"tps":"","dTHEMATICRSrs":false},{"_id":"312991","area":"IND007004","below":[],"indicator":119,"ius":"Cases of Pregnant women with obstetric complications and attended to reported deliveries:Percent:Total","rank":4,"src":6,"subgrp":1,"top":[],"tp":"2016-2017","trend":"dn","value":"38.9","slugiddata":312991,"dKPIRSrs":false,"dNITIRSrs":false,"tps":"","dTHEMATICRSrs":false},{"_id":"313706","area":"IND007004","below":[],"indicator":119,"ius":"Cases of Pregnant women with obstetric complications and attended to reported deliveries:Percent:Total","rank":6,"src":6,"subgrp":1,"top":[],"tp":"2017-2018","trend":"dn","value":"17.9","slugiddata":313706,"dKPIRSrs":false,"dNITIRSrs":false,"tps":"","dTHEMATICRSrs":false},{"_id":"314442","area":"IND007004","below":[],"indicator":118,"ius":"Pregnant women given 180 IFA to total ANC registration:Percent:Total","rank":7,"src":6,"subgrp":1,"top":[],"tp":"2017-2018","trend":"na","value":"48.8","slugiddata":314442,"dKPIRSrs":false,"dNITIRSrs":false,"tps":"","dTHEMATICRSrs":false},{"_id":"315178","area":"IND007004","below":[],"indicator":88,"ius":"1st trimester registration to total ANC registrations:Percent:Total","rank":8,"src":6,"subgrp":1,"top":[],"tp":"Apr-Sep_2018","trend":"up","value":"31.2","slugiddata":315178,"dKPIRSrs":false,"dNITIRSrs":true,"tps":"","dTHEMATICRSrs":false},{"_id":"315917","area":"IND007004","below":[],"indicator":48,"ius":"Mothers who had at least 4 antenatal care visits:Percent:Total","rank":10,"src":6,"subgrp":1,"top":[],"tp":"Apr-Sep_2018","trend":"dn","value":"20.8","slugiddata":315917,"dKPIRSrs":false,"dNITIRSrs":true,"tps":"","dTHEMATICRSrs":false},{"_id":"316656","area":"IND007004","below":[],"indicator":89,"ius":"Pregnant women received TT2 or Booster to total ANC registration:Percent:Total","rank":7,"src":6,"subgrp":1,"top":[],"tp":"Apr-Sep_2018","trend":"up","value":"33.7","slugiddata":316656,"dKPIRSrs":false,"dNITIRSrs":false,"tps":"","dTHEMATICRSrs":true},{"_id":"317395","area":"IND007004","below":[],"indicator":118,"ius":"Pregnant women given 180 IFA to total ANC registration:Percent:Total","rank":5,"src":6,"subgrp":1,"top":[],"tp":"Apr-Sep_2018","trend":"up","value":"51.9","slugiddata":317395,"dKPIRSrs":false,"dNITIRSrs":false,"tps":"","dTHEMATICRSrs":false},{"_id":"318134","area":"IND007004","below":[],"indicator":108,"ius":"Percentage of PW having Hb level<11 (tested cases) (7.1 to 10.9) against total ANC registration:Percent:Total","rank":8,"src":6,"subgrp":1,"top":[],"tp":"Apr-Sep_2018","trend":"dn","value":"34.5","slugiddata":318134,"dKPIRSrs":false,"dNITIRSrs":true,"tps":"","dTHEMATICRSrs":false},{"_id":"319611","area":"IND007004","below":[],"indicator":113,"ius":"Percentage of PW having Hb level<7 (tested cases) against total ANC registration:Percent:Total","rank":2,"src":6,"subgrp":1,"top":[],"tp":"Apr-Sep_2018","trend":"dn","value":"0.8","slugiddata":319611,"dKPIRSrs":false,"dNITIRSrs":true,"tps":"","dTHEMATICRSrs":false},{"_id":"320350","area":"IND007004","below":[],"indicator":91,"ius":"New cases detected at institution for hypertension to total ANC registrations:Percent:Total","rank":9,"src":6,"subgrp":1,"top":[],"tp":"Apr-Sep_2018","trend":"dn","value":"3.0","slugiddata":320350,"dKPIRSrs":false,"dNITIRSrs":false,"tps":"","dTHEMATICRSrs":true},{"_id":"321088","area":"IND007004","below":[],"indicator":12,"ius":"Home delivery conducted by skilled health personnel:Percent:Total","rank":2,"src":6,"subgrp":1,"top":[],"tp":"Apr-Sep_2018","trend":"up","value":"10.2","slugiddata":321088,"dKPIRSrs":false,"dNITIRSrs":true,"tps":"","dTHEMATICRSrs":false},{"_id":"321809","area":"IND007004","below":[],"indicator":92,"ius":"Women discharged in less than 48 hours of delivery to total reported deliveries at public institutions:Percent:Total","rank":7,"src":6,"subgrp":1,"top":[],"tp":"Apr-Sep_2018","trend":"up","value":"57.6","slugiddata":321809,"dKPIRSrs":false,"dNITIRSrs":false,"tps":"","dTHEMATICRSrs":true},{"_id":"322548","area":"IND007004","below":[],"indicator":109,"ius":"Percentage of institutional deliveries out of total ANC registration:Percent:Total","rank":7,"src":6,"subgrp":1,"top":[],"tp":"Apr-Sep_2018","trend":"dn","value":"18.1","slugiddata":322548,"dKPIRSrs":false,"dNITIRSrs":true,"tps":"","dTHEMATICRSrs":false},{"_id":"323287","area":"IND007004","below":[],"indicator":14,"ius":"Institutional delivery:Percent:Total","rank":6,"src":6,"subgrp":1,"top":[],"tp":"Apr-Sep_2018","trend":"dn","value":"94.8","slugiddata":323287,"dKPIRSrs":false,"dNITIRSrs":false,"tps":"","dTHEMATICRSrs":false},{"_id":"324765","area":"IND007004","below":[],"indicator":93,"ius":"Home deliveries to total reported deliveries:Percent:Total","rank":6,"src":6,"subgrp":1,"top":[],"tp":"Apr-Sep_2018","trend":"dn","value":"5.2","slugiddata":324765,"dKPIRSrs":true,"dNITIRSrs":false,"tps":"","dTHEMATICRSrs":true},{"_id":"325504","area":"IND007004","below":[],"indicator":2,"ius":"Births delivered by caesarean section:Percent:Total","rank":5,"src":6,"subgrp":1,"top":[],"tp":"Apr-Sep_2018","trend":"up","value":"33.0","slugiddata":325504,"dKPIRSrs":false,"dNITIRSrs":false,"tps":"","dTHEMATICRSrs":false},{"_id":"326243","area":"IND007004","below":[],"indicator":11,"ius":"Institutional delivery in public/government health facility:Percent:Total","rank":8,"src":6,"subgrp":1,"top":[],"tp":"Apr-Sep_2018","trend":"dn","value":"71.6","slugiddata":326243,"dKPIRSrs":false,"dNITIRSrs":false,"tps":"","dTHEMATICRSrs":false},{"_id":"327721","area":"IND007004","below":[],"indicator":110,"ius":"Proportion of live babies weighed at birth:Percent:Total","rank":11,"src":6,"subgrp":1,"top":[],"tp":"Apr-Sep_2018","trend":"dn","value":"91.4","slugiddata":327721,"dKPIRSrs":false,"dNITIRSrs":true,"tps":"","dTHEMATICRSrs":false},{"_id":"328460","area":"IND007004","below":[],"indicator":112,"ius":"Newborns having weight less than 2.5 kg to newborns weighed at birth:Percent:Total","rank":7,"src":6,"subgrp":1,"top":[],"tp":"Apr-Sep_2018","trend":"dn","value":"21.4","slugiddata":328460,"dKPIRSrs":true,"dNITIRSrs":true,"tps":"","dTHEMATICRSrs":false},{"_id":"329199","area":"IND007004","below":[],"indicator":111,"ius":"Newborns breastfed within 1 hour of birth to total live birth:Percent:Total","rank":6,"src":6,"subgrp":1,"top":[],"tp":"Apr-Sep_2018","trend":"up","value":"69.2","slugiddata":329199,"dKPIRSrs":false,"dNITIRSrs":true,"tps":"","dTHEMATICRSrs":false},{"_id":"330677","area":"IND007004","below":[],"indicator":119,"ius":"Cases of Pregnant women with obstetric complications and attended to reported deliveries:Percent:Total","rank":5,"src":6,"subgrp":1,"top":[],"tp":"Apr-Sep_2018","trend":"up","value":"20.8","slugiddata":330677,"dKPIRSrs":false,"dNITIRSrs":false,"tps":"","dTHEMATICRSrs":false},{"_id":"331406","area":"IND007004","below":[],"indicator":96,"ius":"MTPs conducted at public institutions to total MTPs:Percent:Total","rank":11,"src":6,"subgrp":1,"top":[],"tp":"Apr-Sep_2018","trend":"dn","value":"6.3","slugiddata":331406,"dKPIRSrs":false,"dNITIRSrs":false,"tps":"","dTHEMATICRSrs":true},{"_id":"332786","area":"IND007004","below":[],"indicator":98,"ius":"Male sterilization (vasectomies) to total sterilization:Percent:Total","rank":2,"src":6,"subgrp":1,"top":[],"tp":"Apr-Sep_2018","trend":"dn","value":"5.7","slugiddata":332786,"dKPIRSrs":false,"dNITIRSrs":false,"tps":"","dTHEMATICRSrs":true},{"_id":"333497","area":"IND007004","below":[],"indicator":99,"ius":"Post partum sterilizations to total female sterilizations:Percent:Total","rank":11,"src":6,"subgrp":1,"top":[],"tp":"Apr-Sep_2018","trend":"dn","value":"76.8","slugiddata":333497,"dKPIRSrs":false,"dNITIRSrs":false,"tps":"","dTHEMATICRSrs":false},{"_id":"334958","area":"IND007004","below":[],"indicator":101,"ius":"IUCD insertions in public plus private institutions to all family planning methods ( IUCD plus permanent):Percent:Total","rank":3,"src":6,"subgrp":1,"top":[],"tp":"Apr-Sep_2018","trend":"up","value":"92.1","slugiddata":334958,"dKPIRSrs":false,"dNITIRSrs":false,"tps":"","dTHEMATICRSrs":true},{"_id":"335697","area":"IND007004","below":[],"indicator":102,"ius":"Newborns given BCG to reported live birth:Percent:Total","rank":5,"src":6,"subgrp":1,"top":[],"tp":"Apr-Sep_2018","trend":"dn","value":"112.8","slugiddata":335697,"dKPIRSrs":false,"dNITIRSrs":false,"tps":"","dTHEMATICRSrs":true},{"_id":"336436","area":"IND007004","below":[],"indicator":103,"ius":"Infants 0 to 11 months old who received measles vaccine to reported live births:Percent:Total","rank":4,"src":6,"subgrp":1,"top":[],"tp":"Apr-Sep_2018","trend":"up","value":"218.6","slugiddata":336436,"dKPIRSrs":false,"dNITIRSrs":false,"tps":"","dTHEMATICRSrs":true},{"_id":"386536","area":"IND007004","below":[],"indicator":10,"ius":"Current Usage FP - Female sterilization:Percent:Total","rank":9,"src":1,"subgrp":1,"top":[],"tp":"2015-2016","trend":"na","value":"10.8","slugiddata":386536,"dKPIRSrs":false,"dNITIRSrs":false,"tps":"","dTHEMATICRSrs":true},{"_id":"387159","area":"IND007004","below":[],"indicator":53,"ius":"Unmet Need for FP - Unmet need for spacing:Percent:Total","rank":1,"src":1,"subgrp":1,"top":[],"tp":"2015-2016","trend":"na","value":"3.5","slugiddata":387159,"dKPIRSrs":false,"dNITIRSrs":false,"tps":"","dTHEMATICRSrs":true},{"_id":"387782","area":"IND007004","below":[],"indicator":48,"ius":"Mothers who had at least 4 antenatal care visits:Percent:Total","rank":8,"src":1,"subgrp":1,"top":[],"tp":"2015-2016","trend":"na","value":"61.0","slugiddata":387782,"dKPIRSrs":false,"dNITIRSrs":false,"tps":"","dTHEMATICRSrs":true},{"_id":"388405","area":"IND007004","below":[],"indicator":33,"ius":"Mothers who received post-natal check-up within 48 hrs. of delivery:Percent:Total","rank":6,"src":1,"subgrp":1,"top":[],"tp":"2015-2016","trend":"na","value":"58.4","slugiddata":388405,"dKPIRSrs":false,"dNITIRSrs":false,"tps":"","dTHEMATICRSrs":false},{"_id":"389651","area":"IND007004","below":[],"indicator":12,"ius":"Home delivery conducted by skilled health personnel:Percent:Total","rank":8,"src":1,"subgrp":1,"top":[],"tp":"2015-2016","trend":"na","value":"2.3","slugiddata":389651,"dKPIRSrs":false,"dNITIRSrs":false,"tps":"","dTHEMATICRSrs":false},{"_id":"390897","area":"IND007004","below":[],"indicator":2,"ius":"Births delivered by caesarean section:Percent:Total","rank":1,"src":1,"subgrp":1,"top":[],"tp":"2015-2016","trend":"na","value":"29.9","slugiddata":390897,"dKPIRSrs":false,"dNITIRSrs":false,"tps":"","dTHEMATICRSrs":true},{"_id":"393598","area":"IND007004","below":[],"indicator":58,"ius":"Children who are severely wasted (weight-for-height)/severe acute malnourished (SAM):Percent:Total","rank":7,"src":1,"subgrp":1,"top":[],"tp":"2015-2016","trend":"na","value":"9.7","slugiddata":393598,"dKPIRSrs":false,"dNITIRSrs":true,"tps":"","dTHEMATICRSrs":true},{"_id":"394221","area":"IND007004","below":[],"indicator":56,"ius":"Children who are underweight (weight-for-age):Percent:Total","rank":1,"src":1,"subgrp":1,"top":[],"tp":"2015-2016","trend":"na","value":"20.6","slugiddata":394221,"dKPIRSrs":false,"dNITIRSrs":true,"tps":"","dTHEMATICRSrs":true},{"_id":"394844","area":"IND007004","below":[],"indicator":28,"ius":"Children aged (6-59 months) who are anaemic (<11.0 g/dl):Percent:Total","rank":2,"src":1,"subgrp":1,"top":[],"tp":"2015-2016","trend":"na","value":"48.7","slugiddata":394844,"dKPIRSrs":false,"dNITIRSrs":false,"tps":"","dTHEMATICRSrs":true},{"_id":"396285","area":"IND007004","below":[],"indicator":1,"ius":"Current Usage FP - Any modern method:Percent:Total","rank":9,"src":1,"subgrp":1,"top":[],"tp":"2015-2016","trend":"na","value":"34.6","slugiddata":396285,"dKPIRSrs":true,"dNITIRSrs":false,"tps":"","dTHEMATICRSrs":true},{"_id":"396908","area":"IND007004","below":[],"indicator":9,"ius":"Current Usage FP - Copper-T/IUD/PPIUD:Percent:Total","rank":6,"src":1,"subgrp":1,"top":[],"tp":"2015-2016","trend":"na","value":"3.8","slugiddata":396908,"dKPIRSrs":true,"dNITIRSrs":false,"tps":"","dTHEMATICRSrs":true},{"_id":"397531","area":"IND007004","below":[],"indicator":51,"ius":"Unmet Need for FP - Total unmet need:Percent:Total","rank":7,"src":1,"subgrp":1,"top":[],"tp":"2015-2016","trend":"na","value":"18.1","slugiddata":397531,"dKPIRSrs":true,"dNITIRSrs":false,"tps":"","dTHEMATICRSrs":true},{"_id":"398154","area":"IND007004","below":[],"indicator":44,"ius":"Mothers who had antenatal check-up in the first trimester:Percent:Total","rank":8,"src":1,"subgrp":1,"top":[],"tp":"2015-2016","trend":"na","value":"56.2","slugiddata":398154,"dKPIRSrs":true,"dNITIRSrs":false,"tps":"","dTHEMATICRSrs":true},{"_id":"398777","area":"IND007004","below":[],"indicator":45,"ius":"Mothers who had full antenatal care:Percent:Total","rank":8,"src":1,"subgrp":1,"top":[],"tp":"2015-2016","trend":"na","value":"28.9","slugiddata":398777,"dKPIRSrs":true,"dNITIRSrs":false,"tps":"","dTHEMATICRSrs":false},{"_id":"399400","area":"IND007004","below":[],"indicator":59,"ius":"Children who received a health check after birth from a doctor/nurse/LHV/ANM/midwife/other health personnel within 2 days of birth:Percent:Total","rank":8,"src":1,"subgrp":1,"top":[],"tp":"2015-2016","trend":"na","value":"8.8","slugiddata":399400,"dKPIRSrs":true,"dNITIRSrs":false,"tps":"","dTHEMATICRSrs":true},{"_id":"400023","area":"IND007004","below":[],"indicator":14,"ius":"Institutional delivery:Percent:Total","rank":5,"src":1,"subgrp":1,"top":[],"tp":"2015-2016","trend":"na","value":"85.2","slugiddata":400023,"dKPIRSrs":true,"dNITIRSrs":false,"tps":"","dTHEMATICRSrs":true},{"_id":"400646","area":"IND007004","below":[],"indicator":11,"ius":"Institutional delivery in public/government health facility:Percent:Total","rank":5,"src":1,"subgrp":1,"top":[],"tp":"2015-2016","trend":"na","value":"57.3","slugiddata":400646,"dKPIRSrs":true,"dNITIRSrs":false,"tps":"","dTHEMATICRSrs":true},{"_id":"401268","area":"IND007004","below":[],"indicator":5,"ius":"Children fully immunized:Percent:Total","rank":4,"src":1,"subgrp":1,"top":[],"tp":"2015-2016","trend":"na","value":"64.0","slugiddata":401268,"dKPIRSrs":true,"dNITIRSrs":true,"tps":"","dTHEMATICRSrs":true},{"_id":"402687","area":"IND007004","below":[],"indicator":6,"ius":"Children breastfed within one hour of birth:Percent:Total","rank":3,"src":1,"subgrp":1,"top":[],"tp":"2015-2016","trend":"na","value":"30.2","slugiddata":402687,"dKPIRSrs":true,"dNITIRSrs":false,"tps":"","dTHEMATICRSrs":true},{"_id":"404949","area":"IND007004","below":[],"indicator":57,"ius":"Children who are wasted (weight-for-height)/moderate acute malnourished (MAM):Percent:Total","rank":9,"src":1,"subgrp":1,"top":[],"tp":"2015-2016","trend":"na","value":"23.7","slugiddata":404949,"dKPIRSrs":false,"dNITIRSrs":true,"tps":"","dTHEMATICRSrs":false},{"_id":"406331","area":"IND007004","below":[],"indicator":116,"ius":"Children who are stunted (height-for-age):Percent:Total","rank":1,"src":1,"subgrp":1,"top":[],"tp":"2015-2016","trend":"na","value":"22.5","slugiddata":406331,"dKPIRSrs":false,"dNITIRSrs":true,"tps":"","dTHEMATICRSrs":false},{"_id":"406990","area":"IND007004","below":[],"indicator":114,"ius":"Breastfeeding children receiving adequate diet (6-23 months):Percent:Total","rank":2,"src":1,"subgrp":1,"top":[],"tp":"2015-2016","trend":"na","value":"0.9","slugiddata":406990,"dKPIRSrs":false,"dNITIRSrs":true,"tps":"","dTHEMATICRSrs":false},{"_id":"49519","area":"IND007004","below":[],"indicator":12,"ius":"Home delivery conducted by skilled health personnel:Percent:Total","rank":1,"src":2,"subgrp":1,"top":[],"tp":"2002-2004","trend":"na","value":"28.3","slugiddata":49519,"dKPIRSrs":false,"dNITIRSrs":false,"tps":"","dTHEMATICRSrs":false},{"_id":"49528","area":"IND007004","below":[],"indicator":14,"ius":"Institutional delivery:Percent:Total","rank":3,"src":2,"subgrp":1,"top":[],"tp":"2002-2004","trend":"na","value":"69.4","slugiddata":49528,"dKPIRSrs":false,"dNITIRSrs":false,"tps":"","dTHEMATICRSrs":false},{"_id":"49546","area":"IND007004","below":[],"indicator":44,"ius":"Mothers who had antenatal check-up in the first trimester:Percent:Total","rank":1,"src":2,"subgrp":1,"top":[],"tp":"2002-2004","trend":"na","value":"54.1","slugiddata":49546,"dKPIRSrs":false,"dNITIRSrs":false,"tps":"","dTHEMATICRSrs":false},{"_id":"49555","area":"IND007004","below":[],"indicator":45,"ius":"Mothers who had full antenatal care:Percent:Total","rank":1,"src":2,"subgrp":1,"top":[],"tp":"2002-2004","trend":"na","value":"43.5","slugiddata":49555,"dKPIRSrs":false,"dNITIRSrs":false,"tps":"","dTHEMATICRSrs":false},{"_id":"49564","area":"IND007004","below":[],"indicator":36,"ius":"Percentage of pregnancy resulted in live birth:Percent:Total","rank":8,"src":2,"subgrp":1,"top":[],"tp":"2002-2004","trend":"na","value":"82.8","slugiddata":49564,"dKPIRSrs":false,"dNITIRSrs":false,"tps":"","dTHEMATICRSrs":true},{"_id":"49582","area":"IND007004","below":[],"indicator":52,"ius":"Unmet Need for FP - Unmet need for limiting:Percent:Total","rank":8,"src":2,"subgrp":1,"top":[],"tp":"2002-2004","trend":"na","value":"13.6","slugiddata":49582,"dKPIRSrs":false,"dNITIRSrs":false,"tps":"","dTHEMATICRSrs":false},{"_id":"49591","area":"IND007004","below":[],"indicator":53,"ius":"Unmet Need for FP - Unmet need for spacing:Percent:Total","rank":4,"src":2,"subgrp":1,"top":[],"tp":"2002-2004","trend":"na","value":"4.2","slugiddata":49591,"dKPIRSrs":false,"dNITIRSrs":false,"tps":"","dTHEMATICRSrs":false},{"_id":"51402","area":"IND007004","below":[],"indicator":51,"ius":"Unmet Need for FP - Total unmet need:Percent:Total","rank":5,"src":2,"subgrp":1,"top":[],"tp":"2002-2004","trend":"na","value":"17.8","slugiddata":51402,"dKPIRSrs":false,"dNITIRSrs":false,"tps":"","dTHEMATICRSrs":false},{"_id":"55833","area":"IND007004","below":[],"indicator":79,"ius":"Children aged (6-35 months) exclusively breastfed for at least 6 months:Percent:Total","rank":7,"src":2,"subgrp":1,"top":[],"tp":"2002-2004","trend":"na","value":"9.9","slugiddata":55833,"dKPIRSrs":false,"dNITIRSrs":false,"tps":"","dTHEMATICRSrs":false},{"_id":"55842","area":"IND007004","below":[],"indicator":5,"ius":"Children fully immunized:Percent:Total","rank":3,"src":2,"subgrp":1,"top":[],"tp":"2002-2004","trend":"na","value":"66.7","slugiddata":55842,"dKPIRSrs":false,"dNITIRSrs":false,"tps":"","dTHEMATICRSrs":false},{"_id":"55860","area":"IND007004","below":[],"indicator":1,"ius":"Current Usage FP - Any modern method:Percent:Total","rank":4,"src":2,"subgrp":1,"top":[],"tp":"2002-2004","trend":"na","value":"56.1","slugiddata":55860,"dKPIRSrs":false,"dNITIRSrs":false,"tps":"","dTHEMATICRSrs":false},{"_id":"55869","area":"IND007004","below":[],"indicator":9,"ius":"Current Usage FP - Copper-T/IUD/PPIUD:Percent:Total","rank":1,"src":2,"subgrp":1,"top":[],"tp":"2002-2004","trend":"na","value":"7.8","slugiddata":55869,"dKPIRSrs":false,"dNITIRSrs":false,"tps":"","dTHEMATICRSrs":false},{"_id":"55878","area":"IND007004","below":[],"indicator":10,"ius":"Current Usage FP - Female sterilization:Percent:Total","rank":9,"src":2,"subgrp":1,"top":[],"tp":"2002-2004","trend":"na","value":"19.9","slugiddata":55878,"dKPIRSrs":false,"dNITIRSrs":false,"tps":"","dTHEMATICRSrs":false},{"_id":"55887","area":"IND007004","below":[],"indicator":81,"ius":"Currently married women married below 18 years:Percent:Total","rank":1,"src":2,"subgrp":1,"top":[],"tp":"2002-2004","trend":"na","value":"2.2","slugiddata":55887,"dKPIRSrs":false,"dNITIRSrs":false,"tps":"","dTHEMATICRSrs":true},{"_id":"57559","area":"IND007004","below":[],"indicator":46,"ius":"Mothers who received 3 or more antenatal care:Percent:Total","rank":2,"src":2,"subgrp":1,"top":[],"tp":"2002-2004","trend":"na","value":"81.6","slugiddata":57559,"dKPIRSrs":false,"dNITIRSrs":false,"tps":"","dTHEMATICRSrs":false},{"_id":"59525","area":"IND007004","below":[],"indicator":46,"ius":"Mothers who received 3 or more antenatal care:Percent:Total","rank":4,"src":2,"subgrp":1,"top":[],"tp":"2007-2008","trend":"dn","value":"73.2","slugiddata":59525,"dKPIRSrs":false,"dNITIRSrs":false,"tps":"","dTHEMATICRSrs":false},{"_id":"60442","area":"IND007004","below":[],"indicator":36,"ius":"Percentage of pregnancy resulted in live birth:Percent:Total","rank":8,"src":2,"subgrp":1,"top":[],"tp":"2007-2008","trend":"dn","value":"82.4","slugiddata":60442,"dKPIRSrs":false,"dNITIRSrs":false,"tps":"","dTHEMATICRSrs":true},{"_id":"61877","area":"IND007004","below":[],"indicator":12,"ius":"Home delivery conducted by skilled health personnel:Percent:Total","rank":6,"src":2,"subgrp":1,"top":[],"tp":"2007-2008","trend":"dn","value":"2.1","slugiddata":61877,"dKPIRSrs":false,"dNITIRSrs":false,"tps":"","dTHEMATICRSrs":false},{"_id":"61895","area":"IND007004","below":[],"indicator":10,"ius":"Current Usage FP - Female sterilization:Percent:Total","rank":7,"src":2,"subgrp":1,"top":[],"tp":"2007-2008","trend":"up","value":"21.5","slugiddata":61895,"dKPIRSrs":false,"dNITIRSrs":false,"tps":"","dTHEMATICRSrs":false},{"_id":"64084","area":"IND007004","below":[],"indicator":51,"ius":"Unmet Need for FP - Total unmet need:Percent:Total","rank":9,"src":2,"subgrp":1,"top":[],"tp":"2007-2008","trend":"up","value":"16.4","slugiddata":64084,"dKPIRSrs":false,"dNITIRSrs":false,"tps":"","dTHEMATICRSrs":false},{"_id":"65544","area":"IND007004","below":[],"indicator":52,"ius":"Unmet Need for FP - Unmet need for limiting:Percent:Total","rank":7,"src":2,"subgrp":1,"top":[],"tp":"2007-2008","trend":"up","value":"11.9","slugiddata":65544,"dKPIRSrs":false,"dNITIRSrs":false,"tps":"","dTHEMATICRSrs":false},{"_id":"65553","area":"IND007004","below":[],"indicator":53,"ius":"Unmet Need for FP - Unmet need for spacing:Percent:Total","rank":8,"src":2,"subgrp":1,"top":[],"tp":"2007-2008","trend":"dn","value":"4.5","slugiddata":65553,"dKPIRSrs":false,"dNITIRSrs":false,"tps":"","dTHEMATICRSrs":false},{"_id":"66721","area":"IND007004","below":[],"indicator":6,"ius":"Children breastfed within one hour of birth:Percent:Total","rank":7,"src":2,"subgrp":1,"top":[],"tp":"2007-2008","trend":"na","value":"26.9","slugiddata":66721,"dKPIRSrs":false,"dNITIRSrs":false,"tps":"","dTHEMATICRSrs":false},{"_id":"67344","area":"IND007004","below":[],"indicator":5,"ius":"Children fully immunized:Percent:Total","rank":4,"src":2,"subgrp":1,"top":[],"tp":"2007-2008","trend":"up","value":"73.8","slugiddata":67344,"dKPIRSrs":false,"dNITIRSrs":false,"tps":"","dTHEMATICRSrs":false},{"_id":"67967","area":"IND007004","below":[],"indicator":7,"ius":"Children with acute respiratory infection or fever in last 2 weeks and sought advice/treatment/taken to a health facility:Percent:Total","rank":5,"src":2,"subgrp":1,"top":[],"tp":"2007-2008","trend":"na","value":"89.2","slugiddata":67967,"dKPIRSrs":false,"dNITIRSrs":false,"tps":"","dTHEMATICRSrs":false},{"_id":"68625","area":"IND007004","below":[],"indicator":19,"ius":"Children with diarrhoea in last 2 weeks and sought advice/treatment/taken to a health facility:Percent:Total","rank":4,"src":2,"subgrp":1,"top":[],"tp":"2007-2008","trend":"na","value":"80.0","slugiddata":68625,"dKPIRSrs":false,"dNITIRSrs":false,"tps":"","dTHEMATICRSrs":false},{"_id":"69248","area":"IND007004","below":[],"indicator":1,"ius":"Current Usage FP - Any modern method:Percent:Total","rank":4,"src":2,"subgrp":1,"top":[],"tp":"2007-2008","trend":"dn","value":"54.2","slugiddata":69248,"dKPIRSrs":false,"dNITIRSrs":false,"tps":"","dTHEMATICRSrs":false},{"_id":"69871","area":"IND007004","below":[],"indicator":9,"ius":"Current Usage FP - Copper-T/IUD/PPIUD:Percent:Total","rank":2,"src":2,"subgrp":1,"top":[],"tp":"2007-2008","trend":"dn","value":"5.2","slugiddata":69871,"dKPIRSrs":false,"dNITIRSrs":false,"tps":"","dTHEMATICRSrs":false},{"_id":"70494","area":"IND007004","below":[],"indicator":81,"ius":"Currently married women married below 18 years:Percent:Total","rank":5,"src":2,"subgrp":1,"top":[],"tp":"2007-2008","trend":"dn","value":"6.8","slugiddata":70494,"dKPIRSrs":false,"dNITIRSrs":false,"tps":"","dTHEMATICRSrs":true},{"_id":"71150","area":"IND007004","below":[],"indicator":14,"ius":"Institutional delivery:Percent:Total","rank":2,"src":2,"subgrp":1,"top":[],"tp":"2007-2008","trend":"up","value":"74.5","slugiddata":71150,"dKPIRSrs":false,"dNITIRSrs":false,"tps":"","dTHEMATICRSrs":false},{"_id":"71773","area":"IND007004","below":[],"indicator":44,"ius":"Mothers who had antenatal check-up in the first trimester:Percent:Total","rank":5,"src":2,"subgrp":1,"top":[],"tp":"2007-2008","trend":"up","value":"55.9","slugiddata":71773,"dKPIRSrs":false,"dNITIRSrs":false,"tps":"","dTHEMATICRSrs":false},{"_id":"72396","area":"IND007004","below":[],"indicator":45,"ius":"Mothers who had full antenatal care:Percent:Total","rank":8,"src":2,"subgrp":1,"top":[],"tp":"2007-2008","trend":"dn","value":"25.8","slugiddata":72396,"dKPIRSrs":false,"dNITIRSrs":false,"tps":"","dTHEMATICRSrs":false},{"_id":"74227","area":"IND007004","below":[],"indicator":93,"ius":"Home deliveries to total reported deliveries:Percent:Total","rank":3,"src":2,"subgrp":1,"top":[],"tp":"2007-2008","trend":"na","value":"24.9","slugiddata":74227,"dKPIRSrs":false,"dNITIRSrs":false,"tps":"","dTHEMATICRSrs":false},{"_id":"79694","area":"IND007004","below":[],"indicator":88,"ius":"1st trimester registration to total ANC registrations:Percent:Total","rank":4,"src":6,"subgrp":1,"top":[],"tp":"2009-2010","trend":"na","value":"28.9","slugiddata":79694,"dKPIRSrs":false,"dNITIRSrs":true,"tps":"","dTHEMATICRSrs":false},{"_id":"80366","area":"IND007004","below":[],"indicator":88,"ius":"1st trimester registration to total ANC registrations:Percent:Total","rank":2,"src":6,"subgrp":1,"top":[],"tp":"2010-2011","trend":"up","value":"30.0","slugiddata":80366,"dKPIRSrs":false,"dNITIRSrs":true,"tps":"","dTHEMATICRSrs":false},{"_id":"81044","area":"IND007004","below":[],"indicator":88,"ius":"1st trimester registration to total ANC registrations:Percent:Total","rank":5,"src":6,"subgrp":1,"top":[],"tp":"2011-2012","trend":"up","value":"31.5","slugiddata":81044,"dKPIRSrs":false,"dNITIRSrs":true,"tps":"","dTHEMATICRSrs":false},{"_id":"81736","area":"IND007004","below":[],"indicator":88,"ius":"1st trimester registration to total ANC registrations:Percent:Total","rank":3,"src":6,"subgrp":1,"top":[],"tp":"2012-2013","trend":"up","value":"36.6","slugiddata":81736,"dKPIRSrs":false,"dNITIRSrs":true,"tps":"","dTHEMATICRSrs":false},{"_id":"82436","area":"IND007004","below":[],"indicator":88,"ius":"1st trimester registration to total ANC registrations:Percent:Total","rank":7,"src":6,"subgrp":1,"top":[],"tp":"2013-2014","trend":"dn","value":"32.4","slugiddata":82436,"dKPIRSrs":false,"dNITIRSrs":true,"tps":"","dTHEMATICRSrs":false},{"_id":"83133","area":"IND007004","below":[],"indicator":88,"ius":"1st trimester registration to total ANC registrations:Percent:Total","rank":8,"src":6,"subgrp":1,"top":[],"tp":"2014-2015","trend":"dn","value":"29.3","slugiddata":83133,"dKPIRSrs":false,"dNITIRSrs":true,"tps":"","dTHEMATICRSrs":false},{"_id":"83844","area":"IND007004","below":[],"indicator":88,"ius":"1st trimester registration to total ANC registrations:Percent:Total","rank":9,"src":6,"subgrp":1,"top":[],"tp":"2015-2016","trend":"dn","value":"28.8","slugiddata":83844,"dKPIRSrs":false,"dNITIRSrs":true,"tps":"","dTHEMATICRSrs":false},{"_id":"84557","area":"IND007004","below":[],"indicator":88,"ius":"1st trimester registration to total ANC registrations:Percent:Total","rank":8,"src":6,"subgrp":1,"top":[],"tp":"2016-2017","trend":"dn","value":"28.3","slugiddata":84557,"dKPIRSrs":false,"dNITIRSrs":true,"tps":"","dTHEMATICRSrs":false},{"_id":"85919","area":"IND007004","below":[],"indicator":46,"ius":"Mothers who received 3 or more antenatal care:Percent:Total","rank":3,"src":6,"subgrp":1,"top":[],"tp":"2009-2010","trend":"na","value":"56.7","slugiddata":85919,"dKPIRSrs":false,"dNITIRSrs":false,"tps":"","dTHEMATICRSrs":false},{"_id":"86591","area":"IND007004","below":[],"indicator":46,"ius":"Mothers who received 3 or more antenatal care:Percent:Total","rank":4,"src":6,"subgrp":1,"top":[],"tp":"2010-2011","trend":"dn","value":"44.2","slugiddata":86591,"dKPIRSrs":false,"dNITIRSrs":false,"tps":"","dTHEMATICRSrs":false},{"_id":"87269","area":"IND007004","below":[],"indicator":46,"ius":"Mothers who received 3 or more antenatal care:Percent:Total","rank":11,"src":6,"subgrp":1,"top":[],"tp":"2011-2012","trend":"dn","value":"34.6","slugiddata":87269,"dKPIRSrs":false,"dNITIRSrs":false,"tps":"","dTHEMATICRSrs":false},{"_id":"87961","area":"IND007004","below":[],"indicator":46,"ius":"Mothers who received 3 or more antenatal care:Percent:Total","rank":11,"src":6,"subgrp":1,"top":[],"tp":"2012-2013","trend":"up","value":"43.6","slugiddata":87961,"dKPIRSrs":false,"dNITIRSrs":false,"tps":"","dTHEMATICRSrs":false},{"_id":"88661","area":"IND007004","below":[],"indicator":46,"ius":"Mothers who received 3 or more antenatal care:Percent:Total","rank":11,"src":6,"subgrp":1,"top":[],"tp":"2013-2014","trend":"dn","value":"36.2","slugiddata":88661,"dKPIRSrs":false,"dNITIRSrs":false,"tps":"","dTHEMATICRSrs":false},{"_id":"89358","area":"IND007004","below":[],"indicator":46,"ius":"Mothers who received 3 or more antenatal care:Percent:Total","rank":10,"src":6,"subgrp":1,"top":[],"tp":"2014-2015","trend":"up","value":"45.5","slugiddata":89358,"dKPIRSrs":false,"dNITIRSrs":false,"tps":"","dTHEMATICRSrs":false},{"_id":"90069","area":"IND007004","below":[],"indicator":46,"ius":"Mothers who received 3 or more antenatal care:Percent:Total","rank":10,"src":6,"subgrp":1,"top":[],"tp":"2015-2016","trend":"dn","value":"44.2","slugiddata":90069,"dKPIRSrs":false,"dNITIRSrs":false,"tps":"","dTHEMATICRSrs":false},{"_id":"90782","area":"IND007004","below":[],"indicator":46,"ius":"Mothers who received 3 or more antenatal care:Percent:Total","rank":10,"src":6,"subgrp":1,"top":[],"tp":"2016-2017","trend":"up","value":"47.5","slugiddata":90782,"dKPIRSrs":false,"dNITIRSrs":false,"tps":"","dTHEMATICRSrs":false},{"_id":"92144","area":"IND007004","below":[],"indicator":89,"ius":"Pregnant women received TT2 or Booster to total ANC registration:Percent:Total","rank":4,"src":6,"subgrp":1,"top":[],"tp":"2009-2010","trend":"na","value":"27.0","slugiddata":92144,"dKPIRSrs":false,"dNITIRSrs":false,"tps":"","dTHEMATICRSrs":true},{"_id":"92816","area":"IND007004","below":[],"indicator":89,"ius":"Pregnant women received TT2 or Booster to total ANC registration:Percent:Total","rank":5,"src":6,"subgrp":1,"top":[],"tp":"2010-2011","trend":"dn","value":"25.9","slugiddata":92816,"dKPIRSrs":false,"dNITIRSrs":false,"tps":"","dTHEMATICRSrs":true},{"_id":"93494","area":"IND007004","below":[],"indicator":89,"ius":"Pregnant women received TT2 or Booster to total ANC registration:Percent:Total","rank":5,"src":6,"subgrp":1,"top":[],"tp":"2011-2012","trend":"up","value":"26.9","slugiddata":93494,"dKPIRSrs":false,"dNITIRSrs":false,"tps":"","dTHEMATICRSrs":true},{"_id":"94186","area":"IND007004","below":[],"indicator":89,"ius":"Pregnant women received TT2 or Booster to total ANC registration:Percent:Total","rank":4,"src":6,"subgrp":1,"top":[],"tp":"2012-2013","trend":"up","value":"30.7","slugiddata":94186,"dKPIRSrs":false,"dNITIRSrs":false,"tps":"","dTHEMATICRSrs":true},{"_id":"94886","area":"IND007004","below":[],"indicator":89,"ius":"Pregnant women received TT2 or Booster to total ANC registration:Percent:Total","rank":4,"src":6,"subgrp":1,"top":[],"tp":"2013-2014","trend":"dn","value":"29.7","slugiddata":94886,"dKPIRSrs":false,"dNITIRSrs":false,"tps":"","dTHEMATICRSrs":true},{"_id":"95583","area":"IND007004","below":[],"indicator":89,"ius":"Pregnant women received TT2 or Booster to total ANC registration:Percent:Total","rank":5,"src":6,"subgrp":1,"top":[],"tp":"2014-2015","trend":"up","value":"30.1","slugiddata":95583,"dKPIRSrs":false,"dNITIRSrs":false,"tps":"","dTHEMATICRSrs":true},{"_id":"96294","area":"IND007004","below":[],"indicator":89,"ius":"Pregnant women received TT2 or Booster to total ANC registration:Percent:Total","rank":6,"src":6,"subgrp":1,"top":[],"tp":"2015-2016","trend":"dn","value":"29.3","slugiddata":96294,"dKPIRSrs":false,"dNITIRSrs":false,"tps":"","dTHEMATICRSrs":true},{"_id":"97007","area":"IND007004","below":[],"indicator":89,"ius":"Pregnant women received TT2 or Booster to total ANC registration:Percent:Total","rank":6,"src":6,"subgrp":1,"top":[],"tp":"2016-2017","trend":"up","value":"30.3","slugiddata":97007,"dKPIRSrs":false,"dNITIRSrs":false,"tps":"","dTHEMATICRSrs":true}]