[{"_id":"108792","area":"IND036030","below":[],"indicator":91,"ius":"New cases detected at institution for hypertension to total ANC registrations:Percent:Total","rank":7,"src":6,"subgrp":1,"top":[],"tp":"2015-2016","trend":"na","value":"2.7","slugiddata":108792,"dKPIRSrs":false,"dNITIRSrs":false,"tps":"","dTHEMATICRSrs":true},{"_id":"109505","area":"IND036030","below":[],"indicator":91,"ius":"New cases detected at institution for hypertension to total ANC registrations:Percent:Total","rank":9,"src":6,"subgrp":1,"top":[],"tp":"2016-2017","trend":"dn","value":"2.9","slugiddata":109505,"dKPIRSrs":false,"dNITIRSrs":false,"tps":"","dTHEMATICRSrs":true},{"_id":"114940","area":"IND036030","below":[],"indicator":12,"ius":"Home delivery conducted by skilled health personnel:Percent:Total","rank":1,"src":6,"subgrp":1,"top":[],"tp":"2015-2016","trend":"na","value":"90.5","slugiddata":114940,"dKPIRSrs":false,"dNITIRSrs":true,"tps":"","dTHEMATICRSrs":false},{"_id":"115628","area":"IND036030","below":[],"indicator":12,"ius":"Home delivery conducted by skilled health personnel:Percent:Total","rank":2,"src":6,"subgrp":1,"top":[],"tp":"2016-2017","trend":"dn","value":"81.3","slugiddata":115628,"dKPIRSrs":false,"dNITIRSrs":true,"tps":"","dTHEMATICRSrs":false},{"_id":"127261","area":"IND036030","below":[],"indicator":92,"ius":"Women discharged in less than 48 hours of delivery to total reported deliveries at public institutions:Percent:Total","rank":8,"src":6,"subgrp":1,"top":[],"tp":"2015-2016","trend":"na","value":"58.3","slugiddata":127261,"dKPIRSrs":false,"dNITIRSrs":false,"tps":"","dTHEMATICRSrs":true},{"_id":"127974","area":"IND036030","below":[],"indicator":92,"ius":"Women discharged in less than 48 hours of delivery to total reported deliveries at public institutions:Percent:Total","rank":4,"src":6,"subgrp":1,"top":[],"tp":"2016-2017","trend":"up","value":"50.9","slugiddata":127974,"dKPIRSrs":false,"dNITIRSrs":false,"tps":"","dTHEMATICRSrs":true},{"_id":"139715","area":"IND036030","below":[],"indicator":93,"ius":"Home deliveries to total reported deliveries:Percent:Total","rank":1,"src":6,"subgrp":1,"top":[],"tp":"2015-2016","trend":"na","value":"0.0","slugiddata":139715,"dKPIRSrs":true,"dNITIRSrs":false,"tps":"","dTHEMATICRSrs":true},{"_id":"140428","area":"IND036030","below":[],"indicator":93,"ius":"Home deliveries to total reported deliveries:Percent:Total","rank":2,"src":6,"subgrp":1,"top":[],"tp":"2016-2017","trend":"dn","value":"0.1","slugiddata":140428,"dKPIRSrs":true,"dNITIRSrs":false,"tps":"","dTHEMATICRSrs":true},{"_id":"145941","area":"IND036030","below":[],"indicator":2,"ius":"Births delivered by caesarean section:Percent:Total","rank":4,"src":6,"subgrp":1,"top":[],"tp":"2015-2016","trend":"na","value":"59.2","slugiddata":145941,"dKPIRSrs":false,"dNITIRSrs":false,"tps":"","dTHEMATICRSrs":false},{"_id":"146654","area":"IND036030","below":[],"indicator":2,"ius":"Births delivered by caesarean section:Percent:Total","rank":3,"src":6,"subgrp":1,"top":[],"tp":"2016-2017","trend":"dn","value":"58.1","slugiddata":146654,"dKPIRSrs":false,"dNITIRSrs":false,"tps":"","dTHEMATICRSrs":false},{"_id":"152168","area":"IND036030","below":[],"indicator":33,"ius":"Mothers who received post-natal check-up within 48 hrs. of delivery:Percent:Total","rank":7,"src":6,"subgrp":1,"top":[],"tp":"2015-2016","trend":"na","value":"45.4","slugiddata":152168,"dKPIRSrs":false,"dNITIRSrs":false,"tps":"","dTHEMATICRSrs":true},{"_id":"152881","area":"IND036030","below":[],"indicator":33,"ius":"Mothers who received post-natal check-up within 48 hrs. of delivery:Percent:Total","rank":9,"src":6,"subgrp":1,"top":[],"tp":"2016-2017","trend":"dn","value":"37.6","slugiddata":152881,"dKPIRSrs":false,"dNITIRSrs":false,"tps":"","dTHEMATICRSrs":true},{"_id":"158382","area":"IND036030","below":[],"indicator":112,"ius":"Newborns having weight less than 2.5 kg to newborns weighed at birth:Percent:Total","rank":9,"src":6,"subgrp":1,"top":[],"tp":"2015-2016","trend":"na","value":"9.3","slugiddata":158382,"dKPIRSrs":true,"dNITIRSrs":true,"tps":"","dTHEMATICRSrs":false},{"_id":"159095","area":"IND036030","below":[],"indicator":112,"ius":"Newborns having weight less than 2.5 kg to newborns weighed at birth:Percent:Total","rank":8,"src":6,"subgrp":1,"top":[],"tp":"2016-2017","trend":"up","value":"9.2","slugiddata":159095,"dKPIRSrs":true,"dNITIRSrs":true,"tps":"","dTHEMATICRSrs":false},{"_id":"164600","area":"IND036030","below":[],"indicator":111,"ius":"Newborns breastfed within 1 hour of birth to total live birth:Percent:Total","rank":8,"src":6,"subgrp":1,"top":[],"tp":"2015-2016","trend":"na","value":"46.2","slugiddata":164600,"dKPIRSrs":false,"dNITIRSrs":true,"tps":"","dTHEMATICRSrs":false},{"_id":"165313","area":"IND036030","below":[],"indicator":111,"ius":"Newborns breastfed within 1 hour of birth to total live birth:Percent:Total","rank":9,"src":6,"subgrp":1,"top":[],"tp":"2016-2017","trend":"up","value":"51.5","slugiddata":165313,"dKPIRSrs":false,"dNITIRSrs":true,"tps":"","dTHEMATICRSrs":false},{"_id":"170748","area":"IND036030","below":[],"indicator":94,"ius":"Newborns visited within 24hrs of home delivery to total reported home deliveries:Percent:Total","rank":3,"src":6,"subgrp":1,"top":[],"tp":"2015-2016","trend":"na","value":"76.2","slugiddata":170748,"dKPIRSrs":false,"dNITIRSrs":false,"tps":"","dTHEMATICRSrs":false},{"_id":"171436","area":"IND036030","below":[],"indicator":94,"ius":"Newborns visited within 24hrs of home delivery to total reported home deliveries:Percent:Total","rank":8,"src":6,"subgrp":1,"top":[],"tp":"2016-2017","trend":"dn","value":"40.6","slugiddata":171436,"dKPIRSrs":false,"dNITIRSrs":false,"tps":"","dTHEMATICRSrs":false},{"_id":"182306","area":"IND036030","below":[],"indicator":96,"ius":"MTPs conducted at public institutions to total MTPs:Percent:Total","rank":7,"src":6,"subgrp":1,"top":[],"tp":"2015-2016","trend":"na","value":"58.8","slugiddata":182306,"dKPIRSrs":false,"dNITIRSrs":false,"tps":"","dTHEMATICRSrs":true},{"_id":"182988","area":"IND036030","below":[],"indicator":96,"ius":"MTPs conducted at public institutions to total MTPs:Percent:Total","rank":5,"src":6,"subgrp":1,"top":[],"tp":"2016-2017","trend":"up","value":"71.6","slugiddata":182988,"dKPIRSrs":false,"dNITIRSrs":false,"tps":"","dTHEMATICRSrs":true},{"_id":"194293","area":"IND036030","below":[],"indicator":98,"ius":"Male sterilization (vasectomies) to total sterilization:Percent:Total","rank":1,"src":6,"subgrp":1,"top":[],"tp":"2015-2016","trend":"na","value":"16.6","slugiddata":194293,"dKPIRSrs":false,"dNITIRSrs":false,"tps":"","dTHEMATICRSrs":true},{"_id":"194988","area":"IND036030","below":[],"indicator":98,"ius":"Male sterilization (vasectomies) to total sterilization:Percent:Total","rank":2,"src":6,"subgrp":1,"top":[],"tp":"2016-2017","trend":"dn","value":"10.1","slugiddata":194988,"dKPIRSrs":false,"dNITIRSrs":false,"tps":"","dTHEMATICRSrs":true},{"_id":"200383","area":"IND036030","below":[],"indicator":99,"ius":"Post partum sterilizations to total female sterilizations:Percent:Total","rank":3,"src":6,"subgrp":1,"top":[],"tp":"2015-2016","trend":"na","value":"12.7","slugiddata":200383,"dKPIRSrs":false,"dNITIRSrs":false,"tps":"","dTHEMATICRSrs":false},{"_id":"201077","area":"IND036030","below":[],"indicator":99,"ius":"Post partum sterilizations to total female sterilizations:Percent:Total","rank":6,"src":6,"subgrp":1,"top":[],"tp":"2016-2017","trend":"dn","value":"32.9","slugiddata":201077,"dKPIRSrs":false,"dNITIRSrs":false,"tps":"","dTHEMATICRSrs":false},{"_id":"212812","area":"IND036030","below":[],"indicator":101,"ius":"IUCD insertions in public plus private institutions to all family planning methods ( IUCD plus permanent):Percent:Total","rank":9,"src":6,"subgrp":1,"top":[],"tp":"2015-2016","trend":"na","value":"7.4","slugiddata":212812,"dKPIRSrs":false,"dNITIRSrs":false,"tps":"","dTHEMATICRSrs":true},{"_id":"213525","area":"IND036030","below":[],"indicator":101,"ius":"IUCD insertions in public plus private institutions to all family planning methods ( IUCD plus permanent):Percent:Total","rank":9,"src":6,"subgrp":1,"top":[],"tp":"2016-2017","trend":"up","value":"7.9","slugiddata":213525,"dKPIRSrs":false,"dNITIRSrs":false,"tps":"","dTHEMATICRSrs":true},{"_id":"219030","area":"IND036030","below":[],"indicator":102,"ius":"Newborns given BCG to reported live birth:Percent:Total","rank":1,"src":6,"subgrp":1,"top":[],"tp":"2015-2016","trend":"na","value":"99.4","slugiddata":219030,"dKPIRSrs":false,"dNITIRSrs":false,"tps":"","dTHEMATICRSrs":true},{"_id":"219743","area":"IND036030","below":[],"indicator":102,"ius":"Newborns given BCG to reported live birth:Percent:Total","rank":9,"src":6,"subgrp":1,"top":[],"tp":"2016-2017","trend":"dn","value":"91.0","slugiddata":219743,"dKPIRSrs":false,"dNITIRSrs":false,"tps":"","dTHEMATICRSrs":true},{"_id":"225248","area":"IND036030","below":[],"indicator":103,"ius":"Infants 0 to 11 months old who received measles vaccine to reported live births:Percent:Total","rank":2,"src":6,"subgrp":1,"top":[],"tp":"2015-2016","trend":"na","value":"118.2","slugiddata":225248,"dKPIRSrs":false,"dNITIRSrs":false,"tps":"","dTHEMATICRSrs":true},{"_id":"225961","area":"IND036030","below":[],"indicator":103,"ius":"Infants 0 to 11 months old who received measles vaccine to reported live births:Percent:Total","rank":6,"src":6,"subgrp":1,"top":[],"tp":"2016-2017","trend":"dn","value":"113.2","slugiddata":225961,"dKPIRSrs":false,"dNITIRSrs":false,"tps":"","dTHEMATICRSrs":true},{"_id":"237576","area":"IND036030","below":[],"indicator":14,"ius":"Institutional delivery:Percent:Total","rank":1,"src":6,"subgrp":1,"top":[],"tp":"2015-2016","trend":"na","value":"100.0","slugiddata":237576,"dKPIRSrs":false,"dNITIRSrs":false,"tps":"","dTHEMATICRSrs":false},{"_id":"238289","area":"IND036030","below":[],"indicator":14,"ius":"Institutional delivery:Percent:Total","rank":2,"src":6,"subgrp":1,"top":[],"tp":"2016-2017","trend":"dn","value":"99.9","slugiddata":238289,"dKPIRSrs":false,"dNITIRSrs":false,"tps":"","dTHEMATICRSrs":false},{"_id":"243802","area":"IND036030","below":[],"indicator":11,"ius":"Institutional delivery in public/government health facility:Percent:Total","rank":4,"src":6,"subgrp":1,"top":[],"tp":"2015-2016","trend":"na","value":"39.1","slugiddata":243802,"dKPIRSrs":false,"dNITIRSrs":false,"tps":"","dTHEMATICRSrs":false},{"_id":"244515","area":"IND036030","below":[],"indicator":11,"ius":"Institutional delivery in public/government health facility:Percent:Total","rank":4,"src":6,"subgrp":1,"top":[],"tp":"2016-2017","trend":"up","value":"45.0","slugiddata":244515,"dKPIRSrs":false,"dNITIRSrs":false,"tps":"","dTHEMATICRSrs":false},{"_id":"255534","area":"IND036030","below":[],"indicator":105,"ius":"Adolescent counselled:Number:Total","rank":6,"src":6,"subgrp":1,"top":[],"tp":"2015-2016","trend":"na","value":"2205.0","slugiddata":255534,"dKPIRSrs":false,"dNITIRSrs":false,"tps":"","dTHEMATICRSrs":true},{"_id":"256245","area":"IND036030","below":[],"indicator":105,"ius":"Adolescent counselled:Number:Total","rank":7,"src":6,"subgrp":1,"top":[],"tp":"2016-2017","trend":"up","value":"2524.0","slugiddata":256245,"dKPIRSrs":false,"dNITIRSrs":false,"tps":"","dTHEMATICRSrs":true},{"_id":"263213","area":"IND036030","below":[],"indicator":88,"ius":"1st trimester registration to total ANC registrations:Percent:Total","rank":3,"src":6,"subgrp":1,"top":[],"tp":"2017-2018","trend":"up","value":"73.2","slugiddata":263213,"dKPIRSrs":false,"dNITIRSrs":true,"tps":"","dTHEMATICRSrs":false},{"_id":"263949","area":"IND036030","below":[],"indicator":48,"ius":"Mothers who had at least 4 antenatal care visits:Percent:Total","rank":17,"src":6,"subgrp":1,"top":[],"tp":"2017-2018","trend":"na","value":"58.0","slugiddata":263949,"dKPIRSrs":false,"dNITIRSrs":true,"tps":"","dTHEMATICRSrs":false},{"_id":"265412","area":"IND036030","below":[],"indicator":112,"ius":"Newborns having weight less than 2.5 kg to newborns weighed at birth:Percent:Total","rank":17,"src":6,"subgrp":1,"top":[],"tp":"2017-2018","trend":"dn","value":"13.0","slugiddata":265412,"dKPIRSrs":true,"dNITIRSrs":true,"tps":"","dTHEMATICRSrs":false},{"_id":"266148","area":"IND036030","below":[],"indicator":111,"ius":"Newborns breastfed within 1 hour of birth to total live birth:Percent:Total","rank":27,"src":6,"subgrp":1,"top":[],"tp":"2017-2018","trend":"up","value":"65.6","slugiddata":266148,"dKPIRSrs":false,"dNITIRSrs":true,"tps":"","dTHEMATICRSrs":false},{"_id":"266884","area":"IND036030","below":[],"indicator":109,"ius":"Percentage of institutional deliveries out of total ANC registration:Percent:Total","rank":1,"src":6,"subgrp":1,"top":[],"tp":"2017-2018","trend":"up","value":"84.5","slugiddata":266884,"dKPIRSrs":false,"dNITIRSrs":true,"tps":"","dTHEMATICRSrs":false},{"_id":"267620","area":"IND036030","below":[],"indicator":108,"ius":"Percentage of PW having Hb level<11 (tested cases) (7.1 to 10.9) against total ANC registration:Percent:Total","rank":30,"src":6,"subgrp":1,"top":[],"tp":"2017-2018","trend":"dn","value":"202.2","slugiddata":267620,"dKPIRSrs":false,"dNITIRSrs":true,"tps":"","dTHEMATICRSrs":false},{"_id":"268356","area":"IND036030","below":[],"indicator":113,"ius":"Percentage of PW having Hb level<7 (tested cases) against total ANC registration:Percent:Total","rank":23,"src":6,"subgrp":1,"top":[],"tp":"2017-2018","trend":"dn","value":"19.0","slugiddata":268356,"dKPIRSrs":false,"dNITIRSrs":true,"tps":"","dTHEMATICRSrs":false},{"_id":"269092","area":"IND036030","below":[],"indicator":110,"ius":"Proportion of live babies weighed at birth:Percent:Total","rank":20,"src":6,"subgrp":1,"top":[],"tp":"2017-2018","trend":"dn","value":"88.7","slugiddata":269092,"dKPIRSrs":false,"dNITIRSrs":true,"tps":"","dTHEMATICRSrs":false},{"_id":"274605","area":"IND036030","below":[],"indicator":108,"ius":"Percentage of PW having Hb level<11 (tested cases) (7.1 to 10.9) against total ANC registration:Percent:Total","rank":10,"src":6,"subgrp":1,"top":[],"tp":"2015-2016","trend":"na","value":"81.0","slugiddata":274605,"dKPIRSrs":false,"dNITIRSrs":true,"tps":"","dTHEMATICRSrs":false},{"_id":"275318","area":"IND036030","below":[],"indicator":108,"ius":"Percentage of PW having Hb level<11 (tested cases) (7.1 to 10.9) against total ANC registration:Percent:Total","rank":10,"src":6,"subgrp":1,"top":[],"tp":"2016-2017","trend":"dn","value":"102.5","slugiddata":275318,"dKPIRSrs":false,"dNITIRSrs":true,"tps":"","dTHEMATICRSrs":false},{"_id":"280830","area":"IND036030","below":[],"indicator":113,"ius":"Percentage of PW having Hb level<7 (tested cases) against total ANC registration:Percent:Total","rank":6,"src":6,"subgrp":1,"top":[],"tp":"2015-2016","trend":"na","value":"2.0","slugiddata":280830,"dKPIRSrs":false,"dNITIRSrs":true,"tps":"","dTHEMATICRSrs":false},{"_id":"281543","area":"IND036030","below":[],"indicator":113,"ius":"Percentage of PW having Hb level<7 (tested cases) against total ANC registration:Percent:Total","rank":7,"src":6,"subgrp":1,"top":[],"tp":"2016-2017","trend":"dn","value":"4.2","slugiddata":281543,"dKPIRSrs":false,"dNITIRSrs":true,"tps":"","dTHEMATICRSrs":false},{"_id":"287055","area":"IND036030","below":[],"indicator":109,"ius":"Percentage of institutional deliveries out of total ANC registration:Percent:Total","rank":4,"src":6,"subgrp":1,"top":[],"tp":"2015-2016","trend":"na","value":"81.2","slugiddata":287055,"dKPIRSrs":false,"dNITIRSrs":true,"tps":"","dTHEMATICRSrs":false},{"_id":"287768","area":"IND036030","below":[],"indicator":109,"ius":"Percentage of institutional deliveries out of total ANC registration:Percent:Total","rank":1,"src":6,"subgrp":1,"top":[],"tp":"2016-2017","trend":"dn","value":"80.0","slugiddata":287768,"dKPIRSrs":false,"dNITIRSrs":true,"tps":"","dTHEMATICRSrs":false},{"_id":"293273","area":"IND036030","below":[],"indicator":110,"ius":"Proportion of live babies weighed at birth:Percent:Total","rank":2,"src":6,"subgrp":1,"top":[],"tp":"2015-2016","trend":"na","value":"99.3","slugiddata":293273,"dKPIRSrs":false,"dNITIRSrs":true,"tps":"","dTHEMATICRSrs":false},{"_id":"293986","area":"IND036030","below":[],"indicator":110,"ius":"Proportion of live babies weighed at birth:Percent:Total","rank":2,"src":6,"subgrp":1,"top":[],"tp":"2016-2017","trend":"dn","value":"99.1","slugiddata":293986,"dKPIRSrs":false,"dNITIRSrs":true,"tps":"","dTHEMATICRSrs":false},{"_id":"294766","area":"IND036030","below":[],"indicator":89,"ius":"Pregnant women received TT2 or Booster to total ANC registration:Percent:Total","rank":3,"src":6,"subgrp":1,"top":[],"tp":"2017-2018","trend":"up","value":"108.5","slugiddata":294766,"dKPIRSrs":false,"dNITIRSrs":false,"tps":"","dTHEMATICRSrs":true},{"_id":"295502","area":"IND036030","below":[],"indicator":92,"ius":"Women discharged in less than 48 hours of delivery to total reported deliveries at public institutions:Percent:Total","rank":15,"src":6,"subgrp":1,"top":[],"tp":"2017-2018","trend":"up","value":"46.6","slugiddata":295502,"dKPIRSrs":false,"dNITIRSrs":false,"tps":"","dTHEMATICRSrs":true},{"_id":"296238","area":"IND036030","below":[],"indicator":14,"ius":"Institutional delivery:Percent:Total","rank":1,"src":6,"subgrp":1,"top":[],"tp":"2017-2018","trend":"up","value":"100.0","slugiddata":296238,"dKPIRSrs":false,"dNITIRSrs":false,"tps":"","dTHEMATICRSrs":false},{"_id":"297710","area":"IND036030","below":[],"indicator":93,"ius":"Home deliveries to total reported deliveries:Percent:Total","rank":1,"src":6,"subgrp":1,"top":[],"tp":"2017-2018","trend":"up","value":"0.0","slugiddata":297710,"dKPIRSrs":true,"dNITIRSrs":false,"tps":"","dTHEMATICRSrs":true},{"_id":"298446","area":"IND036030","below":[],"indicator":2,"ius":"Births delivered by caesarean section:Percent:Total","rank":11,"src":6,"subgrp":1,"top":[],"tp":"2017-2018","trend":"dn","value":"52.6","slugiddata":298446,"dKPIRSrs":false,"dNITIRSrs":false,"tps":"","dTHEMATICRSrs":false},{"_id":"299182","area":"IND036030","below":[],"indicator":11,"ius":"Institutional delivery in public/government health facility:Percent:Total","rank":1,"src":6,"subgrp":1,"top":[],"tp":"2017-2018","trend":"up","value":"100.0","slugiddata":299182,"dKPIRSrs":false,"dNITIRSrs":false,"tps":"","dTHEMATICRSrs":false},{"_id":"300628","area":"IND036030","below":[],"indicator":96,"ius":"MTPs conducted at public institutions to total MTPs:Percent:Total","rank":1,"src":6,"subgrp":1,"top":[],"tp":"2017-2018","trend":"up","value":"100.0","slugiddata":300628,"dKPIRSrs":false,"dNITIRSrs":false,"tps":"","dTHEMATICRSrs":true},{"_id":"302048","area":"IND036030","below":[],"indicator":98,"ius":"Male sterilization (vasectomies) to total sterilization:Percent:Total","rank":7,"src":6,"subgrp":1,"top":[],"tp":"2017-2018","trend":"up","value":"12.9","slugiddata":302048,"dKPIRSrs":false,"dNITIRSrs":false,"tps":"","dTHEMATICRSrs":true},{"_id":"302768","area":"IND036030","below":[],"indicator":99,"ius":"Post partum sterilizations to total female sterilizations:Percent:Total","rank":16,"src":6,"subgrp":1,"top":[],"tp":"2017-2018","trend":"dn","value":"45.4","slugiddata":302768,"dKPIRSrs":false,"dNITIRSrs":false,"tps":"","dTHEMATICRSrs":false},{"_id":"304239","area":"IND036030","below":[],"indicator":101,"ius":"IUCD insertions in public plus private institutions to all family planning methods ( IUCD plus permanent):Percent:Total","rank":28,"src":6,"subgrp":1,"top":[],"tp":"2017-2018","trend":"dn","value":"5.0","slugiddata":304239,"dKPIRSrs":false,"dNITIRSrs":false,"tps":"","dTHEMATICRSrs":true},{"_id":"304975","area":"IND036030","below":[],"indicator":102,"ius":"Newborns given BCG to reported live birth:Percent:Total","rank":27,"src":6,"subgrp":1,"top":[],"tp":"2017-2018","trend":"up","value":"103.0","slugiddata":304975,"dKPIRSrs":false,"dNITIRSrs":false,"tps":"","dTHEMATICRSrs":true},{"_id":"305711","area":"IND036030","below":[],"indicator":103,"ius":"Infants 0 to 11 months old who received measles vaccine to reported live births:Percent:Total","rank":29,"src":6,"subgrp":1,"top":[],"tp":"2017-2018","trend":"dn","value":"112.3","slugiddata":305711,"dKPIRSrs":false,"dNITIRSrs":false,"tps":"","dTHEMATICRSrs":true},{"_id":"312729","area":"IND036030","below":[],"indicator":119,"ius":"Cases of Pregnant women with obstetric complications and attended to reported deliveries:Percent:Total","rank":1,"src":6,"subgrp":1,"top":[],"tp":"2015-2016","trend":"na","value":"28.8","slugiddata":312729,"dKPIRSrs":false,"dNITIRSrs":false,"tps":"","dTHEMATICRSrs":false},{"_id":"313442","area":"IND036030","below":[],"indicator":119,"ius":"Cases of Pregnant women with obstetric complications and attended to reported deliveries:Percent:Total","rank":2,"src":6,"subgrp":1,"top":[],"tp":"2016-2017","trend":"dn","value":"15.4","slugiddata":313442,"dKPIRSrs":false,"dNITIRSrs":false,"tps":"","dTHEMATICRSrs":false},{"_id":"314177","area":"IND036030","below":[],"indicator":119,"ius":"Cases of Pregnant women with obstetric complications and attended to reported deliveries:Percent:Total","rank":1,"src":6,"subgrp":1,"top":[],"tp":"2017-2018","trend":"up","value":"21.5","slugiddata":314177,"dKPIRSrs":false,"dNITIRSrs":false,"tps":"","dTHEMATICRSrs":false},{"_id":"314913","area":"IND036030","below":[],"indicator":118,"ius":"Pregnant women given 180 IFA to total ANC registration:Percent:Total","rank":12,"src":6,"subgrp":1,"top":[],"tp":"2017-2018","trend":"na","value":"89.8","slugiddata":314913,"dKPIRSrs":false,"dNITIRSrs":false,"tps":"","dTHEMATICRSrs":false},{"_id":"315649","area":"IND036030","below":[],"indicator":88,"ius":"1st trimester registration to total ANC registrations:Percent:Total","rank":9,"src":6,"subgrp":1,"top":[],"tp":"Apr-Sep_2018","trend":"up","value":"78.2","slugiddata":315649,"dKPIRSrs":false,"dNITIRSrs":true,"tps":"","dTHEMATICRSrs":false},{"_id":"316388","area":"IND036030","below":[],"indicator":48,"ius":"Mothers who had at least 4 antenatal care visits:Percent:Total","rank":17,"src":6,"subgrp":1,"top":[],"tp":"Apr-Sep_2018","trend":"up","value":"70.4","slugiddata":316388,"dKPIRSrs":false,"dNITIRSrs":true,"tps":"","dTHEMATICRSrs":false},{"_id":"317127","area":"IND036030","below":[],"indicator":89,"ius":"Pregnant women received TT2 or Booster to total ANC registration:Percent:Total","rank":10,"src":6,"subgrp":1,"top":[],"tp":"Apr-Sep_2018","trend":"dn","value":"99.2","slugiddata":317127,"dKPIRSrs":false,"dNITIRSrs":false,"tps":"","dTHEMATICRSrs":true},{"_id":"317866","area":"IND036030","below":[],"indicator":118,"ius":"Pregnant women given 180 IFA to total ANC registration:Percent:Total","rank":18,"src":6,"subgrp":1,"top":[],"tp":"Apr-Sep_2018","trend":"dn","value":"89.5","slugiddata":317866,"dKPIRSrs":false,"dNITIRSrs":false,"tps":"","dTHEMATICRSrs":false},{"_id":"318605","area":"IND036030","below":[],"indicator":108,"ius":"Percentage of PW having Hb level<11 (tested cases) (7.1 to 10.9) against total ANC registration:Percent:Total","rank":31,"src":6,"subgrp":1,"top":[],"tp":"Apr-Sep_2018","trend":"up","value":"182.2","slugiddata":318605,"dKPIRSrs":false,"dNITIRSrs":true,"tps":"","dTHEMATICRSrs":false},{"_id":"320082","area":"IND036030","below":[],"indicator":113,"ius":"Percentage of PW having Hb level<7 (tested cases) against total ANC registration:Percent:Total","rank":23,"src":6,"subgrp":1,"top":[],"tp":"Apr-Sep_2018","trend":"dn","value":"19.1","slugiddata":320082,"dKPIRSrs":false,"dNITIRSrs":true,"tps":"","dTHEMATICRSrs":false},{"_id":"320821","area":"IND036030","below":[],"indicator":91,"ius":"New cases detected at institution for hypertension to total ANC registrations:Percent:Total","rank":19,"src":6,"subgrp":1,"top":[],"tp":"Apr-Sep_2018","trend":"dn","value":"6.2","slugiddata":320821,"dKPIRSrs":false,"dNITIRSrs":false,"tps":"","dTHEMATICRSrs":true},{"_id":"321542","area":"IND036030","below":[],"indicator":12,"ius":"Home delivery conducted by skilled health personnel:Percent:Total","rank":17,"src":6,"subgrp":1,"top":[],"tp":"Apr-Sep_2018","trend":"dn","value":"0.0","slugiddata":321542,"dKPIRSrs":false,"dNITIRSrs":true,"tps":"","dTHEMATICRSrs":false},{"_id":"322280","area":"IND036030","below":[],"indicator":92,"ius":"Women discharged in less than 48 hours of delivery to total reported deliveries at public institutions:Percent:Total","rank":16,"src":6,"subgrp":1,"top":[],"tp":"Apr-Sep_2018","trend":"dn","value":"49.1","slugiddata":322280,"dKPIRSrs":false,"dNITIRSrs":false,"tps":"","dTHEMATICRSrs":true},{"_id":"323019","area":"IND036030","below":[],"indicator":109,"ius":"Percentage of institutional deliveries out of total ANC registration:Percent:Total","rank":3,"src":6,"subgrp":1,"top":[],"tp":"Apr-Sep_2018","trend":"dn","value":"83.1","slugiddata":323019,"dKPIRSrs":false,"dNITIRSrs":true,"tps":"","dTHEMATICRSrs":false},{"_id":"323758","area":"IND036030","below":[],"indicator":14,"ius":"Institutional delivery:Percent:Total","rank":1,"src":6,"subgrp":1,"top":[],"tp":"Apr-Sep_2018","trend":"eq","value":"100.0","slugiddata":323758,"dKPIRSrs":false,"dNITIRSrs":false,"tps":"","dTHEMATICRSrs":false},{"_id":"325236","area":"IND036030","below":[],"indicator":93,"ius":"Home deliveries to total reported deliveries:Percent:Total","rank":1,"src":6,"subgrp":1,"top":[],"tp":"Apr-Sep_2018","trend":"eq","value":"0.0","slugiddata":325236,"dKPIRSrs":true,"dNITIRSrs":false,"tps":"","dTHEMATICRSrs":true},{"_id":"325975","area":"IND036030","below":[],"indicator":2,"ius":"Births delivered by caesarean section:Percent:Total","rank":9,"src":6,"subgrp":1,"top":[],"tp":"Apr-Sep_2018","trend":"dn","value":"51.0","slugiddata":325975,"dKPIRSrs":false,"dNITIRSrs":false,"tps":"","dTHEMATICRSrs":false},{"_id":"326714","area":"IND036030","below":[],"indicator":11,"ius":"Institutional delivery in public/government health facility:Percent:Total","rank":1,"src":6,"subgrp":1,"top":[],"tp":"Apr-Sep_2018","trend":"eq","value":"100.0","slugiddata":326714,"dKPIRSrs":false,"dNITIRSrs":false,"tps":"","dTHEMATICRSrs":false},{"_id":"328192","area":"IND036030","below":[],"indicator":110,"ius":"Proportion of live babies weighed at birth:Percent:Total","rank":13,"src":6,"subgrp":1,"top":[],"tp":"Apr-Sep_2018","trend":"up","value":"91.7","slugiddata":328192,"dKPIRSrs":false,"dNITIRSrs":true,"tps":"","dTHEMATICRSrs":false},{"_id":"328931","area":"IND036030","below":[],"indicator":112,"ius":"Newborns having weight less than 2.5 kg to newborns weighed at birth:Percent:Total","rank":24,"src":6,"subgrp":1,"top":[],"tp":"Apr-Sep_2018","trend":"dn","value":"19.2","slugiddata":328931,"dKPIRSrs":true,"dNITIRSrs":true,"tps":"","dTHEMATICRSrs":false},{"_id":"329670","area":"IND036030","below":[],"indicator":111,"ius":"Newborns breastfed within 1 hour of birth to total live birth:Percent:Total","rank":28,"src":6,"subgrp":1,"top":[],"tp":"Apr-Sep_2018","trend":"dn","value":"59.4","slugiddata":329670,"dKPIRSrs":false,"dNITIRSrs":true,"tps":"","dTHEMATICRSrs":false},{"_id":"331148","area":"IND036030","below":[],"indicator":119,"ius":"Cases of Pregnant women with obstetric complications and attended to reported deliveries:Percent:Total","rank":11,"src":6,"subgrp":1,"top":[],"tp":"Apr-Sep_2018","trend":"dn","value":"1.4","slugiddata":331148,"dKPIRSrs":false,"dNITIRSrs":false,"tps":"","dTHEMATICRSrs":false},{"_id":"331846","area":"IND036030","below":[],"indicator":96,"ius":"MTPs conducted at public institutions to total MTPs:Percent:Total","rank":1,"src":6,"subgrp":1,"top":[],"tp":"Apr-Sep_2018","trend":"eq","value":"100.0","slugiddata":331846,"dKPIRSrs":false,"dNITIRSrs":false,"tps":"","dTHEMATICRSrs":true},{"_id":"333244","area":"IND036030","below":[],"indicator":98,"ius":"Male sterilization (vasectomies) to total sterilization:Percent:Total","rank":7,"src":6,"subgrp":1,"top":[],"tp":"Apr-Sep_2018","trend":"dn","value":"12.8","slugiddata":333244,"dKPIRSrs":false,"dNITIRSrs":false,"tps":"","dTHEMATICRSrs":true},{"_id":"333955","area":"IND036030","below":[],"indicator":99,"ius":"Post partum sterilizations to total female sterilizations:Percent:Total","rank":10,"src":6,"subgrp":1,"top":[],"tp":"Apr-Sep_2018","trend":"up","value":"35.0","slugiddata":333955,"dKPIRSrs":false,"dNITIRSrs":false,"tps":"","dTHEMATICRSrs":false},{"_id":"335429","area":"IND036030","below":[],"indicator":101,"ius":"IUCD insertions in public plus private institutions to all family planning methods ( IUCD plus permanent):Percent:Total","rank":30,"src":6,"subgrp":1,"top":[],"tp":"Apr-Sep_2018","trend":"dn","value":"1.7","slugiddata":335429,"dKPIRSrs":false,"dNITIRSrs":false,"tps":"","dTHEMATICRSrs":true},{"_id":"336168","area":"IND036030","below":[],"indicator":102,"ius":"Newborns given BCG to reported live birth:Percent:Total","rank":23,"src":6,"subgrp":1,"top":[],"tp":"Apr-Sep_2018","trend":"dn","value":"101.7","slugiddata":336168,"dKPIRSrs":false,"dNITIRSrs":false,"tps":"","dTHEMATICRSrs":true},{"_id":"336907","area":"IND036030","below":[],"indicator":103,"ius":"Infants 0 to 11 months old who received measles vaccine to reported live births:Percent:Total","rank":27,"src":6,"subgrp":1,"top":[],"tp":"Apr-Sep_2018","trend":"up","value":"133.8","slugiddata":336907,"dKPIRSrs":false,"dNITIRSrs":false,"tps":"","dTHEMATICRSrs":true},{"_id":"84295","area":"IND036030","below":[],"indicator":88,"ius":"1st trimester registration to total ANC registrations:Percent:Total","rank":3,"src":6,"subgrp":1,"top":[],"tp":"2015-2016","trend":"na","value":"73.0","slugiddata":84295,"dKPIRSrs":false,"dNITIRSrs":true,"tps":"","dTHEMATICRSrs":false},{"_id":"85008","area":"IND036030","below":[],"indicator":88,"ius":"1st trimester registration to total ANC registrations:Percent:Total","rank":2,"src":6,"subgrp":1,"top":[],"tp":"2016-2017","trend":"dn","value":"71.7","slugiddata":85008,"dKPIRSrs":false,"dNITIRSrs":true,"tps":"","dTHEMATICRSrs":false},{"_id":"90520","area":"IND036030","below":[],"indicator":46,"ius":"Mothers who received 3 or more antenatal care:Percent:Total","rank":5,"src":6,"subgrp":1,"top":[],"tp":"2015-2016","trend":"na","value":"97.8","slugiddata":90520,"dKPIRSrs":false,"dNITIRSrs":false,"tps":"","dTHEMATICRSrs":false},{"_id":"91233","area":"IND036030","below":[],"indicator":46,"ius":"Mothers who received 3 or more antenatal care:Percent:Total","rank":6,"src":6,"subgrp":1,"top":[],"tp":"2016-2017","trend":"up","value":"101.4","slugiddata":91233,"dKPIRSrs":false,"dNITIRSrs":false,"tps":"","dTHEMATICRSrs":false},{"_id":"96745","area":"IND036030","below":[],"indicator":89,"ius":"Pregnant women received TT2 or Booster to total ANC registration:Percent:Total","rank":6,"src":6,"subgrp":1,"top":[],"tp":"2015-2016","trend":"na","value":"93.9","slugiddata":96745,"dKPIRSrs":false,"dNITIRSrs":false,"tps":"","dTHEMATICRSrs":true},{"_id":"97458","area":"IND036030","below":[],"indicator":89,"ius":"Pregnant women received TT2 or Booster to total ANC registration:Percent:Total","rank":4,"src":6,"subgrp":1,"top":[],"tp":"2016-2017","trend":"dn","value":"87.5","slugiddata":97458,"dKPIRSrs":false,"dNITIRSrs":false,"tps":"","dTHEMATICRSrs":true}]