[{"_id":"103613","area":"IND001020","below":[],"indicator":91,"ius":"New cases detected at institution for hypertension to total ANC registrations:Percent:Total","rank":10,"src":6,"subgrp":1,"top":[],"tp":"2008-2009","trend":"na","value":"2.6","slugiddata":103613,"dKPIRSrs":false,"dNITIRSrs":false,"tps":"","dTHEMATICRSrs":true},{"_id":"104282","area":"IND001020","below":[],"indicator":91,"ius":"New cases detected at institution for hypertension to total ANC registrations:Percent:Total","rank":13,"src":6,"subgrp":1,"top":[],"tp":"2009-2010","trend":"dn","value":"3.3","slugiddata":104282,"dKPIRSrs":false,"dNITIRSrs":false,"tps":"","dTHEMATICRSrs":true},{"_id":"104954","area":"IND001020","below":[],"indicator":91,"ius":"New cases detected at institution for hypertension to total ANC registrations:Percent:Total","rank":8,"src":6,"subgrp":1,"top":[],"tp":"2010-2011","trend":"up","value":"2.3","slugiddata":104954,"dKPIRSrs":false,"dNITIRSrs":false,"tps":"","dTHEMATICRSrs":true},{"_id":"105634","area":"IND001020","below":[],"indicator":91,"ius":"New cases detected at institution for hypertension to total ANC registrations:Percent:Total","rank":4,"src":6,"subgrp":1,"top":[],"tp":"2011-2012","trend":"up","value":"1.6","slugiddata":105634,"dKPIRSrs":false,"dNITIRSrs":false,"tps":"","dTHEMATICRSrs":true},{"_id":"106333","area":"IND001020","below":[],"indicator":91,"ius":"New cases detected at institution for hypertension to total ANC registrations:Percent:Total","rank":9,"src":6,"subgrp":1,"top":[],"tp":"2012-2013","trend":"dn","value":"2.2","slugiddata":106333,"dKPIRSrs":false,"dNITIRSrs":false,"tps":"","dTHEMATICRSrs":true},{"_id":"107033","area":"IND001020","below":[],"indicator":91,"ius":"New cases detected at institution for hypertension to total ANC registrations:Percent:Total","rank":8,"src":6,"subgrp":1,"top":[],"tp":"2013-2014","trend":"up","value":"1.6","slugiddata":107033,"dKPIRSrs":false,"dNITIRSrs":false,"tps":"","dTHEMATICRSrs":true},{"_id":"107730","area":"IND001020","below":[],"indicator":91,"ius":"New cases detected at institution for hypertension to total ANC registrations:Percent:Total","rank":11,"src":6,"subgrp":1,"top":[],"tp":"2014-2015","trend":"eq","value":"1.6","slugiddata":107730,"dKPIRSrs":false,"dNITIRSrs":false,"tps":"","dTHEMATICRSrs":true},{"_id":"108441","area":"IND001020","below":[],"indicator":91,"ius":"New cases detected at institution for hypertension to total ANC registrations:Percent:Total","rank":12,"src":6,"subgrp":1,"top":[],"tp":"2015-2016","trend":"dn","value":"2.4","slugiddata":108441,"dKPIRSrs":false,"dNITIRSrs":false,"tps":"","dTHEMATICRSrs":true},{"_id":"109154","area":"IND001020","below":[],"indicator":91,"ius":"New cases detected at institution for hypertension to total ANC registrations:Percent:Total","rank":5,"src":6,"subgrp":1,"top":[],"tp":"2016-2017","trend":"up","value":"0.8","slugiddata":109154,"dKPIRSrs":false,"dNITIRSrs":false,"tps":"","dTHEMATICRSrs":true},{"_id":"109832","area":"IND001020","below":[],"indicator":12,"ius":"Home delivery conducted by skilled health personnel:Percent:Total","rank":5,"src":6,"subgrp":1,"top":[],"tp":"2008-2009","trend":"na","value":"60.4","slugiddata":109832,"dKPIRSrs":false,"dNITIRSrs":true,"tps":"","dTHEMATICRSrs":false},{"_id":"110488","area":"IND001020","below":[],"indicator":12,"ius":"Home delivery conducted by skilled health personnel:Percent:Total","rank":16,"src":6,"subgrp":1,"top":[],"tp":"2009-2010","trend":"dn","value":"39.5","slugiddata":110488,"dKPIRSrs":false,"dNITIRSrs":true,"tps":"","dTHEMATICRSrs":false},{"_id":"111152","area":"IND001020","below":[],"indicator":12,"ius":"Home delivery conducted by skilled health personnel:Percent:Total","rank":21,"src":6,"subgrp":1,"top":[],"tp":"2010-2011","trend":"dn","value":"6.2","slugiddata":111152,"dKPIRSrs":false,"dNITIRSrs":true,"tps":"","dTHEMATICRSrs":false},{"_id":"111826","area":"IND001020","below":[],"indicator":12,"ius":"Home delivery conducted by skilled health personnel:Percent:Total","rank":15,"src":6,"subgrp":1,"top":[],"tp":"2011-2012","trend":"up","value":"16.8","slugiddata":111826,"dKPIRSrs":false,"dNITIRSrs":true,"tps":"","dTHEMATICRSrs":false},{"_id":"112523","area":"IND001020","below":[],"indicator":12,"ius":"Home delivery conducted by skilled health personnel:Percent:Total","rank":13,"src":6,"subgrp":1,"top":[],"tp":"2012-2013","trend":"dn","value":"7.7","slugiddata":112523,"dKPIRSrs":false,"dNITIRSrs":true,"tps":"","dTHEMATICRSrs":false},{"_id":"113219","area":"IND001020","below":[],"indicator":12,"ius":"Home delivery conducted by skilled health personnel:Percent:Total","rank":16,"src":6,"subgrp":1,"top":[],"tp":"2013-2014","trend":"dn","value":"4.8","slugiddata":113219,"dKPIRSrs":false,"dNITIRSrs":true,"tps":"","dTHEMATICRSrs":false},{"_id":"113910","area":"IND001020","below":[],"indicator":12,"ius":"Home delivery conducted by skilled health personnel:Percent:Total","rank":19,"src":6,"subgrp":1,"top":[],"tp":"2014-2015","trend":"dn","value":"0.3","slugiddata":113910,"dKPIRSrs":false,"dNITIRSrs":true,"tps":"","dTHEMATICRSrs":false},{"_id":"114609","area":"IND001020","below":[],"indicator":12,"ius":"Home delivery conducted by skilled health personnel:Percent:Total","rank":18,"src":6,"subgrp":1,"top":[],"tp":"2015-2016","trend":"dn","value":"0.1","slugiddata":114609,"dKPIRSrs":false,"dNITIRSrs":true,"tps":"","dTHEMATICRSrs":false},{"_id":"115300","area":"IND001020","below":[],"indicator":12,"ius":"Home delivery conducted by skilled health personnel:Percent:Total","rank":13,"src":6,"subgrp":1,"top":[],"tp":"2016-2017","trend":"up","value":"4.9","slugiddata":115300,"dKPIRSrs":false,"dNITIRSrs":true,"tps":"","dTHEMATICRSrs":false},{"_id":"122082","area":"IND001020","below":[],"indicator":92,"ius":"Women discharged in less than 48 hours of delivery to total reported deliveries at public institutions:Percent:Total","rank":20,"src":6,"subgrp":1,"top":[],"tp":"2008-2009","trend":"na","value":"55.0","slugiddata":122082,"dKPIRSrs":false,"dNITIRSrs":false,"tps":"","dTHEMATICRSrs":true},{"_id":"122750","area":"IND001020","below":[],"indicator":92,"ius":"Women discharged in less than 48 hours of delivery to total reported deliveries at public institutions:Percent:Total","rank":13,"src":6,"subgrp":1,"top":[],"tp":"2009-2010","trend":"dn","value":"66.0","slugiddata":122750,"dKPIRSrs":false,"dNITIRSrs":false,"tps":"","dTHEMATICRSrs":true},{"_id":"123422","area":"IND001020","below":[],"indicator":92,"ius":"Women discharged in less than 48 hours of delivery to total reported deliveries at public institutions:Percent:Total","rank":3,"src":6,"subgrp":1,"top":[],"tp":"2010-2011","trend":"up","value":"52.3","slugiddata":123422,"dKPIRSrs":false,"dNITIRSrs":false,"tps":"","dTHEMATICRSrs":true},{"_id":"124103","area":"IND001020","below":[],"indicator":92,"ius":"Women discharged in less than 48 hours of delivery to total reported deliveries at public institutions:Percent:Total","rank":19,"src":6,"subgrp":1,"top":[],"tp":"2011-2012","trend":"dn","value":"83.0","slugiddata":124103,"dKPIRSrs":false,"dNITIRSrs":false,"tps":"","dTHEMATICRSrs":true},{"_id":"124802","area":"IND001020","below":[],"indicator":92,"ius":"Women discharged in less than 48 hours of delivery to total reported deliveries at public institutions:Percent:Total","rank":4,"src":6,"subgrp":1,"top":[],"tp":"2012-2013","trend":"up","value":"59.6","slugiddata":124802,"dKPIRSrs":false,"dNITIRSrs":false,"tps":"","dTHEMATICRSrs":true},{"_id":"125502","area":"IND001020","below":[],"indicator":92,"ius":"Women discharged in less than 48 hours of delivery to total reported deliveries at public institutions:Percent:Total","rank":2,"src":6,"subgrp":1,"top":[],"tp":"2013-2014","trend":"up","value":"45.5","slugiddata":125502,"dKPIRSrs":false,"dNITIRSrs":false,"tps":"","dTHEMATICRSrs":true},{"_id":"126199","area":"IND001020","below":[],"indicator":92,"ius":"Women discharged in less than 48 hours of delivery to total reported deliveries at public institutions:Percent:Total","rank":4,"src":6,"subgrp":1,"top":[],"tp":"2014-2015","trend":"dn","value":"56.9","slugiddata":126199,"dKPIRSrs":false,"dNITIRSrs":false,"tps":"","dTHEMATICRSrs":true},{"_id":"126910","area":"IND001020","below":[],"indicator":92,"ius":"Women discharged in less than 48 hours of delivery to total reported deliveries at public institutions:Percent:Total","rank":7,"src":6,"subgrp":1,"top":[],"tp":"2015-2016","trend":"dn","value":"60.0","slugiddata":126910,"dKPIRSrs":false,"dNITIRSrs":false,"tps":"","dTHEMATICRSrs":true},{"_id":"127623","area":"IND001020","below":[],"indicator":92,"ius":"Women discharged in less than 48 hours of delivery to total reported deliveries at public institutions:Percent:Total","rank":13,"src":6,"subgrp":1,"top":[],"tp":"2016-2017","trend":"dn","value":"63.0","slugiddata":127623,"dKPIRSrs":false,"dNITIRSrs":false,"tps":"","dTHEMATICRSrs":true},{"_id":"134535","area":"IND001020","below":[],"indicator":93,"ius":"Home deliveries to total reported deliveries:Percent:Total","rank":22,"src":6,"subgrp":1,"top":[],"tp":"2008-2009","trend":"na","value":"84.0","slugiddata":134535,"dKPIRSrs":true,"dNITIRSrs":false,"tps":"","dTHEMATICRSrs":true},{"_id":"135204","area":"IND001020","below":[],"indicator":93,"ius":"Home deliveries to total reported deliveries:Percent:Total","rank":21,"src":6,"subgrp":1,"top":[],"tp":"2009-2010","trend":"up","value":"72.3","slugiddata":135204,"dKPIRSrs":true,"dNITIRSrs":false,"tps":"","dTHEMATICRSrs":true},{"_id":"135876","area":"IND001020","below":[],"indicator":93,"ius":"Home deliveries to total reported deliveries:Percent:Total","rank":20,"src":6,"subgrp":1,"top":[],"tp":"2010-2011","trend":"up","value":"50.2","slugiddata":135876,"dKPIRSrs":true,"dNITIRSrs":false,"tps":"","dTHEMATICRSrs":true},{"_id":"136557","area":"IND001020","below":[],"indicator":93,"ius":"Home deliveries to total reported deliveries:Percent:Total","rank":19,"src":6,"subgrp":1,"top":[],"tp":"2011-2012","trend":"up","value":"41.3","slugiddata":136557,"dKPIRSrs":true,"dNITIRSrs":false,"tps":"","dTHEMATICRSrs":true},{"_id":"137256","area":"IND001020","below":[],"indicator":93,"ius":"Home deliveries to total reported deliveries:Percent:Total","rank":21,"src":6,"subgrp":1,"top":[],"tp":"2012-2013","trend":"up","value":"38.8","slugiddata":137256,"dKPIRSrs":true,"dNITIRSrs":false,"tps":"","dTHEMATICRSrs":true},{"_id":"137956","area":"IND001020","below":[],"indicator":93,"ius":"Home deliveries to total reported deliveries:Percent:Total","rank":21,"src":6,"subgrp":1,"top":[],"tp":"2013-2014","trend":"up","value":"34.5","slugiddata":137956,"dKPIRSrs":true,"dNITIRSrs":false,"tps":"","dTHEMATICRSrs":true},{"_id":"138653","area":"IND001020","below":[],"indicator":93,"ius":"Home deliveries to total reported deliveries:Percent:Total","rank":22,"src":6,"subgrp":1,"top":[],"tp":"2014-2015","trend":"dn","value":"37.6","slugiddata":138653,"dKPIRSrs":true,"dNITIRSrs":false,"tps":"","dTHEMATICRSrs":true},{"_id":"139364","area":"IND001020","below":[],"indicator":93,"ius":"Home deliveries to total reported deliveries:Percent:Total","rank":21,"src":6,"subgrp":1,"top":[],"tp":"2015-2016","trend":"dn","value":"42.8","slugiddata":139364,"dKPIRSrs":true,"dNITIRSrs":false,"tps":"","dTHEMATICRSrs":true},{"_id":"140077","area":"IND001020","below":[],"indicator":93,"ius":"Home deliveries to total reported deliveries:Percent:Total","rank":19,"src":6,"subgrp":1,"top":[],"tp":"2016-2017","trend":"up","value":"28.4","slugiddata":140077,"dKPIRSrs":true,"dNITIRSrs":false,"tps":"","dTHEMATICRSrs":true},{"_id":"140761","area":"IND001020","below":[],"indicator":2,"ius":"Births delivered by caesarean section:Percent:Total","rank":17,"src":6,"subgrp":1,"top":[],"tp":"2008-2009","trend":"na","value":"0.0","slugiddata":140761,"dKPIRSrs":false,"dNITIRSrs":false,"tps":"","dTHEMATICRSrs":false},{"_id":"141430","area":"IND001020","below":[],"indicator":2,"ius":"Births delivered by caesarean section:Percent:Total","rank":21,"src":6,"subgrp":1,"top":[],"tp":"2009-2010","trend":"up","value":"0.5","slugiddata":141430,"dKPIRSrs":false,"dNITIRSrs":false,"tps":"","dTHEMATICRSrs":false},{"_id":"142102","area":"IND001020","below":[],"indicator":2,"ius":"Births delivered by caesarean section:Percent:Total","rank":21,"src":6,"subgrp":1,"top":[],"tp":"2010-2011","trend":"dn","value":"0.2","slugiddata":142102,"dKPIRSrs":false,"dNITIRSrs":false,"tps":"","dTHEMATICRSrs":false},{"_id":"142783","area":"IND001020","below":[],"indicator":2,"ius":"Births delivered by caesarean section:Percent:Total","rank":22,"src":6,"subgrp":1,"top":[],"tp":"2011-2012","trend":"up","value":"3.0","slugiddata":142783,"dKPIRSrs":false,"dNITIRSrs":false,"tps":"","dTHEMATICRSrs":false},{"_id":"143482","area":"IND001020","below":[],"indicator":2,"ius":"Births delivered by caesarean section:Percent:Total","rank":21,"src":6,"subgrp":1,"top":[],"tp":"2012-2013","trend":"up","value":"5.7","slugiddata":143482,"dKPIRSrs":false,"dNITIRSrs":false,"tps":"","dTHEMATICRSrs":false},{"_id":"144182","area":"IND001020","below":[],"indicator":2,"ius":"Births delivered by caesarean section:Percent:Total","rank":22,"src":6,"subgrp":1,"top":[],"tp":"2013-2014","trend":"dn","value":"4.4","slugiddata":144182,"dKPIRSrs":false,"dNITIRSrs":false,"tps":"","dTHEMATICRSrs":false},{"_id":"144879","area":"IND001020","below":[],"indicator":2,"ius":"Births delivered by caesarean section:Percent:Total","rank":22,"src":6,"subgrp":1,"top":[],"tp":"2014-2015","trend":"dn","value":"1.0","slugiddata":144879,"dKPIRSrs":false,"dNITIRSrs":false,"tps":"","dTHEMATICRSrs":false},{"_id":"145590","area":"IND001020","below":[],"indicator":2,"ius":"Births delivered by caesarean section:Percent:Total","rank":21,"src":6,"subgrp":1,"top":[],"tp":"2015-2016","trend":"up","value":"3.7","slugiddata":145590,"dKPIRSrs":false,"dNITIRSrs":false,"tps":"","dTHEMATICRSrs":false},{"_id":"146303","area":"IND001020","below":[],"indicator":2,"ius":"Births delivered by caesarean section:Percent:Total","rank":21,"src":6,"subgrp":1,"top":[],"tp":"2016-2017","trend":"dn","value":"1.3","slugiddata":146303,"dKPIRSrs":false,"dNITIRSrs":false,"tps":"","dTHEMATICRSrs":false},{"_id":"146988","area":"IND001020","below":[],"indicator":33,"ius":"Mothers who received post-natal check-up within 48 hrs. of delivery:Percent:Total","rank":11,"src":6,"subgrp":1,"top":[],"tp":"2008-2009","trend":"na","value":"11.5","slugiddata":146988,"dKPIRSrs":false,"dNITIRSrs":false,"tps":"","dTHEMATICRSrs":true},{"_id":"147657","area":"IND001020","below":[],"indicator":33,"ius":"Mothers who received post-natal check-up within 48 hrs. of delivery:Percent:Total","rank":20,"src":6,"subgrp":1,"top":[],"tp":"2009-2010","trend":"dn","value":"10.1","slugiddata":147657,"dKPIRSrs":false,"dNITIRSrs":false,"tps":"","dTHEMATICRSrs":true},{"_id":"148329","area":"IND001020","below":[],"indicator":33,"ius":"Mothers who received post-natal check-up within 48 hrs. of delivery:Percent:Total","rank":17,"src":6,"subgrp":1,"top":[],"tp":"2010-2011","trend":"up","value":"19.5","slugiddata":148329,"dKPIRSrs":false,"dNITIRSrs":false,"tps":"","dTHEMATICRSrs":true},{"_id":"149010","area":"IND001020","below":[],"indicator":33,"ius":"Mothers who received post-natal check-up within 48 hrs. of delivery:Percent:Total","rank":20,"src":6,"subgrp":1,"top":[],"tp":"2011-2012","trend":"up","value":"32.4","slugiddata":149010,"dKPIRSrs":false,"dNITIRSrs":false,"tps":"","dTHEMATICRSrs":true},{"_id":"149709","area":"IND001020","below":[],"indicator":33,"ius":"Mothers who received post-natal check-up within 48 hrs. of delivery:Percent:Total","rank":14,"src":6,"subgrp":1,"top":[],"tp":"2012-2013","trend":"up","value":"53.9","slugiddata":149709,"dKPIRSrs":false,"dNITIRSrs":false,"tps":"","dTHEMATICRSrs":true},{"_id":"150409","area":"IND001020","below":[],"indicator":33,"ius":"Mothers who received post-natal check-up within 48 hrs. of delivery:Percent:Total","rank":18,"src":6,"subgrp":1,"top":[],"tp":"2013-2014","trend":"dn","value":"49.2","slugiddata":150409,"dKPIRSrs":false,"dNITIRSrs":false,"tps":"","dTHEMATICRSrs":true},{"_id":"151106","area":"IND001020","below":[],"indicator":33,"ius":"Mothers who received post-natal check-up within 48 hrs. of delivery:Percent:Total","rank":17,"src":6,"subgrp":1,"top":[],"tp":"2014-2015","trend":"up","value":"57.2","slugiddata":151106,"dKPIRSrs":false,"dNITIRSrs":false,"tps":"","dTHEMATICRSrs":true},{"_id":"151817","area":"IND001020","below":[],"indicator":33,"ius":"Mothers who received post-natal check-up within 48 hrs. of delivery:Percent:Total","rank":18,"src":6,"subgrp":1,"top":[],"tp":"2015-2016","trend":"up","value":"61.4","slugiddata":151817,"dKPIRSrs":false,"dNITIRSrs":false,"tps":"","dTHEMATICRSrs":true},{"_id":"152530","area":"IND001020","below":[],"indicator":33,"ius":"Mothers who received post-natal check-up within 48 hrs. of delivery:Percent:Total","rank":12,"src":6,"subgrp":1,"top":[],"tp":"2016-2017","trend":"up","value":"82.7","slugiddata":152530,"dKPIRSrs":false,"dNITIRSrs":false,"tps":"","dTHEMATICRSrs":true},{"_id":"153209","area":"IND001020","below":[],"indicator":112,"ius":"Newborns having weight less than 2.5 kg to newborns weighed at birth:Percent:Total","rank":11,"src":6,"subgrp":1,"top":[],"tp":"2008-2009","trend":"na","value":"9.3","slugiddata":153209,"dKPIRSrs":true,"dNITIRSrs":true,"tps":"","dTHEMATICRSrs":false},{"_id":"153873","area":"IND001020","below":[],"indicator":112,"ius":"Newborns having weight less than 2.5 kg to newborns weighed at birth:Percent:Total","rank":17,"src":6,"subgrp":1,"top":[],"tp":"2009-2010","trend":"dn","value":"35.5","slugiddata":153873,"dKPIRSrs":true,"dNITIRSrs":true,"tps":"","dTHEMATICRSrs":false},{"_id":"154544","area":"IND001020","below":[],"indicator":112,"ius":"Newborns having weight less than 2.5 kg to newborns weighed at birth:Percent:Total","rank":14,"src":6,"subgrp":1,"top":[],"tp":"2010-2011","trend":"up","value":"12.7","slugiddata":154544,"dKPIRSrs":true,"dNITIRSrs":true,"tps":"","dTHEMATICRSrs":false},{"_id":"155224","area":"IND001020","below":[],"indicator":112,"ius":"Newborns having weight less than 2.5 kg to newborns weighed at birth:Percent:Total","rank":11,"src":6,"subgrp":1,"top":[],"tp":"2011-2012","trend":"up","value":"10.2","slugiddata":155224,"dKPIRSrs":true,"dNITIRSrs":true,"tps":"","dTHEMATICRSrs":false},{"_id":"155923","area":"IND001020","below":[],"indicator":112,"ius":"Newborns having weight less than 2.5 kg to newborns weighed at birth:Percent:Total","rank":6,"src":6,"subgrp":1,"top":[],"tp":"2012-2013","trend":"up","value":"4.2","slugiddata":155923,"dKPIRSrs":true,"dNITIRSrs":true,"tps":"","dTHEMATICRSrs":false},{"_id":"156623","area":"IND001020","below":[],"indicator":112,"ius":"Newborns having weight less than 2.5 kg to newborns weighed at birth:Percent:Total","rank":13,"src":6,"subgrp":1,"top":[],"tp":"2013-2014","trend":"dn","value":"4.8","slugiddata":156623,"dKPIRSrs":true,"dNITIRSrs":true,"tps":"","dTHEMATICRSrs":false},{"_id":"157320","area":"IND001020","below":[],"indicator":112,"ius":"Newborns having weight less than 2.5 kg to newborns weighed at birth:Percent:Total","rank":10,"src":6,"subgrp":1,"top":[],"tp":"2014-2015","trend":"up","value":"4.2","slugiddata":157320,"dKPIRSrs":true,"dNITIRSrs":true,"tps":"","dTHEMATICRSrs":false},{"_id":"158031","area":"IND001020","below":[],"indicator":112,"ius":"Newborns having weight less than 2.5 kg to newborns weighed at birth:Percent:Total","rank":10,"src":6,"subgrp":1,"top":[],"tp":"2015-2016","trend":"up","value":"4.0","slugiddata":158031,"dKPIRSrs":true,"dNITIRSrs":true,"tps":"","dTHEMATICRSrs":false},{"_id":"158744","area":"IND001020","below":[],"indicator":112,"ius":"Newborns having weight less than 2.5 kg to newborns weighed at birth:Percent:Total","rank":10,"src":6,"subgrp":1,"top":[],"tp":"2016-2017","trend":"up","value":"3.8","slugiddata":158744,"dKPIRSrs":true,"dNITIRSrs":true,"tps":"","dTHEMATICRSrs":false},{"_id":"159424","area":"IND001020","below":[],"indicator":111,"ius":"Newborns breastfed within 1 hour of birth to total live birth:Percent:Total","rank":7,"src":6,"subgrp":1,"top":[],"tp":"2008-2009","trend":"na","value":"40.5","slugiddata":159424,"dKPIRSrs":false,"dNITIRSrs":true,"tps":"","dTHEMATICRSrs":false},{"_id":"160089","area":"IND001020","below":[],"indicator":111,"ius":"Newborns breastfed within 1 hour of birth to total live birth:Percent:Total","rank":20,"src":6,"subgrp":1,"top":[],"tp":"2009-2010","trend":"dn","value":"25.9","slugiddata":160089,"dKPIRSrs":false,"dNITIRSrs":true,"tps":"","dTHEMATICRSrs":false},{"_id":"160761","area":"IND001020","below":[],"indicator":111,"ius":"Newborns breastfed within 1 hour of birth to total live birth:Percent:Total","rank":21,"src":6,"subgrp":1,"top":[],"tp":"2010-2011","trend":"up","value":"35.6","slugiddata":160761,"dKPIRSrs":false,"dNITIRSrs":true,"tps":"","dTHEMATICRSrs":false},{"_id":"161442","area":"IND001020","below":[],"indicator":111,"ius":"Newborns breastfed within 1 hour of birth to total live birth:Percent:Total","rank":20,"src":6,"subgrp":1,"top":[],"tp":"2011-2012","trend":"up","value":"50.7","slugiddata":161442,"dKPIRSrs":false,"dNITIRSrs":true,"tps":"","dTHEMATICRSrs":false},{"_id":"162141","area":"IND001020","below":[],"indicator":111,"ius":"Newborns breastfed within 1 hour of birth to total live birth:Percent:Total","rank":20,"src":6,"subgrp":1,"top":[],"tp":"2012-2013","trend":"up","value":"55.3","slugiddata":162141,"dKPIRSrs":false,"dNITIRSrs":true,"tps":"","dTHEMATICRSrs":false},{"_id":"162841","area":"IND001020","below":[],"indicator":111,"ius":"Newborns breastfed within 1 hour of birth to total live birth:Percent:Total","rank":21,"src":6,"subgrp":1,"top":[],"tp":"2013-2014","trend":"up","value":"57.7","slugiddata":162841,"dKPIRSrs":false,"dNITIRSrs":true,"tps":"","dTHEMATICRSrs":false},{"_id":"163538","area":"IND001020","below":[],"indicator":111,"ius":"Newborns breastfed within 1 hour of birth to total live birth:Percent:Total","rank":18,"src":6,"subgrp":1,"top":[],"tp":"2014-2015","trend":"up","value":"67.5","slugiddata":163538,"dKPIRSrs":false,"dNITIRSrs":true,"tps":"","dTHEMATICRSrs":false},{"_id":"164249","area":"IND001020","below":[],"indicator":111,"ius":"Newborns breastfed within 1 hour of birth to total live birth:Percent:Total","rank":17,"src":6,"subgrp":1,"top":[],"tp":"2015-2016","trend":"up","value":"77.2","slugiddata":164249,"dKPIRSrs":false,"dNITIRSrs":true,"tps":"","dTHEMATICRSrs":false},{"_id":"164962","area":"IND001020","below":[],"indicator":111,"ius":"Newborns breastfed within 1 hour of birth to total live birth:Percent:Total","rank":5,"src":6,"subgrp":1,"top":[],"tp":"2016-2017","trend":"up","value":"96.3","slugiddata":164962,"dKPIRSrs":false,"dNITIRSrs":true,"tps":"","dTHEMATICRSrs":false},{"_id":"165640","area":"IND001020","below":[],"indicator":94,"ius":"Newborns visited within 24hrs of home delivery to total reported home deliveries:Percent:Total","rank":16,"src":6,"subgrp":1,"top":[],"tp":"2008-2009","trend":"na","value":"4.0","slugiddata":165640,"dKPIRSrs":false,"dNITIRSrs":false,"tps":"","dTHEMATICRSrs":false},{"_id":"166296","area":"IND001020","below":[],"indicator":94,"ius":"Newborns visited within 24hrs of home delivery to total reported home deliveries:Percent:Total","rank":19,"src":6,"subgrp":1,"top":[],"tp":"2009-2010","trend":"up","value":"8.4","slugiddata":166296,"dKPIRSrs":false,"dNITIRSrs":false,"tps":"","dTHEMATICRSrs":false},{"_id":"166960","area":"IND001020","below":[],"indicator":94,"ius":"Newborns visited within 24hrs of home delivery to total reported home deliveries:Percent:Total","rank":17,"src":6,"subgrp":1,"top":[],"tp":"2010-2011","trend":"dn","value":"7.8","slugiddata":166960,"dKPIRSrs":false,"dNITIRSrs":false,"tps":"","dTHEMATICRSrs":false},{"_id":"167634","area":"IND001020","below":[],"indicator":94,"ius":"Newborns visited within 24hrs of home delivery to total reported home deliveries:Percent:Total","rank":14,"src":6,"subgrp":1,"top":[],"tp":"2011-2012","trend":"up","value":"19.9","slugiddata":167634,"dKPIRSrs":false,"dNITIRSrs":false,"tps":"","dTHEMATICRSrs":false},{"_id":"168331","area":"IND001020","below":[],"indicator":94,"ius":"Newborns visited within 24hrs of home delivery to total reported home deliveries:Percent:Total","rank":16,"src":6,"subgrp":1,"top":[],"tp":"2012-2013","trend":"dn","value":"17.3","slugiddata":168331,"dKPIRSrs":false,"dNITIRSrs":false,"tps":"","dTHEMATICRSrs":false},{"_id":"169027","area":"IND001020","below":[],"indicator":94,"ius":"Newborns visited within 24hrs of home delivery to total reported home deliveries:Percent:Total","rank":16,"src":6,"subgrp":1,"top":[],"tp":"2013-2014","trend":"up","value":"20.7","slugiddata":169027,"dKPIRSrs":false,"dNITIRSrs":false,"tps":"","dTHEMATICRSrs":false},{"_id":"169718","area":"IND001020","below":[],"indicator":94,"ius":"Newborns visited within 24hrs of home delivery to total reported home deliveries:Percent:Total","rank":14,"src":6,"subgrp":1,"top":[],"tp":"2014-2015","trend":"up","value":"36.8","slugiddata":169718,"dKPIRSrs":false,"dNITIRSrs":false,"tps":"","dTHEMATICRSrs":false},{"_id":"170417","area":"IND001020","below":[],"indicator":94,"ius":"Newborns visited within 24hrs of home delivery to total reported home deliveries:Percent:Total","rank":13,"src":6,"subgrp":1,"top":[],"tp":"2015-2016","trend":"up","value":"38.2","slugiddata":170417,"dKPIRSrs":false,"dNITIRSrs":false,"tps":"","dTHEMATICRSrs":false},{"_id":"171108","area":"IND001020","below":[],"indicator":94,"ius":"Newborns visited within 24hrs of home delivery to total reported home deliveries:Percent:Total","rank":15,"src":6,"subgrp":1,"top":[],"tp":"2016-2017","trend":"up","value":"52.4","slugiddata":171108,"dKPIRSrs":false,"dNITIRSrs":false,"tps":"","dTHEMATICRSrs":false},{"_id":"177395","area":"IND001020","below":[],"indicator":96,"ius":"MTPs conducted at public institutions to total MTPs:Percent:Total","rank":1,"src":6,"subgrp":1,"top":[],"tp":"2008-2009","trend":"na","value":"100.0","slugiddata":177395,"dKPIRSrs":false,"dNITIRSrs":false,"tps":"","dTHEMATICRSrs":true},{"_id":"178010","area":"IND001020","below":[],"indicator":96,"ius":"MTPs conducted at public institutions to total MTPs:Percent:Total","rank":4,"src":6,"subgrp":1,"top":[],"tp":"2009-2010","trend":"dn","value":"99.4","slugiddata":178010,"dKPIRSrs":false,"dNITIRSrs":false,"tps":"","dTHEMATICRSrs":true},{"_id":"178651","area":"IND001020","below":[],"indicator":96,"ius":"MTPs conducted at public institutions to total MTPs:Percent:Total","rank":6,"src":6,"subgrp":1,"top":[],"tp":"2010-2011","trend":"dn","value":"94.5","slugiddata":178651,"dKPIRSrs":false,"dNITIRSrs":false,"tps":"","dTHEMATICRSrs":true},{"_id":"179298","area":"IND001020","below":[],"indicator":96,"ius":"MTPs conducted at public institutions to total MTPs:Percent:Total","rank":1,"src":6,"subgrp":1,"top":[],"tp":"2011-2012","trend":"up","value":"100.0","slugiddata":179298,"dKPIRSrs":false,"dNITIRSrs":false,"tps":"","dTHEMATICRSrs":true},{"_id":"179964","area":"IND001020","below":[],"indicator":96,"ius":"MTPs conducted at public institutions to total MTPs:Percent:Total","rank":5,"src":6,"subgrp":1,"top":[],"tp":"2012-2013","trend":"dn","value":"94.0","slugiddata":179964,"dKPIRSrs":false,"dNITIRSrs":false,"tps":"","dTHEMATICRSrs":true},{"_id":"180626","area":"IND001020","below":[],"indicator":96,"ius":"MTPs conducted at public institutions to total MTPs:Percent:Total","rank":3,"src":6,"subgrp":1,"top":[],"tp":"2013-2014","trend":"up","value":"97.5","slugiddata":180626,"dKPIRSrs":false,"dNITIRSrs":false,"tps":"","dTHEMATICRSrs":true},{"_id":"181290","area":"IND001020","below":[],"indicator":96,"ius":"MTPs conducted at public institutions to total MTPs:Percent:Total","rank":1,"src":6,"subgrp":1,"top":[],"tp":"2014-2015","trend":"up","value":"100.0","slugiddata":181290,"dKPIRSrs":false,"dNITIRSrs":false,"tps":"","dTHEMATICRSrs":true},{"_id":"181965","area":"IND001020","below":[],"indicator":96,"ius":"MTPs conducted at public institutions to total MTPs:Percent:Total","rank":1,"src":6,"subgrp":1,"top":[],"tp":"2015-2016","trend":"eq","value":"100.0","slugiddata":181965,"dKPIRSrs":false,"dNITIRSrs":false,"tps":"","dTHEMATICRSrs":true},{"_id":"182647","area":"IND001020","below":[],"indicator":96,"ius":"MTPs conducted at public institutions to total MTPs:Percent:Total","rank":1,"src":6,"subgrp":1,"top":[],"tp":"2016-2017","trend":"eq","value":"100.0","slugiddata":182647,"dKPIRSrs":false,"dNITIRSrs":false,"tps":"","dTHEMATICRSrs":true},{"_id":"189207","area":"IND001020","below":[],"indicator":98,"ius":"Male sterilization (vasectomies) to total sterilization:Percent:Total","rank":7,"src":6,"subgrp":1,"top":[],"tp":"2008-2009","trend":"na","value":"14.6","slugiddata":189207,"dKPIRSrs":false,"dNITIRSrs":false,"tps":"","dTHEMATICRSrs":true},{"_id":"189862","area":"IND001020","below":[],"indicator":98,"ius":"Male sterilization (vasectomies) to total sterilization:Percent:Total","rank":10,"src":6,"subgrp":1,"top":[],"tp":"2009-2010","trend":"dn","value":"6.3","slugiddata":189862,"dKPIRSrs":false,"dNITIRSrs":false,"tps":"","dTHEMATICRSrs":true},{"_id":"190526","area":"IND001020","below":[],"indicator":98,"ius":"Male sterilization (vasectomies) to total sterilization:Percent:Total","rank":6,"src":6,"subgrp":1,"top":[],"tp":"2010-2011","trend":"up","value":"8.7","slugiddata":190526,"dKPIRSrs":false,"dNITIRSrs":false,"tps":"","dTHEMATICRSrs":true},{"_id":"191195","area":"IND001020","below":[],"indicator":98,"ius":"Male sterilization (vasectomies) to total sterilization:Percent:Total","rank":4,"src":6,"subgrp":1,"top":[],"tp":"2011-2012","trend":"up","value":"9.0","slugiddata":191195,"dKPIRSrs":false,"dNITIRSrs":false,"tps":"","dTHEMATICRSrs":true},{"_id":"191882","area":"IND001020","below":[],"indicator":98,"ius":"Male sterilization (vasectomies) to total sterilization:Percent:Total","rank":3,"src":6,"subgrp":1,"top":[],"tp":"2012-2013","trend":"up","value":"13.5","slugiddata":191882,"dKPIRSrs":false,"dNITIRSrs":false,"tps":"","dTHEMATICRSrs":true},{"_id":"192570","area":"IND001020","below":[],"indicator":98,"ius":"Male sterilization (vasectomies) to total sterilization:Percent:Total","rank":4,"src":6,"subgrp":1,"top":[],"tp":"2013-2014","trend":"dn","value":"7.0","slugiddata":192570,"dKPIRSrs":false,"dNITIRSrs":false,"tps":"","dTHEMATICRSrs":true},{"_id":"193253","area":"IND001020","below":[],"indicator":98,"ius":"Male sterilization (vasectomies) to total sterilization:Percent:Total","rank":3,"src":6,"subgrp":1,"top":[],"tp":"2014-2015","trend":"dn","value":"6.8","slugiddata":193253,"dKPIRSrs":false,"dNITIRSrs":false,"tps":"","dTHEMATICRSrs":true},{"_id":"193949","area":"IND001020","below":[],"indicator":98,"ius":"Male sterilization (vasectomies) to total sterilization:Percent:Total","rank":5,"src":6,"subgrp":1,"top":[],"tp":"2015-2016","trend":"dn","value":"3.3","slugiddata":193949,"dKPIRSrs":false,"dNITIRSrs":false,"tps":"","dTHEMATICRSrs":true},{"_id":"194644","area":"IND001020","below":[],"indicator":98,"ius":"Male sterilization (vasectomies) to total sterilization:Percent:Total","rank":2,"src":6,"subgrp":1,"top":[],"tp":"2016-2017","trend":"up","value":"8.8","slugiddata":194644,"dKPIRSrs":false,"dNITIRSrs":false,"tps":"","dTHEMATICRSrs":true},{"_id":"195310","area":"IND001020","below":[],"indicator":99,"ius":"Post partum sterilizations to total female sterilizations:Percent:Total","rank":1,"src":6,"subgrp":1,"top":[],"tp":"2008-2009","trend":"na","value":"0.0","slugiddata":195310,"dKPIRSrs":false,"dNITIRSrs":false,"tps":"","dTHEMATICRSrs":false},{"_id":"195960","area":"IND001020","below":[],"indicator":99,"ius":"Post partum sterilizations to total female sterilizations:Percent:Total","rank":2,"src":6,"subgrp":1,"top":[],"tp":"2009-2010","trend":"dn","value":"0.1","slugiddata":195960,"dKPIRSrs":false,"dNITIRSrs":false,"tps":"","dTHEMATICRSrs":false},{"_id":"196622","area":"IND001020","below":[],"indicator":99,"ius":"Post partum sterilizations to total female sterilizations:Percent:Total","rank":1,"src":6,"subgrp":1,"top":[],"tp":"2010-2011","trend":"up","value":"0.0","slugiddata":196622,"dKPIRSrs":false,"dNITIRSrs":false,"tps":"","dTHEMATICRSrs":false},{"_id":"197287","area":"IND001020","below":[],"indicator":99,"ius":"Post partum sterilizations to total female sterilizations:Percent:Total","rank":1,"src":6,"subgrp":1,"top":[],"tp":"2011-2012","trend":"eq","value":"0.0","slugiddata":197287,"dKPIRSrs":false,"dNITIRSrs":false,"tps":"","dTHEMATICRSrs":false},{"_id":"197974","area":"IND001020","below":[],"indicator":99,"ius":"Post partum sterilizations to total female sterilizations:Percent:Total","rank":1,"src":6,"subgrp":1,"top":[],"tp":"2012-2013","trend":"eq","value":"0.0","slugiddata":197974,"dKPIRSrs":false,"dNITIRSrs":false,"tps":"","dTHEMATICRSrs":false},{"_id":"198661","area":"IND001020","below":[],"indicator":99,"ius":"Post partum sterilizations to total female sterilizations:Percent:Total","rank":1,"src":6,"subgrp":1,"top":[],"tp":"2013-2014","trend":"eq","value":"0.0","slugiddata":198661,"dKPIRSrs":false,"dNITIRSrs":false,"tps":"","dTHEMATICRSrs":false},{"_id":"199344","area":"IND001020","below":[],"indicator":99,"ius":"Post partum sterilizations to total female sterilizations:Percent:Total","rank":1,"src":6,"subgrp":1,"top":[],"tp":"2014-2015","trend":"eq","value":"0.0","slugiddata":199344,"dKPIRSrs":false,"dNITIRSrs":false,"tps":"","dTHEMATICRSrs":false},{"_id":"200040","area":"IND001020","below":[],"indicator":99,"ius":"Post partum sterilizations to total female sterilizations:Percent:Total","rank":1,"src":6,"subgrp":1,"top":[],"tp":"2015-2016","trend":"eq","value":"0.0","slugiddata":200040,"dKPIRSrs":false,"dNITIRSrs":false,"tps":"","dTHEMATICRSrs":false},{"_id":"200733","area":"IND001020","below":[],"indicator":99,"ius":"Post partum sterilizations to total female sterilizations:Percent:Total","rank":1,"src":6,"subgrp":1,"top":[],"tp":"2016-2017","trend":"eq","value":"0.0","slugiddata":200733,"dKPIRSrs":false,"dNITIRSrs":false,"tps":"","dTHEMATICRSrs":false},{"_id":"207635","area":"IND001020","below":[],"indicator":101,"ius":"IUCD insertions in public plus private institutions to all family planning methods ( IUCD plus permanent):Percent:Total","rank":17,"src":6,"subgrp":1,"top":[],"tp":"2008-2009","trend":"na","value":"30.7","slugiddata":207635,"dKPIRSrs":false,"dNITIRSrs":false,"tps":"","dTHEMATICRSrs":true},{"_id":"208303","area":"IND001020","below":[],"indicator":101,"ius":"IUCD insertions in public plus private institutions to all family planning methods ( IUCD plus permanent):Percent:Total","rank":17,"src":6,"subgrp":1,"top":[],"tp":"2009-2010","trend":"up","value":"34.6","slugiddata":208303,"dKPIRSrs":false,"dNITIRSrs":false,"tps":"","dTHEMATICRSrs":true},{"_id":"208975","area":"IND001020","below":[],"indicator":101,"ius":"IUCD insertions in public plus private institutions to all family planning methods ( IUCD plus permanent):Percent:Total","rank":16,"src":6,"subgrp":1,"top":[],"tp":"2010-2011","trend":"up","value":"37.6","slugiddata":208975,"dKPIRSrs":false,"dNITIRSrs":false,"tps":"","dTHEMATICRSrs":true},{"_id":"209656","area":"IND001020","below":[],"indicator":101,"ius":"IUCD insertions in public plus private institutions to all family planning methods ( IUCD plus permanent):Percent:Total","rank":18,"src":6,"subgrp":1,"top":[],"tp":"2011-2012","trend":"dn","value":"34.9","slugiddata":209656,"dKPIRSrs":false,"dNITIRSrs":false,"tps":"","dTHEMATICRSrs":true},{"_id":"210354","area":"IND001020","below":[],"indicator":101,"ius":"IUCD insertions in public plus private institutions to all family planning methods ( IUCD plus permanent):Percent:Total","rank":20,"src":6,"subgrp":1,"top":[],"tp":"2012-2013","trend":"dn","value":"32.1","slugiddata":210354,"dKPIRSrs":false,"dNITIRSrs":false,"tps":"","dTHEMATICRSrs":true},{"_id":"211054","area":"IND001020","below":[],"indicator":101,"ius":"IUCD insertions in public plus private institutions to all family planning methods ( IUCD plus permanent):Percent:Total","rank":15,"src":6,"subgrp":1,"top":[],"tp":"2013-2014","trend":"up","value":"48.5","slugiddata":211054,"dKPIRSrs":false,"dNITIRSrs":false,"tps":"","dTHEMATICRSrs":true},{"_id":"211750","area":"IND001020","below":[],"indicator":101,"ius":"IUCD insertions in public plus private institutions to all family planning methods ( IUCD plus permanent):Percent:Total","rank":13,"src":6,"subgrp":1,"top":[],"tp":"2014-2015","trend":"up","value":"59.9","slugiddata":211750,"dKPIRSrs":false,"dNITIRSrs":false,"tps":"","dTHEMATICRSrs":true},{"_id":"212461","area":"IND001020","below":[],"indicator":101,"ius":"IUCD insertions in public plus private institutions to all family planning methods ( IUCD plus permanent):Percent:Total","rank":10,"src":6,"subgrp":1,"top":[],"tp":"2015-2016","trend":"up","value":"64.6","slugiddata":212461,"dKPIRSrs":false,"dNITIRSrs":false,"tps":"","dTHEMATICRSrs":true},{"_id":"213174","area":"IND001020","below":[],"indicator":101,"ius":"IUCD insertions in public plus private institutions to all family planning methods ( IUCD plus permanent):Percent:Total","rank":10,"src":6,"subgrp":1,"top":[],"tp":"2016-2017","trend":"up","value":"69.6","slugiddata":213174,"dKPIRSrs":false,"dNITIRSrs":false,"tps":"","dTHEMATICRSrs":true},{"_id":"213854","area":"IND001020","below":[],"indicator":102,"ius":"Newborns given BCG to reported live birth:Percent:Total","rank":18,"src":6,"subgrp":1,"top":[],"tp":"2008-2009","trend":"na","value":"116.4","slugiddata":213854,"dKPIRSrs":false,"dNITIRSrs":false,"tps":"","dTHEMATICRSrs":true},{"_id":"214519","area":"IND001020","below":[],"indicator":102,"ius":"Newborns given BCG to reported live birth:Percent:Total","rank":6,"src":6,"subgrp":1,"top":[],"tp":"2009-2010","trend":"up","value":"157.3","slugiddata":214519,"dKPIRSrs":false,"dNITIRSrs":false,"tps":"","dTHEMATICRSrs":true},{"_id":"215191","area":"IND001020","below":[],"indicator":102,"ius":"Newborns given BCG to reported live birth:Percent:Total","rank":10,"src":6,"subgrp":1,"top":[],"tp":"2010-2011","trend":"dn","value":"136.6","slugiddata":215191,"dKPIRSrs":false,"dNITIRSrs":false,"tps":"","dTHEMATICRSrs":true},{"_id":"215872","area":"IND001020","below":[],"indicator":102,"ius":"Newborns given BCG to reported live birth:Percent:Total","rank":12,"src":6,"subgrp":1,"top":[],"tp":"2011-2012","trend":"dn","value":"122.8","slugiddata":215872,"dKPIRSrs":false,"dNITIRSrs":false,"tps":"","dTHEMATICRSrs":true},{"_id":"216571","area":"IND001020","below":[],"indicator":102,"ius":"Newborns given BCG to reported live birth:Percent:Total","rank":13,"src":6,"subgrp":1,"top":[],"tp":"2012-2013","trend":"dn","value":"116.8","slugiddata":216571,"dKPIRSrs":false,"dNITIRSrs":false,"tps":"","dTHEMATICRSrs":true},{"_id":"217271","area":"IND001020","below":[],"indicator":102,"ius":"Newborns given BCG to reported live birth:Percent:Total","rank":8,"src":6,"subgrp":1,"top":[],"tp":"2013-2014","trend":"up","value":"118.1","slugiddata":217271,"dKPIRSrs":false,"dNITIRSrs":false,"tps":"","dTHEMATICRSrs":true},{"_id":"217968","area":"IND001020","below":[],"indicator":102,"ius":"Newborns given BCG to reported live birth:Percent:Total","rank":6,"src":6,"subgrp":1,"top":[],"tp":"2014-2015","trend":"up","value":"123.8","slugiddata":217968,"dKPIRSrs":false,"dNITIRSrs":false,"tps":"","dTHEMATICRSrs":true},{"_id":"218679","area":"IND001020","below":[],"indicator":102,"ius":"Newborns given BCG to reported live birth:Percent:Total","rank":10,"src":6,"subgrp":1,"top":[],"tp":"2015-2016","trend":"dn","value":"120.7","slugiddata":218679,"dKPIRSrs":false,"dNITIRSrs":false,"tps":"","dTHEMATICRSrs":true},{"_id":"219392","area":"IND001020","below":[],"indicator":102,"ius":"Newborns given BCG to reported live birth:Percent:Total","rank":16,"src":6,"subgrp":1,"top":[],"tp":"2016-2017","trend":"dn","value":"103.1","slugiddata":219392,"dKPIRSrs":false,"dNITIRSrs":false,"tps":"","dTHEMATICRSrs":true},{"_id":"220072","area":"IND001020","below":[],"indicator":103,"ius":"Infants 0 to 11 months old who received measles vaccine to reported live births:Percent:Total","rank":21,"src":6,"subgrp":1,"top":[],"tp":"2008-2009","trend":"na","value":"80.4","slugiddata":220072,"dKPIRSrs":false,"dNITIRSrs":false,"tps":"","dTHEMATICRSrs":true},{"_id":"220737","area":"IND001020","below":[],"indicator":103,"ius":"Infants 0 to 11 months old who received measles vaccine to reported live births:Percent:Total","rank":6,"src":6,"subgrp":1,"top":[],"tp":"2009-2010","trend":"up","value":"194.6","slugiddata":220737,"dKPIRSrs":false,"dNITIRSrs":false,"tps":"","dTHEMATICRSrs":true},{"_id":"221409","area":"IND001020","below":[],"indicator":103,"ius":"Infants 0 to 11 months old who received measles vaccine to reported live births:Percent:Total","rank":9,"src":6,"subgrp":1,"top":[],"tp":"2010-2011","trend":"dn","value":"184.5","slugiddata":221409,"dKPIRSrs":false,"dNITIRSrs":false,"tps":"","dTHEMATICRSrs":true},{"_id":"222090","area":"IND001020","below":[],"indicator":103,"ius":"Infants 0 to 11 months old who received measles vaccine to reported live births:Percent:Total","rank":13,"src":6,"subgrp":1,"top":[],"tp":"2011-2012","trend":"dn","value":"111.2","slugiddata":222090,"dKPIRSrs":false,"dNITIRSrs":false,"tps":"","dTHEMATICRSrs":true},{"_id":"222789","area":"IND001020","below":[],"indicator":103,"ius":"Infants 0 to 11 months old who received measles vaccine to reported live births:Percent:Total","rank":14,"src":6,"subgrp":1,"top":[],"tp":"2012-2013","trend":"dn","value":"99.9","slugiddata":222789,"dKPIRSrs":false,"dNITIRSrs":false,"tps":"","dTHEMATICRSrs":true},{"_id":"223489","area":"IND001020","below":[],"indicator":103,"ius":"Infants 0 to 11 months old who received measles vaccine to reported live births:Percent:Total","rank":11,"src":6,"subgrp":1,"top":[],"tp":"2013-2014","trend":"up","value":"113.0","slugiddata":223489,"dKPIRSrs":false,"dNITIRSrs":false,"tps":"","dTHEMATICRSrs":true},{"_id":"224186","area":"IND001020","below":[],"indicator":103,"ius":"Infants 0 to 11 months old who received measles vaccine to reported live births:Percent:Total","rank":12,"src":6,"subgrp":1,"top":[],"tp":"2014-2015","trend":"up","value":"115.4","slugiddata":224186,"dKPIRSrs":false,"dNITIRSrs":false,"tps":"","dTHEMATICRSrs":true},{"_id":"224897","area":"IND001020","below":[],"indicator":103,"ius":"Infants 0 to 11 months old who received measles vaccine to reported live births:Percent:Total","rank":11,"src":6,"subgrp":1,"top":[],"tp":"2015-2016","trend":"up","value":"125.6","slugiddata":224897,"dKPIRSrs":false,"dNITIRSrs":false,"tps":"","dTHEMATICRSrs":true},{"_id":"225610","area":"IND001020","below":[],"indicator":103,"ius":"Infants 0 to 11 months old who received measles vaccine to reported live births:Percent:Total","rank":14,"src":6,"subgrp":1,"top":[],"tp":"2016-2017","trend":"dn","value":"109.3","slugiddata":225610,"dKPIRSrs":false,"dNITIRSrs":false,"tps":"","dTHEMATICRSrs":true},{"_id":"232396","area":"IND001020","below":[],"indicator":14,"ius":"Institutional delivery:Percent:Total","rank":22,"src":6,"subgrp":1,"top":[],"tp":"2008-2009","trend":"na","value":"16.0","slugiddata":232396,"dKPIRSrs":false,"dNITIRSrs":false,"tps":"","dTHEMATICRSrs":false},{"_id":"233065","area":"IND001020","below":[],"indicator":14,"ius":"Institutional delivery:Percent:Total","rank":21,"src":6,"subgrp":1,"top":[],"tp":"2009-2010","trend":"up","value":"27.7","slugiddata":233065,"dKPIRSrs":false,"dNITIRSrs":false,"tps":"","dTHEMATICRSrs":false},{"_id":"233737","area":"IND001020","below":[],"indicator":14,"ius":"Institutional delivery:Percent:Total","rank":20,"src":6,"subgrp":1,"top":[],"tp":"2010-2011","trend":"up","value":"49.8","slugiddata":233737,"dKPIRSrs":false,"dNITIRSrs":false,"tps":"","dTHEMATICRSrs":false},{"_id":"234418","area":"IND001020","below":[],"indicator":14,"ius":"Institutional delivery:Percent:Total","rank":19,"src":6,"subgrp":1,"top":[],"tp":"2011-2012","trend":"up","value":"58.7","slugiddata":234418,"dKPIRSrs":false,"dNITIRSrs":false,"tps":"","dTHEMATICRSrs":false},{"_id":"235117","area":"IND001020","below":[],"indicator":14,"ius":"Institutional delivery:Percent:Total","rank":21,"src":6,"subgrp":1,"top":[],"tp":"2012-2013","trend":"up","value":"61.2","slugiddata":235117,"dKPIRSrs":false,"dNITIRSrs":false,"tps":"","dTHEMATICRSrs":false},{"_id":"235817","area":"IND001020","below":[],"indicator":14,"ius":"Institutional delivery:Percent:Total","rank":21,"src":6,"subgrp":1,"top":[],"tp":"2013-2014","trend":"up","value":"65.5","slugiddata":235817,"dKPIRSrs":false,"dNITIRSrs":false,"tps":"","dTHEMATICRSrs":false},{"_id":"236514","area":"IND001020","below":[],"indicator":14,"ius":"Institutional delivery:Percent:Total","rank":22,"src":6,"subgrp":1,"top":[],"tp":"2014-2015","trend":"dn","value":"62.4","slugiddata":236514,"dKPIRSrs":false,"dNITIRSrs":false,"tps":"","dTHEMATICRSrs":false},{"_id":"237225","area":"IND001020","below":[],"indicator":14,"ius":"Institutional delivery:Percent:Total","rank":21,"src":6,"subgrp":1,"top":[],"tp":"2015-2016","trend":"dn","value":"57.2","slugiddata":237225,"dKPIRSrs":false,"dNITIRSrs":false,"tps":"","dTHEMATICRSrs":false},{"_id":"237938","area":"IND001020","below":[],"indicator":14,"ius":"Institutional delivery:Percent:Total","rank":19,"src":6,"subgrp":1,"top":[],"tp":"2016-2017","trend":"up","value":"71.6","slugiddata":237938,"dKPIRSrs":false,"dNITIRSrs":false,"tps":"","dTHEMATICRSrs":false},{"_id":"238622","area":"IND001020","below":[],"indicator":11,"ius":"Institutional delivery in public/government health facility:Percent:Total","rank":1,"src":6,"subgrp":1,"top":[],"tp":"2008-2009","trend":"na","value":"100.0","slugiddata":238622,"dKPIRSrs":false,"dNITIRSrs":false,"tps":"","dTHEMATICRSrs":false},{"_id":"239291","area":"IND001020","below":[],"indicator":11,"ius":"Institutional delivery in public/government health facility:Percent:Total","rank":1,"src":6,"subgrp":1,"top":[],"tp":"2009-2010","trend":"eq","value":"100.0","slugiddata":239291,"dKPIRSrs":false,"dNITIRSrs":false,"tps":"","dTHEMATICRSrs":false},{"_id":"239963","area":"IND001020","below":[],"indicator":11,"ius":"Institutional delivery in public/government health facility:Percent:Total","rank":1,"src":6,"subgrp":1,"top":[],"tp":"2010-2011","trend":"eq","value":"100.0","slugiddata":239963,"dKPIRSrs":false,"dNITIRSrs":false,"tps":"","dTHEMATICRSrs":false},{"_id":"240644","area":"IND001020","below":[],"indicator":11,"ius":"Institutional delivery in public/government health facility:Percent:Total","rank":1,"src":6,"subgrp":1,"top":[],"tp":"2011-2012","trend":"eq","value":"100.0","slugiddata":240644,"dKPIRSrs":false,"dNITIRSrs":false,"tps":"","dTHEMATICRSrs":false},{"_id":"241343","area":"IND001020","below":[],"indicator":11,"ius":"Institutional delivery in public/government health facility:Percent:Total","rank":1,"src":6,"subgrp":1,"top":[],"tp":"2012-2013","trend":"eq","value":"100.0","slugiddata":241343,"dKPIRSrs":false,"dNITIRSrs":false,"tps":"","dTHEMATICRSrs":false},{"_id":"242043","area":"IND001020","below":[],"indicator":11,"ius":"Institutional delivery in public/government health facility:Percent:Total","rank":1,"src":6,"subgrp":1,"top":[],"tp":"2013-2014","trend":"eq","value":"100.0","slugiddata":242043,"dKPIRSrs":false,"dNITIRSrs":false,"tps":"","dTHEMATICRSrs":false},{"_id":"242740","area":"IND001020","below":[],"indicator":11,"ius":"Institutional delivery in public/government health facility:Percent:Total","rank":1,"src":6,"subgrp":1,"top":[],"tp":"2014-2015","trend":"eq","value":"100.0","slugiddata":242740,"dKPIRSrs":false,"dNITIRSrs":false,"tps":"","dTHEMATICRSrs":false},{"_id":"243451","area":"IND001020","below":[],"indicator":11,"ius":"Institutional delivery in public/government health facility:Percent:Total","rank":1,"src":6,"subgrp":1,"top":[],"tp":"2015-2016","trend":"eq","value":"100.0","slugiddata":243451,"dKPIRSrs":false,"dNITIRSrs":false,"tps":"","dTHEMATICRSrs":false},{"_id":"244164","area":"IND001020","below":[],"indicator":11,"ius":"Institutional delivery in public/government health facility:Percent:Total","rank":1,"src":6,"subgrp":1,"top":[],"tp":"2016-2017","trend":"eq","value":"100.0","slugiddata":244164,"dKPIRSrs":false,"dNITIRSrs":false,"tps":"","dTHEMATICRSrs":false},{"_id":"251450","area":"IND001020","below":[],"indicator":105,"ius":"Adolescent counselled:Number:Total","rank":13,"src":6,"subgrp":1,"top":[],"tp":"2009-2010","trend":"na","value":"92.0","slugiddata":251450,"dKPIRSrs":false,"dNITIRSrs":false,"tps":"","dTHEMATICRSrs":true},{"_id":"251936","area":"IND001020","below":[],"indicator":105,"ius":"Adolescent counselled:Number:Total","rank":16,"src":6,"subgrp":1,"top":[],"tp":"2010-2011","trend":"up","value":"299.0","slugiddata":251936,"dKPIRSrs":false,"dNITIRSrs":false,"tps":"","dTHEMATICRSrs":true},{"_id":"252486","area":"IND001020","below":[],"indicator":105,"ius":"Adolescent counselled:Number:Total","rank":15,"src":6,"subgrp":1,"top":[],"tp":"2011-2012","trend":"up","value":"765.0","slugiddata":252486,"dKPIRSrs":false,"dNITIRSrs":false,"tps":"","dTHEMATICRSrs":true},{"_id":"253122","area":"IND001020","below":[],"indicator":105,"ius":"Adolescent counselled:Number:Total","rank":13,"src":6,"subgrp":1,"top":[],"tp":"2012-2013","trend":"up","value":"1439.0","slugiddata":253122,"dKPIRSrs":false,"dNITIRSrs":false,"tps":"","dTHEMATICRSrs":true},{"_id":"253784","area":"IND001020","below":[],"indicator":105,"ius":"Adolescent counselled:Number:Total","rank":14,"src":6,"subgrp":1,"top":[],"tp":"2013-2014","trend":"up","value":"1756.0","slugiddata":253784,"dKPIRSrs":false,"dNITIRSrs":false,"tps":"","dTHEMATICRSrs":true},{"_id":"254475","area":"IND001020","below":[],"indicator":105,"ius":"Adolescent counselled:Number:Total","rank":12,"src":6,"subgrp":1,"top":[],"tp":"2014-2015","trend":"up","value":"2033.0","slugiddata":254475,"dKPIRSrs":false,"dNITIRSrs":false,"tps":"","dTHEMATICRSrs":true},{"_id":"255184","area":"IND001020","below":[],"indicator":105,"ius":"Adolescent counselled:Number:Total","rank":10,"src":6,"subgrp":1,"top":[],"tp":"2015-2016","trend":"up","value":"3996.0","slugiddata":255184,"dKPIRSrs":false,"dNITIRSrs":false,"tps":"","dTHEMATICRSrs":true},{"_id":"255894","area":"IND001020","below":[],"indicator":105,"ius":"Adolescent counselled:Number:Total","rank":12,"src":6,"subgrp":1,"top":[],"tp":"2016-2017","trend":"dn","value":"2792.0","slugiddata":255894,"dKPIRSrs":false,"dNITIRSrs":false,"tps":"","dTHEMATICRSrs":true},{"_id":"262842","area":"IND001020","below":[],"indicator":88,"ius":"1st trimester registration to total ANC registrations:Percent:Total","rank":11,"src":6,"subgrp":1,"top":[],"tp":"2017-2018","trend":"up","value":"70.5","slugiddata":262842,"dKPIRSrs":false,"dNITIRSrs":true,"tps":"","dTHEMATICRSrs":false},{"_id":"263578","area":"IND001020","below":[],"indicator":48,"ius":"Mothers who had at least 4 antenatal care visits:Percent:Total","rank":11,"src":6,"subgrp":1,"top":[],"tp":"2017-2018","trend":"na","value":"65.7","slugiddata":263578,"dKPIRSrs":false,"dNITIRSrs":true,"tps":"","dTHEMATICRSrs":false},{"_id":"264313","area":"IND001020","below":[],"indicator":12,"ius":"Home delivery conducted by skilled health personnel:Percent:Total","rank":9,"src":6,"subgrp":1,"top":[],"tp":"2017-2018","trend":"up","value":"7.5","slugiddata":264313,"dKPIRSrs":false,"dNITIRSrs":true,"tps":"","dTHEMATICRSrs":false},{"_id":"265041","area":"IND001020","below":[],"indicator":112,"ius":"Newborns having weight less than 2.5 kg to newborns weighed at birth:Percent:Total","rank":9,"src":6,"subgrp":1,"top":[],"tp":"2017-2018","trend":"up","value":"3.2","slugiddata":265041,"dKPIRSrs":true,"dNITIRSrs":true,"tps":"","dTHEMATICRSrs":false},{"_id":"265777","area":"IND001020","below":[],"indicator":111,"ius":"Newborns breastfed within 1 hour of birth to total live birth:Percent:Total","rank":13,"src":6,"subgrp":1,"top":[],"tp":"2017-2018","trend":"dn","value":"91.5","slugiddata":265777,"dKPIRSrs":false,"dNITIRSrs":true,"tps":"","dTHEMATICRSrs":false},{"_id":"266513","area":"IND001020","below":[],"indicator":109,"ius":"Percentage of institutional deliveries out of total ANC registration:Percent:Total","rank":7,"src":6,"subgrp":1,"top":[],"tp":"2017-2018","trend":"up","value":"53.2","slugiddata":266513,"dKPIRSrs":false,"dNITIRSrs":true,"tps":"","dTHEMATICRSrs":false},{"_id":"267249","area":"IND001020","below":[],"indicator":108,"ius":"Percentage of PW having Hb level<11 (tested cases) (7.1 to 10.9) against total ANC registration:Percent:Total","rank":17,"src":6,"subgrp":1,"top":[],"tp":"2017-2018","trend":"dn","value":"96.1","slugiddata":267249,"dKPIRSrs":false,"dNITIRSrs":true,"tps":"","dTHEMATICRSrs":false},{"_id":"267985","area":"IND001020","below":[],"indicator":113,"ius":"Percentage of PW having Hb level<7 (tested cases) against total ANC registration:Percent:Total","rank":13,"src":6,"subgrp":1,"top":[],"tp":"2017-2018","trend":"dn","value":"1.8","slugiddata":267985,"dKPIRSrs":false,"dNITIRSrs":true,"tps":"","dTHEMATICRSrs":false},{"_id":"268721","area":"IND001020","below":[],"indicator":110,"ius":"Proportion of live babies weighed at birth:Percent:Total","rank":15,"src":6,"subgrp":1,"top":[],"tp":"2017-2018","trend":"dn","value":"92.4","slugiddata":268721,"dKPIRSrs":false,"dNITIRSrs":true,"tps":"","dTHEMATICRSrs":false},{"_id":"269426","area":"IND001020","below":[],"indicator":108,"ius":"Percentage of PW having Hb level<11 (tested cases) (7.1 to 10.9) against total ANC registration:Percent:Total","rank":17,"src":6,"subgrp":1,"top":[],"tp":"2008-2009","trend":"na","value":"28.9","slugiddata":269426,"dKPIRSrs":false,"dNITIRSrs":true,"tps":"","dTHEMATICRSrs":false},{"_id":"270095","area":"IND001020","below":[],"indicator":108,"ius":"Percentage of PW having Hb level<11 (tested cases) (7.1 to 10.9) against total ANC registration:Percent:Total","rank":4,"src":6,"subgrp":1,"top":[],"tp":"2009-2010","trend":"up","value":"12.7","slugiddata":270095,"dKPIRSrs":false,"dNITIRSrs":true,"tps":"","dTHEMATICRSrs":false},{"_id":"270767","area":"IND001020","below":[],"indicator":108,"ius":"Percentage of PW having Hb level<11 (tested cases) (7.1 to 10.9) against total ANC registration:Percent:Total","rank":7,"src":6,"subgrp":1,"top":[],"tp":"2010-2011","trend":"dn","value":"14.1","slugiddata":270767,"dKPIRSrs":false,"dNITIRSrs":true,"tps":"","dTHEMATICRSrs":false},{"_id":"271447","area":"IND001020","below":[],"indicator":108,"ius":"Percentage of PW having Hb level<11 (tested cases) (7.1 to 10.9) against total ANC registration:Percent:Total","rank":3,"src":6,"subgrp":1,"top":[],"tp":"2011-2012","trend":"up","value":"13.9","slugiddata":271447,"dKPIRSrs":false,"dNITIRSrs":true,"tps":"","dTHEMATICRSrs":false},{"_id":"272146","area":"IND001020","below":[],"indicator":108,"ius":"Percentage of PW having Hb level<11 (tested cases) (7.1 to 10.9) against total ANC registration:Percent:Total","rank":1,"src":6,"subgrp":1,"top":[],"tp":"2012-2013","trend":"up","value":"4.7","slugiddata":272146,"dKPIRSrs":false,"dNITIRSrs":true,"tps":"","dTHEMATICRSrs":false},{"_id":"272846","area":"IND001020","below":[],"indicator":108,"ius":"Percentage of PW having Hb level<11 (tested cases) (7.1 to 10.9) against total ANC registration:Percent:Total","rank":4,"src":6,"subgrp":1,"top":[],"tp":"2013-2014","trend":"dn","value":"15.0","slugiddata":272846,"dKPIRSrs":false,"dNITIRSrs":true,"tps":"","dTHEMATICRSrs":false},{"_id":"273543","area":"IND001020","below":[],"indicator":108,"ius":"Percentage of PW having Hb level<11 (tested cases) (7.1 to 10.9) against total ANC registration:Percent:Total","rank":5,"src":6,"subgrp":1,"top":[],"tp":"2014-2015","trend":"dn","value":"17.4","slugiddata":273543,"dKPIRSrs":false,"dNITIRSrs":true,"tps":"","dTHEMATICRSrs":false},{"_id":"274254","area":"IND001020","below":[],"indicator":108,"ius":"Percentage of PW having Hb level<11 (tested cases) (7.1 to 10.9) against total ANC registration:Percent:Total","rank":11,"src":6,"subgrp":1,"top":[],"tp":"2015-2016","trend":"dn","value":"49.4","slugiddata":274254,"dKPIRSrs":false,"dNITIRSrs":true,"tps":"","dTHEMATICRSrs":false},{"_id":"274967","area":"IND001020","below":[],"indicator":108,"ius":"Percentage of PW having Hb level<11 (tested cases) (7.1 to 10.9) against total ANC registration:Percent:Total","rank":17,"src":6,"subgrp":1,"top":[],"tp":"2016-2017","trend":"dn","value":"80.8","slugiddata":274967,"dKPIRSrs":false,"dNITIRSrs":true,"tps":"","dTHEMATICRSrs":false},{"_id":"275651","area":"IND001020","below":[],"indicator":113,"ius":"Percentage of PW having Hb level<7 (tested cases) against total ANC registration:Percent:Total","rank":14,"src":6,"subgrp":1,"top":[],"tp":"2008-2009","trend":"na","value":"3.8","slugiddata":275651,"dKPIRSrs":false,"dNITIRSrs":true,"tps":"","dTHEMATICRSrs":false},{"_id":"276320","area":"IND001020","below":[],"indicator":113,"ius":"Percentage of PW having Hb level<7 (tested cases) against total ANC registration:Percent:Total","rank":4,"src":6,"subgrp":1,"top":[],"tp":"2009-2010","trend":"up","value":"1.9","slugiddata":276320,"dKPIRSrs":false,"dNITIRSrs":true,"tps":"","dTHEMATICRSrs":false},{"_id":"276992","area":"IND001020","below":[],"indicator":113,"ius":"Percentage of PW having Hb level<7 (tested cases) against total ANC registration:Percent:Total","rank":7,"src":6,"subgrp":1,"top":[],"tp":"2010-2011","trend":"dn","value":"2.6","slugiddata":276992,"dKPIRSrs":false,"dNITIRSrs":true,"tps":"","dTHEMATICRSrs":false},{"_id":"277672","area":"IND001020","below":[],"indicator":113,"ius":"Percentage of PW having Hb level<7 (tested cases) against total ANC registration:Percent:Total","rank":6,"src":6,"subgrp":1,"top":[],"tp":"2011-2012","trend":"up","value":"1.7","slugiddata":277672,"dKPIRSrs":false,"dNITIRSrs":true,"tps":"","dTHEMATICRSrs":false},{"_id":"278371","area":"IND001020","below":[],"indicator":113,"ius":"Percentage of PW having Hb level<7 (tested cases) against total ANC registration:Percent:Total","rank":1,"src":6,"subgrp":1,"top":[],"tp":"2012-2013","trend":"up","value":"0.0","slugiddata":278371,"dKPIRSrs":false,"dNITIRSrs":true,"tps":"","dTHEMATICRSrs":false},{"_id":"279071","area":"IND001020","below":[],"indicator":113,"ius":"Percentage of PW having Hb level<7 (tested cases) against total ANC registration:Percent:Total","rank":1,"src":6,"subgrp":1,"top":[],"tp":"2013-2014","trend":"eq","value":"0.0","slugiddata":279071,"dKPIRSrs":false,"dNITIRSrs":true,"tps":"","dTHEMATICRSrs":false},{"_id":"279768","area":"IND001020","below":[],"indicator":113,"ius":"Percentage of PW having Hb level<7 (tested cases) against total ANC registration:Percent:Total","rank":2,"src":6,"subgrp":1,"top":[],"tp":"2014-2015","trend":"dn","value":"0.1","slugiddata":279768,"dKPIRSrs":false,"dNITIRSrs":true,"tps":"","dTHEMATICRSrs":false},{"_id":"280479","area":"IND001020","below":[],"indicator":113,"ius":"Percentage of PW having Hb level<7 (tested cases) against total ANC registration:Percent:Total","rank":4,"src":6,"subgrp":1,"top":[],"tp":"2015-2016","trend":"dn","value":"0.8","slugiddata":280479,"dKPIRSrs":false,"dNITIRSrs":true,"tps":"","dTHEMATICRSrs":false},{"_id":"281192","area":"IND001020","below":[],"indicator":113,"ius":"Percentage of PW having Hb level<7 (tested cases) against total ANC registration:Percent:Total","rank":8,"src":6,"subgrp":1,"top":[],"tp":"2016-2017","trend":"dn","value":"1.1","slugiddata":281192,"dKPIRSrs":false,"dNITIRSrs":true,"tps":"","dTHEMATICRSrs":false},{"_id":"281876","area":"IND001020","below":[],"indicator":109,"ius":"Percentage of institutional deliveries out of total ANC registration:Percent:Total","rank":22,"src":6,"subgrp":1,"top":[],"tp":"2008-2009","trend":"na","value":"11.5","slugiddata":281876,"dKPIRSrs":false,"dNITIRSrs":true,"tps":"","dTHEMATICRSrs":false},{"_id":"282545","area":"IND001020","below":[],"indicator":109,"ius":"Percentage of institutional deliveries out of total ANC registration:Percent:Total","rank":19,"src":6,"subgrp":1,"top":[],"tp":"2009-2010","trend":"up","value":"16.3","slugiddata":282545,"dKPIRSrs":false,"dNITIRSrs":true,"tps":"","dTHEMATICRSrs":false},{"_id":"283217","area":"IND001020","below":[],"indicator":109,"ius":"Percentage of institutional deliveries out of total ANC registration:Percent:Total","rank":14,"src":6,"subgrp":1,"top":[],"tp":"2010-2011","trend":"up","value":"28.6","slugiddata":283217,"dKPIRSrs":false,"dNITIRSrs":true,"tps":"","dTHEMATICRSrs":false},{"_id":"283897","area":"IND001020","below":[],"indicator":109,"ius":"Percentage of institutional deliveries out of total ANC registration:Percent:Total","rank":11,"src":6,"subgrp":1,"top":[],"tp":"2011-2012","trend":"up","value":"35.1","slugiddata":283897,"dKPIRSrs":false,"dNITIRSrs":true,"tps":"","dTHEMATICRSrs":false},{"_id":"284596","area":"IND001020","below":[],"indicator":109,"ius":"Percentage of institutional deliveries out of total ANC registration:Percent:Total","rank":15,"src":6,"subgrp":1,"top":[],"tp":"2012-2013","trend":"up","value":"41.4","slugiddata":284596,"dKPIRSrs":false,"dNITIRSrs":true,"tps":"","dTHEMATICRSrs":false},{"_id":"285296","area":"IND001020","below":[],"indicator":109,"ius":"Percentage of institutional deliveries out of total ANC registration:Percent:Total","rank":15,"src":6,"subgrp":1,"top":[],"tp":"2013-2014","trend":"eq","value":"41.4","slugiddata":285296,"dKPIRSrs":false,"dNITIRSrs":true,"tps":"","dTHEMATICRSrs":false},{"_id":"285993","area":"IND001020","below":[],"indicator":109,"ius":"Percentage of institutional deliveries out of total ANC registration:Percent:Total","rank":18,"src":6,"subgrp":1,"top":[],"tp":"2014-2015","trend":"dn","value":"36.8","slugiddata":285993,"dKPIRSrs":false,"dNITIRSrs":true,"tps":"","dTHEMATICRSrs":false},{"_id":"286704","area":"IND001020","below":[],"indicator":109,"ius":"Percentage of institutional deliveries out of total ANC registration:Percent:Total","rank":19,"src":6,"subgrp":1,"top":[],"tp":"2015-2016","trend":"dn","value":"34.9","slugiddata":286704,"dKPIRSrs":false,"dNITIRSrs":true,"tps":"","dTHEMATICRSrs":false},{"_id":"287417","area":"IND001020","below":[],"indicator":109,"ius":"Percentage of institutional deliveries out of total ANC registration:Percent:Total","rank":20,"src":6,"subgrp":1,"top":[],"tp":"2016-2017","trend":"dn","value":"32.6","slugiddata":287417,"dKPIRSrs":false,"dNITIRSrs":true,"tps":"","dTHEMATICRSrs":false},{"_id":"288097","area":"IND001020","below":[],"indicator":110,"ius":"Proportion of live babies weighed at birth:Percent:Total","rank":14,"src":6,"subgrp":1,"top":[],"tp":"2008-2009","trend":"na","value":"40.9","slugiddata":288097,"dKPIRSrs":false,"dNITIRSrs":true,"tps":"","dTHEMATICRSrs":false},{"_id":"288762","area":"IND001020","below":[],"indicator":110,"ius":"Proportion of live babies weighed at birth:Percent:Total","rank":17,"src":6,"subgrp":1,"top":[],"tp":"2009-2010","trend":"dn","value":"40.5","slugiddata":288762,"dKPIRSrs":false,"dNITIRSrs":true,"tps":"","dTHEMATICRSrs":false},{"_id":"289434","area":"IND001020","below":[],"indicator":110,"ius":"Proportion of live babies weighed at birth:Percent:Total","rank":20,"src":6,"subgrp":1,"top":[],"tp":"2010-2011","trend":"dn","value":"36.6","slugiddata":289434,"dKPIRSrs":false,"dNITIRSrs":true,"tps":"","dTHEMATICRSrs":false},{"_id":"290115","area":"IND001020","below":[],"indicator":110,"ius":"Proportion of live babies weighed at birth:Percent:Total","rank":18,"src":6,"subgrp":1,"top":[],"tp":"2011-2012","trend":"up","value":"47.4","slugiddata":290115,"dKPIRSrs":false,"dNITIRSrs":true,"tps":"","dTHEMATICRSrs":false},{"_id":"290814","area":"IND001020","below":[],"indicator":110,"ius":"Proportion of live babies weighed at birth:Percent:Total","rank":19,"src":6,"subgrp":1,"top":[],"tp":"2012-2013","trend":"up","value":"54.5","slugiddata":290814,"dKPIRSrs":false,"dNITIRSrs":true,"tps":"","dTHEMATICRSrs":false},{"_id":"291514","area":"IND001020","below":[],"indicator":110,"ius":"Proportion of live babies weighed at birth:Percent:Total","rank":21,"src":6,"subgrp":1,"top":[],"tp":"2013-2014","trend":"up","value":"58.8","slugiddata":291514,"dKPIRSrs":false,"dNITIRSrs":true,"tps":"","dTHEMATICRSrs":false},{"_id":"292211","area":"IND001020","below":[],"indicator":110,"ius":"Proportion of live babies weighed at birth:Percent:Total","rank":20,"src":6,"subgrp":1,"top":[],"tp":"2014-2015","trend":"up","value":"66.5","slugiddata":292211,"dKPIRSrs":false,"dNITIRSrs":true,"tps":"","dTHEMATICRSrs":false},{"_id":"292922","area":"IND001020","below":[],"indicator":110,"ius":"Proportion of live babies weighed at birth:Percent:Total","rank":19,"src":6,"subgrp":1,"top":[],"tp":"2015-2016","trend":"up","value":"74.4","slugiddata":292922,"dKPIRSrs":false,"dNITIRSrs":true,"tps":"","dTHEMATICRSrs":false},{"_id":"293635","area":"IND001020","below":[],"indicator":110,"ius":"Proportion of live babies weighed at birth:Percent:Total","rank":10,"src":6,"subgrp":1,"top":[],"tp":"2016-2017","trend":"up","value":"97.3","slugiddata":293635,"dKPIRSrs":false,"dNITIRSrs":true,"tps":"","dTHEMATICRSrs":false},{"_id":"294395","area":"IND001020","below":[],"indicator":89,"ius":"Pregnant women received TT2 or Booster to total ANC registration:Percent:Total","rank":15,"src":6,"subgrp":1,"top":[],"tp":"2017-2018","trend":"up","value":"81.7","slugiddata":294395,"dKPIRSrs":false,"dNITIRSrs":false,"tps":"","dTHEMATICRSrs":true},{"_id":"295131","area":"IND001020","below":[],"indicator":92,"ius":"Women discharged in less than 48 hours of delivery to total reported deliveries at public institutions:Percent:Total","rank":22,"src":6,"subgrp":1,"top":[],"tp":"2017-2018","trend":"dn","value":"84.1","slugiddata":295131,"dKPIRSrs":false,"dNITIRSrs":false,"tps":"","dTHEMATICRSrs":true},{"_id":"295867","area":"IND001020","below":[],"indicator":14,"ius":"Institutional delivery:Percent:Total","rank":19,"src":6,"subgrp":1,"top":[],"tp":"2017-2018","trend":"up","value":"74.8","slugiddata":295867,"dKPIRSrs":false,"dNITIRSrs":false,"tps":"","dTHEMATICRSrs":false},{"_id":"297339","area":"IND001020","below":[],"indicator":93,"ius":"Home deliveries to total reported deliveries:Percent:Total","rank":19,"src":6,"subgrp":1,"top":[],"tp":"2017-2018","trend":"up","value":"25.2","slugiddata":297339,"dKPIRSrs":true,"dNITIRSrs":false,"tps":"","dTHEMATICRSrs":true},{"_id":"298075","area":"IND001020","below":[],"indicator":2,"ius":"Births delivered by caesarean section:Percent:Total","rank":22,"src":6,"subgrp":1,"top":[],"tp":"2017-2018","trend":"up","value":"1.6","slugiddata":298075,"dKPIRSrs":false,"dNITIRSrs":false,"tps":"","dTHEMATICRSrs":false},{"_id":"298811","area":"IND001020","below":[],"indicator":11,"ius":"Institutional delivery in public/government health facility:Percent:Total","rank":1,"src":6,"subgrp":1,"top":[],"tp":"2017-2018","trend":"eq","value":"100.0","slugiddata":298811,"dKPIRSrs":false,"dNITIRSrs":false,"tps":"","dTHEMATICRSrs":false},{"_id":"300272","area":"IND001020","below":[],"indicator":96,"ius":"MTPs conducted at public institutions to total MTPs:Percent:Total","rank":1,"src":6,"subgrp":1,"top":[],"tp":"2017-2018","trend":"eq","value":"100.0","slugiddata":300272,"dKPIRSrs":false,"dNITIRSrs":false,"tps":"","dTHEMATICRSrs":true},{"_id":"301683","area":"IND001020","below":[],"indicator":98,"ius":"Male sterilization (vasectomies) to total sterilization:Percent:Total","rank":8,"src":6,"subgrp":1,"top":[],"tp":"2017-2018","trend":"dn","value":"1.6","slugiddata":301683,"dKPIRSrs":false,"dNITIRSrs":false,"tps":"","dTHEMATICRSrs":true},{"_id":"302403","area":"IND001020","below":[],"indicator":99,"ius":"Post partum sterilizations to total female sterilizations:Percent:Total","rank":5,"src":6,"subgrp":1,"top":[],"tp":"2017-2018","trend":"dn","value":"1.3","slugiddata":302403,"dKPIRSrs":false,"dNITIRSrs":false,"tps":"","dTHEMATICRSrs":false},{"_id":"303868","area":"IND001020","below":[],"indicator":101,"ius":"IUCD insertions in public plus private institutions to all family planning methods ( IUCD plus permanent):Percent:Total","rank":7,"src":6,"subgrp":1,"top":[],"tp":"2017-2018","trend":"up","value":"81.0","slugiddata":303868,"dKPIRSrs":false,"dNITIRSrs":false,"tps":"","dTHEMATICRSrs":true},{"_id":"304604","area":"IND001020","below":[],"indicator":102,"ius":"Newborns given BCG to reported live birth:Percent:Total","rank":21,"src":6,"subgrp":1,"top":[],"tp":"2017-2018","trend":"dn","value":"98.0","slugiddata":304604,"dKPIRSrs":false,"dNITIRSrs":false,"tps":"","dTHEMATICRSrs":true},{"_id":"305340","area":"IND001020","below":[],"indicator":103,"ius":"Infants 0 to 11 months old who received measles vaccine to reported live births:Percent:Total","rank":13,"src":6,"subgrp":1,"top":[],"tp":"2017-2018","trend":"up","value":"111.4","slugiddata":305340,"dKPIRSrs":false,"dNITIRSrs":false,"tps":"","dTHEMATICRSrs":true},{"_id":"307549","area":"IND001020","below":[],"indicator":119,"ius":"Cases of Pregnant women with obstetric complications and attended to reported deliveries:Percent:Total","rank":17,"src":6,"subgrp":1,"top":[],"tp":"2008-2009","trend":"na","value":"0.0","slugiddata":307549,"dKPIRSrs":false,"dNITIRSrs":false,"tps":"","dTHEMATICRSrs":false},{"_id":"308218","area":"IND001020","below":[],"indicator":119,"ius":"Cases of Pregnant women with obstetric complications and attended to reported deliveries:Percent:Total","rank":13,"src":6,"subgrp":1,"top":[],"tp":"2009-2010","trend":"up","value":"1.8","slugiddata":308218,"dKPIRSrs":false,"dNITIRSrs":false,"tps":"","dTHEMATICRSrs":false},{"_id":"308890","area":"IND001020","below":[],"indicator":119,"ius":"Cases of Pregnant women with obstetric complications and attended to reported deliveries:Percent:Total","rank":17,"src":6,"subgrp":1,"top":[],"tp":"2010-2011","trend":"dn","value":"1.5","slugiddata":308890,"dKPIRSrs":false,"dNITIRSrs":false,"tps":"","dTHEMATICRSrs":false},{"_id":"309571","area":"IND001020","below":[],"indicator":119,"ius":"Cases of Pregnant women with obstetric complications and attended to reported deliveries:Percent:Total","rank":15,"src":6,"subgrp":1,"top":[],"tp":"2011-2012","trend":"up","value":"3.8","slugiddata":309571,"dKPIRSrs":false,"dNITIRSrs":false,"tps":"","dTHEMATICRSrs":false},{"_id":"310270","area":"IND001020","below":[],"indicator":119,"ius":"Cases of Pregnant women with obstetric complications and attended to reported deliveries:Percent:Total","rank":14,"src":6,"subgrp":1,"top":[],"tp":"2012-2013","trend":"up","value":"6.5","slugiddata":310270,"dKPIRSrs":false,"dNITIRSrs":false,"tps":"","dTHEMATICRSrs":false},{"_id":"310970","area":"IND001020","below":[],"indicator":119,"ius":"Cases of Pregnant women with obstetric complications and attended to reported deliveries:Percent:Total","rank":3,"src":6,"subgrp":1,"top":[],"tp":"2013-2014","trend":"up","value":"22.8","slugiddata":310970,"dKPIRSrs":false,"dNITIRSrs":false,"tps":"","dTHEMATICRSrs":false},{"_id":"311667","area":"IND001020","below":[],"indicator":119,"ius":"Cases of Pregnant women with obstetric complications and attended to reported deliveries:Percent:Total","rank":8,"src":6,"subgrp":1,"top":[],"tp":"2014-2015","trend":"dn","value":"13.0","slugiddata":311667,"dKPIRSrs":false,"dNITIRSrs":false,"tps":"","dTHEMATICRSrs":false},{"_id":"312378","area":"IND001020","below":[],"indicator":119,"ius":"Cases of Pregnant women with obstetric complications and attended to reported deliveries:Percent:Total","rank":7,"src":6,"subgrp":1,"top":[],"tp":"2015-2016","trend":"up","value":"18.5","slugiddata":312378,"dKPIRSrs":false,"dNITIRSrs":false,"tps":"","dTHEMATICRSrs":false},{"_id":"313091","area":"IND001020","below":[],"indicator":119,"ius":"Cases of Pregnant women with obstetric complications and attended to reported deliveries:Percent:Total","rank":13,"src":6,"subgrp":1,"top":[],"tp":"2016-2017","trend":"dn","value":"5.7","slugiddata":313091,"dKPIRSrs":false,"dNITIRSrs":false,"tps":"","dTHEMATICRSrs":false},{"_id":"313806","area":"IND001020","below":[],"indicator":119,"ius":"Cases of Pregnant women with obstetric complications and attended to reported deliveries:Percent:Total","rank":9,"src":6,"subgrp":1,"top":[],"tp":"2017-2018","trend":"dn","value":"3.3","slugiddata":313806,"dKPIRSrs":false,"dNITIRSrs":false,"tps":"","dTHEMATICRSrs":false},{"_id":"314542","area":"IND001020","below":[],"indicator":118,"ius":"Pregnant women given 180 IFA to total ANC registration:Percent:Total","rank":5,"src":6,"subgrp":1,"top":[],"tp":"2017-2018","trend":"na","value":"95.7","slugiddata":314542,"dKPIRSrs":false,"dNITIRSrs":false,"tps":"","dTHEMATICRSrs":false},{"_id":"315278","area":"IND001020","below":[],"indicator":88,"ius":"1st trimester registration to total ANC registrations:Percent:Total","rank":11,"src":6,"subgrp":1,"top":[],"tp":"Apr-Sep_2018","trend":"up","value":"78.2","slugiddata":315278,"dKPIRSrs":false,"dNITIRSrs":true,"tps":"","dTHEMATICRSrs":false},{"_id":"316017","area":"IND001020","below":[],"indicator":48,"ius":"Mothers who had at least 4 antenatal care visits:Percent:Total","rank":11,"src":6,"subgrp":1,"top":[],"tp":"Apr-Sep_2018","trend":"up","value":"73.5","slugiddata":316017,"dKPIRSrs":false,"dNITIRSrs":true,"tps":"","dTHEMATICRSrs":false},{"_id":"316756","area":"IND001020","below":[],"indicator":89,"ius":"Pregnant women received TT2 or Booster to total ANC registration:Percent:Total","rank":11,"src":6,"subgrp":1,"top":[],"tp":"Apr-Sep_2018","trend":"up","value":"92.3","slugiddata":316756,"dKPIRSrs":false,"dNITIRSrs":false,"tps":"","dTHEMATICRSrs":true},{"_id":"317495","area":"IND001020","below":[],"indicator":118,"ius":"Pregnant women given 180 IFA to total ANC registration:Percent:Total","rank":4,"src":6,"subgrp":1,"top":[],"tp":"Apr-Sep_2018","trend":"dn","value":"85.5","slugiddata":317495,"dKPIRSrs":false,"dNITIRSrs":false,"tps":"","dTHEMATICRSrs":false},{"_id":"318234","area":"IND001020","below":[],"indicator":108,"ius":"Percentage of PW having Hb level<11 (tested cases) (7.1 to 10.9) against total ANC registration:Percent:Total","rank":5,"src":6,"subgrp":1,"top":[],"tp":"Apr-Sep_2018","trend":"up","value":"49.1","slugiddata":318234,"dKPIRSrs":false,"dNITIRSrs":true,"tps":"","dTHEMATICRSrs":false},{"_id":"319711","area":"IND001020","below":[],"indicator":113,"ius":"Percentage of PW having Hb level<7 (tested cases) against total ANC registration:Percent:Total","rank":1,"src":6,"subgrp":1,"top":[],"tp":"Apr-Sep_2018","trend":"up","value":"0.0","slugiddata":319711,"dKPIRSrs":false,"dNITIRSrs":true,"tps":"","dTHEMATICRSrs":false},{"_id":"320450","area":"IND001020","below":[],"indicator":91,"ius":"New cases detected at institution for hypertension to total ANC registrations:Percent:Total","rank":13,"src":6,"subgrp":1,"top":[],"tp":"Apr-Sep_2018","trend":"dn","value":"3.6","slugiddata":320450,"dKPIRSrs":false,"dNITIRSrs":false,"tps":"","dTHEMATICRSrs":true},{"_id":"321186","area":"IND001020","below":[],"indicator":12,"ius":"Home delivery conducted by skilled health personnel:Percent:Total","rank":9,"src":6,"subgrp":1,"top":[],"tp":"Apr-Sep_2018","trend":"dn","value":"7.4","slugiddata":321186,"dKPIRSrs":false,"dNITIRSrs":true,"tps":"","dTHEMATICRSrs":false},{"_id":"321909","area":"IND001020","below":[],"indicator":92,"ius":"Women discharged in less than 48 hours of delivery to total reported deliveries at public institutions:Percent:Total","rank":22,"src":6,"subgrp":1,"top":[],"tp":"Apr-Sep_2018","trend":"dn","value":"89.6","slugiddata":321909,"dKPIRSrs":false,"dNITIRSrs":false,"tps":"","dTHEMATICRSrs":true},{"_id":"322648","area":"IND001020","below":[],"indicator":109,"ius":"Percentage of institutional deliveries out of total ANC registration:Percent:Total","rank":8,"src":6,"subgrp":1,"top":[],"tp":"Apr-Sep_2018","trend":"up","value":"60.5","slugiddata":322648,"dKPIRSrs":false,"dNITIRSrs":true,"tps":"","dTHEMATICRSrs":false},{"_id":"323387","area":"IND001020","below":[],"indicator":14,"ius":"Institutional delivery:Percent:Total","rank":19,"src":6,"subgrp":1,"top":[],"tp":"Apr-Sep_2018","trend":"up","value":"77.0","slugiddata":323387,"dKPIRSrs":false,"dNITIRSrs":false,"tps":"","dTHEMATICRSrs":false},{"_id":"324865","area":"IND001020","below":[],"indicator":93,"ius":"Home deliveries to total reported deliveries:Percent:Total","rank":19,"src":6,"subgrp":1,"top":[],"tp":"Apr-Sep_2018","trend":"up","value":"23.0","slugiddata":324865,"dKPIRSrs":true,"dNITIRSrs":false,"tps":"","dTHEMATICRSrs":true},{"_id":"325604","area":"IND001020","below":[],"indicator":2,"ius":"Births delivered by caesarean section:Percent:Total","rank":22,"src":6,"subgrp":1,"top":[],"tp":"Apr-Sep_2018","trend":"eq","value":"1.6","slugiddata":325604,"dKPIRSrs":false,"dNITIRSrs":false,"tps":"","dTHEMATICRSrs":false},{"_id":"326343","area":"IND001020","below":[],"indicator":11,"ius":"Institutional delivery in public/government health facility:Percent:Total","rank":1,"src":6,"subgrp":1,"top":[],"tp":"Apr-Sep_2018","trend":"eq","value":"100.0","slugiddata":326343,"dKPIRSrs":false,"dNITIRSrs":false,"tps":"","dTHEMATICRSrs":false},{"_id":"327821","area":"IND001020","below":[],"indicator":110,"ius":"Proportion of live babies weighed at birth:Percent:Total","rank":18,"src":6,"subgrp":1,"top":[],"tp":"Apr-Sep_2018","trend":"dn","value":"91.7","slugiddata":327821,"dKPIRSrs":false,"dNITIRSrs":true,"tps":"","dTHEMATICRSrs":false},{"_id":"328560","area":"IND001020","below":[],"indicator":112,"ius":"Newborns having weight less than 2.5 kg to newborns weighed at birth:Percent:Total","rank":12,"src":6,"subgrp":1,"top":[],"tp":"Apr-Sep_2018","trend":"dn","value":"4.8","slugiddata":328560,"dKPIRSrs":true,"dNITIRSrs":true,"tps":"","dTHEMATICRSrs":false},{"_id":"329299","area":"IND001020","below":[],"indicator":111,"ius":"Newborns breastfed within 1 hour of birth to total live birth:Percent:Total","rank":13,"src":6,"subgrp":1,"top":[],"tp":"Apr-Sep_2018","trend":"dn","value":"90.5","slugiddata":329299,"dKPIRSrs":false,"dNITIRSrs":true,"tps":"","dTHEMATICRSrs":false},{"_id":"330777","area":"IND001020","below":[],"indicator":119,"ius":"Cases of Pregnant women with obstetric complications and attended to reported deliveries:Percent:Total","rank":6,"src":6,"subgrp":1,"top":[],"tp":"Apr-Sep_2018","trend":"up","value":"5.1","slugiddata":330777,"dKPIRSrs":false,"dNITIRSrs":false,"tps":"","dTHEMATICRSrs":false},{"_id":"331496","area":"IND001020","below":[],"indicator":96,"ius":"MTPs conducted at public institutions to total MTPs:Percent:Total","rank":1,"src":6,"subgrp":1,"top":[],"tp":"Apr-Sep_2018","trend":"eq","value":"100.0","slugiddata":331496,"dKPIRSrs":false,"dNITIRSrs":false,"tps":"","dTHEMATICRSrs":true},{"_id":"332885","area":"IND001020","below":[],"indicator":98,"ius":"Male sterilization (vasectomies) to total sterilization:Percent:Total","rank":1,"src":6,"subgrp":1,"top":[],"tp":"Apr-Sep_2018","trend":"up","value":"24.0","slugiddata":332885,"dKPIRSrs":false,"dNITIRSrs":false,"tps":"","dTHEMATICRSrs":true},{"_id":"333596","area":"IND001020","below":[],"indicator":99,"ius":"Post partum sterilizations to total female sterilizations:Percent:Total","rank":1,"src":6,"subgrp":1,"top":[],"tp":"Apr-Sep_2018","trend":"up","value":"0.0","slugiddata":333596,"dKPIRSrs":false,"dNITIRSrs":false,"tps":"","dTHEMATICRSrs":false},{"_id":"335058","area":"IND001020","below":[],"indicator":101,"ius":"IUCD insertions in public plus private institutions to all family planning methods ( IUCD plus permanent):Percent:Total","rank":2,"src":6,"subgrp":1,"top":[],"tp":"Apr-Sep_2018","trend":"up","value":"94.7","slugiddata":335058,"dKPIRSrs":false,"dNITIRSrs":false,"tps":"","dTHEMATICRSrs":true},{"_id":"335797","area":"IND001020","below":[],"indicator":102,"ius":"Newborns given BCG to reported live birth:Percent:Total","rank":21,"src":6,"subgrp":1,"top":[],"tp":"Apr-Sep_2018","trend":"dn","value":"93.7","slugiddata":335797,"dKPIRSrs":false,"dNITIRSrs":false,"tps":"","dTHEMATICRSrs":true},{"_id":"336536","area":"IND001020","below":[],"indicator":103,"ius":"Infants 0 to 11 months old who received measles vaccine to reported live births:Percent:Total","rank":18,"src":6,"subgrp":1,"top":[],"tp":"Apr-Sep_2018","trend":"dn","value":"96.7","slugiddata":336536,"dKPIRSrs":false,"dNITIRSrs":false,"tps":"","dTHEMATICRSrs":true},{"_id":"386619","area":"IND001020","below":[],"indicator":10,"ius":"Current Usage FP - Female sterilization:Percent:Total","rank":6,"src":1,"subgrp":1,"top":[],"tp":"2015-2016","trend":"na","value":"27.5","slugiddata":386619,"dKPIRSrs":false,"dNITIRSrs":false,"tps":"","dTHEMATICRSrs":true},{"_id":"387242","area":"IND001020","below":[],"indicator":53,"ius":"Unmet Need for FP - Unmet need for spacing:Percent:Total","rank":19,"src":1,"subgrp":1,"top":[],"tp":"2015-2016","trend":"na","value":"10.4","slugiddata":387242,"dKPIRSrs":false,"dNITIRSrs":false,"tps":"","dTHEMATICRSrs":true},{"_id":"387865","area":"IND001020","below":[],"indicator":48,"ius":"Mothers who had at least 4 antenatal care visits:Percent:Total","rank":18,"src":1,"subgrp":1,"top":[],"tp":"2015-2016","trend":"na","value":"57.7","slugiddata":387865,"dKPIRSrs":false,"dNITIRSrs":false,"tps":"","dTHEMATICRSrs":true},{"_id":"388488","area":"IND001020","below":[],"indicator":33,"ius":"Mothers who received post-natal check-up within 48 hrs. of delivery:Percent:Total","rank":20,"src":1,"subgrp":1,"top":[],"tp":"2015-2016","trend":"na","value":"47.7","slugiddata":388488,"dKPIRSrs":false,"dNITIRSrs":false,"tps":"","dTHEMATICRSrs":false},{"_id":"389734","area":"IND001020","below":[],"indicator":12,"ius":"Home delivery conducted by skilled health personnel:Percent:Total","rank":4,"src":1,"subgrp":1,"top":[],"tp":"2015-2016","trend":"na","value":"3.3","slugiddata":389734,"dKPIRSrs":false,"dNITIRSrs":false,"tps":"","dTHEMATICRSrs":false},{"_id":"390980","area":"IND001020","below":[],"indicator":2,"ius":"Births delivered by caesarean section:Percent:Total","rank":18,"src":1,"subgrp":1,"top":[],"tp":"2015-2016","trend":"na","value":"17.5","slugiddata":390980,"dKPIRSrs":false,"dNITIRSrs":false,"tps":"","dTHEMATICRSrs":true},{"_id":"393681","area":"IND001020","below":[],"indicator":58,"ius":"Children who are severely wasted (weight-for-height)/severe acute malnourished (SAM):Percent:Total","rank":12,"src":1,"subgrp":1,"top":[],"tp":"2015-2016","trend":"na","value":"6.8","slugiddata":393681,"dKPIRSrs":false,"dNITIRSrs":true,"tps":"","dTHEMATICRSrs":true},{"_id":"394304","area":"IND001020","below":[],"indicator":56,"ius":"Children who are underweight (weight-for-age):Percent:Total","rank":18,"src":1,"subgrp":1,"top":[],"tp":"2015-2016","trend":"na","value":"22.7","slugiddata":394304,"dKPIRSrs":false,"dNITIRSrs":true,"tps":"","dTHEMATICRSrs":true},{"_id":"394927","area":"IND001020","below":[],"indicator":28,"ius":"Children aged (6-59 months) who are anaemic (<11.0 g/dl):Percent:Total","rank":18,"src":1,"subgrp":1,"top":[],"tp":"2015-2016","trend":"na","value":"54.4","slugiddata":394927,"dKPIRSrs":false,"dNITIRSrs":false,"tps":"","dTHEMATICRSrs":true},{"_id":"396368","area":"IND001020","below":[],"indicator":1,"ius":"Current Usage FP - Any modern method:Percent:Total","rank":8,"src":1,"subgrp":1,"top":[],"tp":"2015-2016","trend":"na","value":"47.1","slugiddata":396368,"dKPIRSrs":true,"dNITIRSrs":false,"tps":"","dTHEMATICRSrs":true},{"_id":"396991","area":"IND001020","below":[],"indicator":9,"ius":"Current Usage FP - Copper-T/IUD/PPIUD:Percent:Total","rank":9,"src":1,"subgrp":1,"top":[],"tp":"2015-2016","trend":"na","value":"1.8","slugiddata":396991,"dKPIRSrs":true,"dNITIRSrs":false,"tps":"","dTHEMATICRSrs":true},{"_id":"397614","area":"IND001020","below":[],"indicator":51,"ius":"Unmet Need for FP - Total unmet need:Percent:Total","rank":18,"src":1,"subgrp":1,"top":[],"tp":"2015-2016","trend":"na","value":"15.3","slugiddata":397614,"dKPIRSrs":true,"dNITIRSrs":false,"tps":"","dTHEMATICRSrs":true},{"_id":"398237","area":"IND001020","below":[],"indicator":44,"ius":"Mothers who had antenatal check-up in the first trimester:Percent:Total","rank":21,"src":1,"subgrp":1,"top":[],"tp":"2015-2016","trend":"na","value":"54.2","slugiddata":398237,"dKPIRSrs":true,"dNITIRSrs":false,"tps":"","dTHEMATICRSrs":true},{"_id":"398860","area":"IND001020","below":[],"indicator":45,"ius":"Mothers who had full antenatal care:Percent:Total","rank":8,"src":1,"subgrp":1,"top":[],"tp":"2015-2016","trend":"na","value":"26.7","slugiddata":398860,"dKPIRSrs":true,"dNITIRSrs":false,"tps":"","dTHEMATICRSrs":false},{"_id":"399483","area":"IND001020","below":[],"indicator":59,"ius":"Children who received a health check after birth from a doctor/nurse/LHV/ANM/midwife/other health personnel within 2 days of birth:Percent:Total","rank":16,"src":1,"subgrp":1,"top":[],"tp":"2015-2016","trend":"na","value":"9.6","slugiddata":399483,"dKPIRSrs":true,"dNITIRSrs":false,"tps":"","dTHEMATICRSrs":true},{"_id":"400106","area":"IND001020","below":[],"indicator":14,"ius":"Institutional delivery:Percent:Total","rank":20,"src":1,"subgrp":1,"top":[],"tp":"2015-2016","trend":"na","value":"62.6","slugiddata":400106,"dKPIRSrs":true,"dNITIRSrs":false,"tps":"","dTHEMATICRSrs":true},{"_id":"400729","area":"IND001020","below":[],"indicator":11,"ius":"Institutional delivery in public/government health facility:Percent:Total","rank":19,"src":1,"subgrp":1,"top":[],"tp":"2015-2016","trend":"na","value":"60.1","slugiddata":400729,"dKPIRSrs":true,"dNITIRSrs":false,"tps":"","dTHEMATICRSrs":true},{"_id":"401350","area":"IND001020","below":[],"indicator":5,"ius":"Children fully immunized:Percent:Total","rank":15,"src":1,"subgrp":1,"top":[],"tp":"2015-2016","trend":"na","value":"73.1","slugiddata":401350,"dKPIRSrs":true,"dNITIRSrs":true,"tps":"","dTHEMATICRSrs":true},{"_id":"402231","area":"IND001020","below":[],"indicator":7,"ius":"Children with acute respiratory infection or fever in last 2 weeks and sought advice/treatment/taken to a health facility:Percent:Total","rank":17,"src":1,"subgrp":1,"top":[],"tp":"2015-2016","trend":"na","value":"53.3","slugiddata":402231,"dKPIRSrs":true,"dNITIRSrs":true,"tps":"","dTHEMATICRSrs":true},{"_id":"402770","area":"IND001020","below":[],"indicator":6,"ius":"Children breastfed within one hour of birth:Percent:Total","rank":9,"src":1,"subgrp":1,"top":[],"tp":"2015-2016","trend":"na","value":"47.6","slugiddata":402770,"dKPIRSrs":true,"dNITIRSrs":false,"tps":"","dTHEMATICRSrs":true},{"_id":"403334","area":"IND001020","below":[],"indicator":4,"ius":"Children under age 6 months exclusively breastfed:Percent:Total","rank":14,"src":1,"subgrp":1,"top":[],"tp":"2015-2016","trend":"na","value":"47.1","slugiddata":403334,"dKPIRSrs":true,"dNITIRSrs":false,"tps":"","dTHEMATICRSrs":false},{"_id":"403788","area":"IND001020","below":[],"indicator":42,"ius":"Pregnant women aged (15-49 years) who are anaemic (<11.0 g/dl):Percent:Total","rank":4,"src":1,"subgrp":1,"top":[],"tp":"2015-2016","trend":"na","value":"26.3","slugiddata":403788,"dKPIRSrs":true,"dNITIRSrs":false,"tps":"","dTHEMATICRSrs":true},{"_id":"405452","area":"IND001020","below":[],"indicator":57,"ius":"Children who are wasted (weight-for-height)/moderate acute malnourished (MAM):Percent:Total","rank":19,"src":1,"subgrp":1,"top":[],"tp":"2015-2016","trend":"na","value":"17.4","slugiddata":405452,"dKPIRSrs":false,"dNITIRSrs":true,"tps":"","dTHEMATICRSrs":false},{"_id":"406834","area":"IND001020","below":[],"indicator":116,"ius":"Children who are stunted (height-for-age):Percent:Total","rank":11,"src":1,"subgrp":1,"top":[],"tp":"2015-2016","trend":"na","value":"25.4","slugiddata":406834,"dKPIRSrs":false,"dNITIRSrs":true,"tps":"","dTHEMATICRSrs":false},{"_id":"407491","area":"IND001020","below":[],"indicator":114,"ius":"Breastfeeding children receiving adequate diet (6-23 months):Percent:Total","rank":10,"src":1,"subgrp":1,"top":[],"tp":"2015-2016","trend":"na","value":"24.1","slugiddata":407491,"dKPIRSrs":false,"dNITIRSrs":true,"tps":"","dTHEMATICRSrs":false},{"_id":"79116","area":"IND001020","below":[],"indicator":88,"ius":"1st trimester registration to total ANC registrations:Percent:Total","rank":18,"src":6,"subgrp":1,"top":[],"tp":"2008-2009","trend":"na","value":"16.2","slugiddata":79116,"dKPIRSrs":false,"dNITIRSrs":true,"tps":"","dTHEMATICRSrs":false},{"_id":"79785","area":"IND001020","below":[],"indicator":88,"ius":"1st trimester registration to total ANC registrations:Percent:Total","rank":21,"src":6,"subgrp":1,"top":[],"tp":"2009-2010","trend":"up","value":"22.5","slugiddata":79785,"dKPIRSrs":false,"dNITIRSrs":true,"tps":"","dTHEMATICRSrs":false},{"_id":"80457","area":"IND001020","below":[],"indicator":88,"ius":"1st trimester registration to total ANC registrations:Percent:Total","rank":19,"src":6,"subgrp":1,"top":[],"tp":"2010-2011","trend":"up","value":"34.0","slugiddata":80457,"dKPIRSrs":false,"dNITIRSrs":true,"tps":"","dTHEMATICRSrs":false},{"_id":"81137","area":"IND001020","below":[],"indicator":88,"ius":"1st trimester registration to total ANC registrations:Percent:Total","rank":12,"src":6,"subgrp":1,"top":[],"tp":"2011-2012","trend":"up","value":"50.9","slugiddata":81137,"dKPIRSrs":false,"dNITIRSrs":true,"tps":"","dTHEMATICRSrs":false},{"_id":"81836","area":"IND001020","below":[],"indicator":88,"ius":"1st trimester registration to total ANC registrations:Percent:Total","rank":19,"src":6,"subgrp":1,"top":[],"tp":"2012-2013","trend":"dn","value":"38.8","slugiddata":81836,"dKPIRSrs":false,"dNITIRSrs":true,"tps":"","dTHEMATICRSrs":false},{"_id":"82536","area":"IND001020","below":[],"indicator":88,"ius":"1st trimester registration to total ANC registrations:Percent:Total","rank":21,"src":6,"subgrp":1,"top":[],"tp":"2013-2014","trend":"dn","value":"35.4","slugiddata":82536,"dKPIRSrs":false,"dNITIRSrs":true,"tps":"","dTHEMATICRSrs":false},{"_id":"83233","area":"IND001020","below":[],"indicator":88,"ius":"1st trimester registration to total ANC registrations:Percent:Total","rank":19,"src":6,"subgrp":1,"top":[],"tp":"2014-2015","trend":"up","value":"40.0","slugiddata":83233,"dKPIRSrs":false,"dNITIRSrs":true,"tps":"","dTHEMATICRSrs":false},{"_id":"83944","area":"IND001020","below":[],"indicator":88,"ius":"1st trimester registration to total ANC registrations:Percent:Total","rank":15,"src":6,"subgrp":1,"top":[],"tp":"2015-2016","trend":"up","value":"48.5","slugiddata":83944,"dKPIRSrs":false,"dNITIRSrs":true,"tps":"","dTHEMATICRSrs":false},{"_id":"84657","area":"IND001020","below":[],"indicator":88,"ius":"1st trimester registration to total ANC registrations:Percent:Total","rank":21,"src":6,"subgrp":1,"top":[],"tp":"2016-2017","trend":"dn","value":"43.7","slugiddata":84657,"dKPIRSrs":false,"dNITIRSrs":true,"tps":"","dTHEMATICRSrs":false},{"_id":"85341","area":"IND001020","below":[],"indicator":46,"ius":"Mothers who received 3 or more antenatal care:Percent:Total","rank":8,"src":6,"subgrp":1,"top":[],"tp":"2008-2009","trend":"na","value":"47.9","slugiddata":85341,"dKPIRSrs":false,"dNITIRSrs":false,"tps":"","dTHEMATICRSrs":false},{"_id":"86010","area":"IND001020","below":[],"indicator":46,"ius":"Mothers who received 3 or more antenatal care:Percent:Total","rank":1,"src":6,"subgrp":1,"top":[],"tp":"2009-2010","trend":"up","value":"84.3","slugiddata":86010,"dKPIRSrs":false,"dNITIRSrs":false,"tps":"","dTHEMATICRSrs":false},{"_id":"86682","area":"IND001020","below":[],"indicator":46,"ius":"Mothers who received 3 or more antenatal care:Percent:Total","rank":19,"src":6,"subgrp":1,"top":[],"tp":"2010-2011","trend":"dn","value":"30.1","slugiddata":86682,"dKPIRSrs":false,"dNITIRSrs":false,"tps":"","dTHEMATICRSrs":false},{"_id":"87362","area":"IND001020","below":[],"indicator":46,"ius":"Mothers who received 3 or more antenatal care:Percent:Total","rank":18,"src":6,"subgrp":1,"top":[],"tp":"2011-2012","trend":"up","value":"35.6","slugiddata":87362,"dKPIRSrs":false,"dNITIRSrs":false,"tps":"","dTHEMATICRSrs":false},{"_id":"88061","area":"IND001020","below":[],"indicator":46,"ius":"Mothers who received 3 or more antenatal care:Percent:Total","rank":19,"src":6,"subgrp":1,"top":[],"tp":"2012-2013","trend":"up","value":"44.3","slugiddata":88061,"dKPIRSrs":false,"dNITIRSrs":false,"tps":"","dTHEMATICRSrs":false},{"_id":"88761","area":"IND001020","below":[],"indicator":46,"ius":"Mothers who received 3 or more antenatal care:Percent:Total","rank":20,"src":6,"subgrp":1,"top":[],"tp":"2013-2014","trend":"up","value":"44.4","slugiddata":88761,"dKPIRSrs":false,"dNITIRSrs":false,"tps":"","dTHEMATICRSrs":false},{"_id":"89458","area":"IND001020","below":[],"indicator":46,"ius":"Mothers who received 3 or more antenatal care:Percent:Total","rank":17,"src":6,"subgrp":1,"top":[],"tp":"2014-2015","trend":"up","value":"61.3","slugiddata":89458,"dKPIRSrs":false,"dNITIRSrs":false,"tps":"","dTHEMATICRSrs":false},{"_id":"90169","area":"IND001020","below":[],"indicator":46,"ius":"Mothers who received 3 or more antenatal care:Percent:Total","rank":17,"src":6,"subgrp":1,"top":[],"tp":"2015-2016","trend":"up","value":"65.7","slugiddata":90169,"dKPIRSrs":false,"dNITIRSrs":false,"tps":"","dTHEMATICRSrs":false},{"_id":"90882","area":"IND001020","below":[],"indicator":46,"ius":"Mothers who received 3 or more antenatal care:Percent:Total","rank":20,"src":6,"subgrp":1,"top":[],"tp":"2016-2017","trend":"dn","value":"57.5","slugiddata":90882,"dKPIRSrs":false,"dNITIRSrs":false,"tps":"","dTHEMATICRSrs":false},{"_id":"91566","area":"IND001020","below":[],"indicator":89,"ius":"Pregnant women received TT2 or Booster to total ANC registration:Percent:Total","rank":11,"src":6,"subgrp":1,"top":[],"tp":"2008-2009","trend":"na","value":"69.0","slugiddata":91566,"dKPIRSrs":false,"dNITIRSrs":false,"tps":"","dTHEMATICRSrs":true},{"_id":"92235","area":"IND001020","below":[],"indicator":89,"ius":"Pregnant women received TT2 or Booster to total ANC registration:Percent:Total","rank":4,"src":6,"subgrp":1,"top":[],"tp":"2009-2010","trend":"up","value":"83.0","slugiddata":92235,"dKPIRSrs":false,"dNITIRSrs":false,"tps":"","dTHEMATICRSrs":true},{"_id":"92907","area":"IND001020","below":[],"indicator":89,"ius":"Pregnant women received TT2 or Booster to total ANC registration:Percent:Total","rank":13,"src":6,"subgrp":1,"top":[],"tp":"2010-2011","trend":"dn","value":"56.8","slugiddata":92907,"dKPIRSrs":false,"dNITIRSrs":false,"tps":"","dTHEMATICRSrs":true},{"_id":"93587","area":"IND001020","below":[],"indicator":89,"ius":"Pregnant women received TT2 or Booster to total ANC registration:Percent:Total","rank":11,"src":6,"subgrp":1,"top":[],"tp":"2011-2012","trend":"up","value":"61.8","slugiddata":93587,"dKPIRSrs":false,"dNITIRSrs":false,"tps":"","dTHEMATICRSrs":true},{"_id":"94286","area":"IND001020","below":[],"indicator":89,"ius":"Pregnant women received TT2 or Booster to total ANC registration:Percent:Total","rank":13,"src":6,"subgrp":1,"top":[],"tp":"2012-2013","trend":"dn","value":"59.2","slugiddata":94286,"dKPIRSrs":false,"dNITIRSrs":false,"tps":"","dTHEMATICRSrs":true},{"_id":"94986","area":"IND001020","below":[],"indicator":89,"ius":"Pregnant women received TT2 or Booster to total ANC registration:Percent:Total","rank":16,"src":6,"subgrp":1,"top":[],"tp":"2013-2014","trend":"dn","value":"58.7","slugiddata":94986,"dKPIRSrs":false,"dNITIRSrs":false,"tps":"","dTHEMATICRSrs":true},{"_id":"95683","area":"IND001020","below":[],"indicator":89,"ius":"Pregnant women received TT2 or Booster to total ANC registration:Percent:Total","rank":12,"src":6,"subgrp":1,"top":[],"tp":"2014-2015","trend":"up","value":"73.5","slugiddata":95683,"dKPIRSrs":false,"dNITIRSrs":false,"tps":"","dTHEMATICRSrs":true},{"_id":"96394","area":"IND001020","below":[],"indicator":89,"ius":"Pregnant women received TT2 or Booster to total ANC registration:Percent:Total","rank":15,"src":6,"subgrp":1,"top":[],"tp":"2015-2016","trend":"dn","value":"69.9","slugiddata":96394,"dKPIRSrs":false,"dNITIRSrs":false,"tps":"","dTHEMATICRSrs":true},{"_id":"97107","area":"IND001020","below":[],"indicator":89,"ius":"Pregnant women received TT2 or Booster to total ANC registration:Percent:Total","rank":20,"src":6,"subgrp":1,"top":[],"tp":"2016-2017","trend":"dn","value":"47.5","slugiddata":97107,"dKPIRSrs":false,"dNITIRSrs":false,"tps":"","dTHEMATICRSrs":true}]