[{"_id":"263209","area":"IND036026","below":[],"indicator":88,"ius":"1st trimester registration to total ANC registrations:Percent:Total","rank":2,"src":6,"subgrp":1,"top":[],"tp":"2017-2018","trend":"na","value":"76.2","slugiddata":263209,"dKPIRSrs":false,"dNITIRSrs":true,"tps":"","dTHEMATICRSrs":false},{"_id":"263945","area":"IND036026","below":[],"indicator":48,"ius":"Mothers who had at least 4 antenatal care visits:Percent:Total","rank":1,"src":6,"subgrp":1,"top":[],"tp":"2017-2018","trend":"na","value":"159.2","slugiddata":263945,"dKPIRSrs":false,"dNITIRSrs":true,"tps":"","dTHEMATICRSrs":false},{"_id":"264674","area":"IND036026","below":[],"indicator":12,"ius":"Home delivery conducted by skilled health personnel:Percent:Total","rank":22,"src":6,"subgrp":1,"top":[],"tp":"2017-2018","trend":"na","value":"40.5","slugiddata":264674,"dKPIRSrs":false,"dNITIRSrs":true,"tps":"","dTHEMATICRSrs":false},{"_id":"265408","area":"IND036026","below":[],"indicator":112,"ius":"Newborns having weight less than 2.5 kg to newborns weighed at birth:Percent:Total","rank":20,"src":6,"subgrp":1,"top":[],"tp":"2017-2018","trend":"na","value":"14.5","slugiddata":265408,"dKPIRSrs":true,"dNITIRSrs":true,"tps":"","dTHEMATICRSrs":false},{"_id":"266144","area":"IND036026","below":[],"indicator":111,"ius":"Newborns breastfed within 1 hour of birth to total live birth:Percent:Total","rank":4,"src":6,"subgrp":1,"top":[],"tp":"2017-2018","trend":"na","value":"96.7","slugiddata":266144,"dKPIRSrs":false,"dNITIRSrs":true,"tps":"","dTHEMATICRSrs":false},{"_id":"266880","area":"IND036026","below":[],"indicator":109,"ius":"Percentage of institutional deliveries out of total ANC registration:Percent:Total","rank":6,"src":6,"subgrp":1,"top":[],"tp":"2017-2018","trend":"na","value":"41.4","slugiddata":266880,"dKPIRSrs":false,"dNITIRSrs":true,"tps":"","dTHEMATICRSrs":false},{"_id":"267616","area":"IND036026","below":[],"indicator":108,"ius":"Percentage of PW having Hb level<11 (tested cases) (7.1 to 10.9) against total ANC registration:Percent:Total","rank":28,"src":6,"subgrp":1,"top":[],"tp":"2017-2018","trend":"na","value":"113.5","slugiddata":267616,"dKPIRSrs":false,"dNITIRSrs":true,"tps":"","dTHEMATICRSrs":false},{"_id":"268352","area":"IND036026","below":[],"indicator":113,"ius":"Percentage of PW having Hb level<7 (tested cases) against total ANC registration:Percent:Total","rank":24,"src":6,"subgrp":1,"top":[],"tp":"2017-2018","trend":"na","value":"79.8","slugiddata":268352,"dKPIRSrs":false,"dNITIRSrs":true,"tps":"","dTHEMATICRSrs":false},{"_id":"269088","area":"IND036026","below":[],"indicator":110,"ius":"Proportion of live babies weighed at birth:Percent:Total","rank":6,"src":6,"subgrp":1,"top":[],"tp":"2017-2018","trend":"na","value":"97.2","slugiddata":269088,"dKPIRSrs":false,"dNITIRSrs":true,"tps":"","dTHEMATICRSrs":false},{"_id":"294762","area":"IND036026","below":[],"indicator":89,"ius":"Pregnant women received TT2 or Booster to total ANC registration:Percent:Total","rank":4,"src":6,"subgrp":1,"top":[],"tp":"2017-2018","trend":"na","value":"107.9","slugiddata":294762,"dKPIRSrs":false,"dNITIRSrs":false,"tps":"","dTHEMATICRSrs":true},{"_id":"295498","area":"IND036026","below":[],"indicator":92,"ius":"Women discharged in less than 48 hours of delivery to total reported deliveries at public institutions:Percent:Total","rank":12,"src":6,"subgrp":1,"top":[],"tp":"2017-2018","trend":"na","value":"41.2","slugiddata":295498,"dKPIRSrs":false,"dNITIRSrs":false,"tps":"","dTHEMATICRSrs":true},{"_id":"296234","area":"IND036026","below":[],"indicator":14,"ius":"Institutional delivery:Percent:Total","rank":6,"src":6,"subgrp":1,"top":[],"tp":"2017-2018","trend":"na","value":"99.5","slugiddata":296234,"dKPIRSrs":false,"dNITIRSrs":false,"tps":"","dTHEMATICRSrs":false},{"_id":"297706","area":"IND036026","below":[],"indicator":93,"ius":"Home deliveries to total reported deliveries:Percent:Total","rank":6,"src":6,"subgrp":1,"top":[],"tp":"2017-2018","trend":"na","value":"0.5","slugiddata":297706,"dKPIRSrs":true,"dNITIRSrs":false,"tps":"","dTHEMATICRSrs":true},{"_id":"298442","area":"IND036026","below":[],"indicator":2,"ius":"Births delivered by caesarean section:Percent:Total","rank":18,"src":6,"subgrp":1,"top":[],"tp":"2017-2018","trend":"na","value":"39.7","slugiddata":298442,"dKPIRSrs":false,"dNITIRSrs":false,"tps":"","dTHEMATICRSrs":false},{"_id":"299178","area":"IND036026","below":[],"indicator":11,"ius":"Institutional delivery in public/government health facility:Percent:Total","rank":1,"src":6,"subgrp":1,"top":[],"tp":"2017-2018","trend":"na","value":"100.0","slugiddata":299178,"dKPIRSrs":false,"dNITIRSrs":false,"tps":"","dTHEMATICRSrs":false},{"_id":"300624","area":"IND036026","below":[],"indicator":96,"ius":"MTPs conducted at public institutions to total MTPs:Percent:Total","rank":1,"src":6,"subgrp":1,"top":[],"tp":"2017-2018","trend":"na","value":"100.0","slugiddata":300624,"dKPIRSrs":false,"dNITIRSrs":false,"tps":"","dTHEMATICRSrs":true},{"_id":"302044","area":"IND036026","below":[],"indicator":98,"ius":"Male sterilization (vasectomies) to total sterilization:Percent:Total","rank":19,"src":6,"subgrp":1,"top":[],"tp":"2017-2018","trend":"na","value":"1.0","slugiddata":302044,"dKPIRSrs":false,"dNITIRSrs":false,"tps":"","dTHEMATICRSrs":true},{"_id":"302764","area":"IND036026","below":[],"indicator":99,"ius":"Post partum sterilizations to total female sterilizations:Percent:Total","rank":19,"src":6,"subgrp":1,"top":[],"tp":"2017-2018","trend":"na","value":"49.8","slugiddata":302764,"dKPIRSrs":false,"dNITIRSrs":false,"tps":"","dTHEMATICRSrs":false},{"_id":"304235","area":"IND036026","below":[],"indicator":101,"ius":"IUCD insertions in public plus private institutions to all family planning methods ( IUCD plus permanent):Percent:Total","rank":2,"src":6,"subgrp":1,"top":[],"tp":"2017-2018","trend":"na","value":"61.2","slugiddata":304235,"dKPIRSrs":false,"dNITIRSrs":false,"tps":"","dTHEMATICRSrs":true},{"_id":"304971","area":"IND036026","below":[],"indicator":102,"ius":"Newborns given BCG to reported live birth:Percent:Total","rank":12,"src":6,"subgrp":1,"top":[],"tp":"2017-2018","trend":"na","value":"171.5","slugiddata":304971,"dKPIRSrs":false,"dNITIRSrs":false,"tps":"","dTHEMATICRSrs":true},{"_id":"305707","area":"IND036026","below":[],"indicator":103,"ius":"Infants 0 to 11 months old who received measles vaccine to reported live births:Percent:Total","rank":12,"src":6,"subgrp":1,"top":[],"tp":"2017-2018","trend":"na","value":"230.1","slugiddata":305707,"dKPIRSrs":false,"dNITIRSrs":false,"tps":"","dTHEMATICRSrs":true},{"_id":"314173","area":"IND036026","below":[],"indicator":119,"ius":"Cases of Pregnant women with obstetric complications and attended to reported deliveries:Percent:Total","rank":25,"src":6,"subgrp":1,"top":[],"tp":"2017-2018","trend":"na","value":"0.0","slugiddata":314173,"dKPIRSrs":false,"dNITIRSrs":false,"tps":"","dTHEMATICRSrs":false},{"_id":"314909","area":"IND036026","below":[],"indicator":118,"ius":"Pregnant women given 180 IFA to total ANC registration:Percent:Total","rank":3,"src":6,"subgrp":1,"top":[],"tp":"2017-2018","trend":"na","value":"176.1","slugiddata":314909,"dKPIRSrs":false,"dNITIRSrs":false,"tps":"","dTHEMATICRSrs":false},{"_id":"315645","area":"IND036026","below":[],"indicator":88,"ius":"1st trimester registration to total ANC registrations:Percent:Total","rank":12,"src":6,"subgrp":1,"top":[],"tp":"Apr-Sep_2018","trend":"dn","value":"69.2","slugiddata":315645,"dKPIRSrs":false,"dNITIRSrs":true,"tps":"","dTHEMATICRSrs":false},{"_id":"316384","area":"IND036026","below":[],"indicator":48,"ius":"Mothers who had at least 4 antenatal care visits:Percent:Total","rank":9,"src":6,"subgrp":1,"top":[],"tp":"Apr-Sep_2018","trend":"dn","value":"83.3","slugiddata":316384,"dKPIRSrs":false,"dNITIRSrs":true,"tps":"","dTHEMATICRSrs":false},{"_id":"317123","area":"IND036026","below":[],"indicator":89,"ius":"Pregnant women received TT2 or Booster to total ANC registration:Percent:Total","rank":15,"src":6,"subgrp":1,"top":[],"tp":"Apr-Sep_2018","trend":"dn","value":"85.6","slugiddata":317123,"dKPIRSrs":false,"dNITIRSrs":false,"tps":"","dTHEMATICRSrs":true},{"_id":"317862","area":"IND036026","below":[],"indicator":118,"ius":"Pregnant women given 180 IFA to total ANC registration:Percent:Total","rank":4,"src":6,"subgrp":1,"top":[],"tp":"Apr-Sep_2018","trend":"up","value":"255.6","slugiddata":317862,"dKPIRSrs":false,"dNITIRSrs":false,"tps":"","dTHEMATICRSrs":false},{"_id":"318601","area":"IND036026","below":[],"indicator":108,"ius":"Percentage of PW having Hb level<11 (tested cases) (7.1 to 10.9) against total ANC registration:Percent:Total","rank":13,"src":6,"subgrp":1,"top":[],"tp":"Apr-Sep_2018","trend":"up","value":"38.3","slugiddata":318601,"dKPIRSrs":false,"dNITIRSrs":true,"tps":"","dTHEMATICRSrs":false},{"_id":"320078","area":"IND036026","below":[],"indicator":113,"ius":"Percentage of PW having Hb level<7 (tested cases) against total ANC registration:Percent:Total","rank":10,"src":6,"subgrp":1,"top":[],"tp":"Apr-Sep_2018","trend":"up","value":"1.4","slugiddata":320078,"dKPIRSrs":false,"dNITIRSrs":true,"tps":"","dTHEMATICRSrs":false},{"_id":"320817","area":"IND036026","below":[],"indicator":91,"ius":"New cases detected at institution for hypertension to total ANC registrations:Percent:Total","rank":16,"src":6,"subgrp":1,"top":[],"tp":"Apr-Sep_2018","trend":"na","value":"3.4","slugiddata":320817,"dKPIRSrs":false,"dNITIRSrs":false,"tps":"","dTHEMATICRSrs":true},{"_id":"321538","area":"IND036026","below":[],"indicator":12,"ius":"Home delivery conducted by skilled health personnel:Percent:Total","rank":14,"src":6,"subgrp":1,"top":[],"tp":"Apr-Sep_2018","trend":"dn","value":"33.3","slugiddata":321538,"dKPIRSrs":false,"dNITIRSrs":true,"tps":"","dTHEMATICRSrs":false},{"_id":"322276","area":"IND036026","below":[],"indicator":92,"ius":"Women discharged in less than 48 hours of delivery to total reported deliveries at public institutions:Percent:Total","rank":8,"src":6,"subgrp":1,"top":[],"tp":"Apr-Sep_2018","trend":"up","value":"33.0","slugiddata":322276,"dKPIRSrs":false,"dNITIRSrs":false,"tps":"","dTHEMATICRSrs":true},{"_id":"323015","area":"IND036026","below":[],"indicator":109,"ius":"Percentage of institutional deliveries out of total ANC registration:Percent:Total","rank":15,"src":6,"subgrp":1,"top":[],"tp":"Apr-Sep_2018","trend":"dn","value":"26.8","slugiddata":323015,"dKPIRSrs":false,"dNITIRSrs":true,"tps":"","dTHEMATICRSrs":false},{"_id":"323754","area":"IND036026","below":[],"indicator":14,"ius":"Institutional delivery:Percent:Total","rank":6,"src":6,"subgrp":1,"top":[],"tp":"Apr-Sep_2018","trend":"eq","value":"99.5","slugiddata":323754,"dKPIRSrs":false,"dNITIRSrs":false,"tps":"","dTHEMATICRSrs":false},{"_id":"325232","area":"IND036026","below":[],"indicator":93,"ius":"Home deliveries to total reported deliveries:Percent:Total","rank":6,"src":6,"subgrp":1,"top":[],"tp":"Apr-Sep_2018","trend":"eq","value":"0.5","slugiddata":325232,"dKPIRSrs":true,"dNITIRSrs":false,"tps":"","dTHEMATICRSrs":true},{"_id":"325971","area":"IND036026","below":[],"indicator":2,"ius":"Births delivered by caesarean section:Percent:Total","rank":11,"src":6,"subgrp":1,"top":[],"tp":"Apr-Sep_2018","trend":"up","value":"46.1","slugiddata":325971,"dKPIRSrs":false,"dNITIRSrs":false,"tps":"","dTHEMATICRSrs":false},{"_id":"326710","area":"IND036026","below":[],"indicator":11,"ius":"Institutional delivery in public/government health facility:Percent:Total","rank":1,"src":6,"subgrp":1,"top":[],"tp":"Apr-Sep_2018","trend":"eq","value":"100.0","slugiddata":326710,"dKPIRSrs":false,"dNITIRSrs":false,"tps":"","dTHEMATICRSrs":false},{"_id":"328188","area":"IND036026","below":[],"indicator":110,"ius":"Proportion of live babies weighed at birth:Percent:Total","rank":8,"src":6,"subgrp":1,"top":[],"tp":"Apr-Sep_2018","trend":"up","value":"97.5","slugiddata":328188,"dKPIRSrs":false,"dNITIRSrs":true,"tps":"","dTHEMATICRSrs":false},{"_id":"328927","area":"IND036026","below":[],"indicator":112,"ius":"Newborns having weight less than 2.5 kg to newborns weighed at birth:Percent:Total","rank":6,"src":6,"subgrp":1,"top":[],"tp":"Apr-Sep_2018","trend":"up","value":"7.4","slugiddata":328927,"dKPIRSrs":true,"dNITIRSrs":true,"tps":"","dTHEMATICRSrs":false},{"_id":"329666","area":"IND036026","below":[],"indicator":111,"ius":"Newborns breastfed within 1 hour of birth to total live birth:Percent:Total","rank":6,"src":6,"subgrp":1,"top":[],"tp":"Apr-Sep_2018","trend":"dn","value":"94.2","slugiddata":329666,"dKPIRSrs":false,"dNITIRSrs":true,"tps":"","dTHEMATICRSrs":false},{"_id":"331144","area":"IND036026","below":[],"indicator":119,"ius":"Cases of Pregnant women with obstetric complications and attended to reported deliveries:Percent:Total","rank":20,"src":6,"subgrp":1,"top":[],"tp":"Apr-Sep_2018","trend":"eq","value":"0.0","slugiddata":331144,"dKPIRSrs":false,"dNITIRSrs":false,"tps":"","dTHEMATICRSrs":false},{"_id":"331843","area":"IND036026","below":[],"indicator":96,"ius":"MTPs conducted at public institutions to total MTPs:Percent:Total","rank":1,"src":6,"subgrp":1,"top":[],"tp":"Apr-Sep_2018","trend":"eq","value":"100.0","slugiddata":331843,"dKPIRSrs":false,"dNITIRSrs":false,"tps":"","dTHEMATICRSrs":true},{"_id":"333240","area":"IND036026","below":[],"indicator":98,"ius":"Male sterilization (vasectomies) to total sterilization:Percent:Total","rank":18,"src":6,"subgrp":1,"top":[],"tp":"Apr-Sep_2018","trend":"dn","value":"0.0","slugiddata":333240,"dKPIRSrs":false,"dNITIRSrs":false,"tps":"","dTHEMATICRSrs":true},{"_id":"333951","area":"IND036026","below":[],"indicator":99,"ius":"Post partum sterilizations to total female sterilizations:Percent:Total","rank":22,"src":6,"subgrp":1,"top":[],"tp":"Apr-Sep_2018","trend":"dn","value":"86.1","slugiddata":333951,"dKPIRSrs":false,"dNITIRSrs":false,"tps":"","dTHEMATICRSrs":false},{"_id":"335425","area":"IND036026","below":[],"indicator":101,"ius":"IUCD insertions in public plus private institutions to all family planning methods ( IUCD plus permanent):Percent:Total","rank":4,"src":6,"subgrp":1,"top":[],"tp":"Apr-Sep_2018","trend":"up","value":"63.9","slugiddata":335425,"dKPIRSrs":false,"dNITIRSrs":false,"tps":"","dTHEMATICRSrs":true},{"_id":"336164","area":"IND036026","below":[],"indicator":102,"ius":"Newborns given BCG to reported live birth:Percent:Total","rank":14,"src":6,"subgrp":1,"top":[],"tp":"Apr-Sep_2018","trend":"dn","value":"161.5","slugiddata":336164,"dKPIRSrs":false,"dNITIRSrs":false,"tps":"","dTHEMATICRSrs":true},{"_id":"336903","area":"IND036026","below":[],"indicator":103,"ius":"Infants 0 to 11 months old who received measles vaccine to reported live births:Percent:Total","rank":8,"src":6,"subgrp":1,"top":[],"tp":"Apr-Sep_2018","trend":"up","value":"260.3","slugiddata":336903,"dKPIRSrs":false,"dNITIRSrs":false,"tps":"","dTHEMATICRSrs":true}]