[{"_id":"263212","area":"IND036029","below":[],"indicator":88,"ius":"1st trimester registration to total ANC registrations:Percent:Total","rank":10,"src":6,"subgrp":1,"top":[],"tp":"2017-2018","trend":"na","value":"60.3","slugiddata":263212,"dKPIRSrs":false,"dNITIRSrs":true,"tps":"","dTHEMATICRSrs":false},{"_id":"263948","area":"IND036029","below":[],"indicator":48,"ius":"Mothers who had at least 4 antenatal care visits:Percent:Total","rank":19,"src":6,"subgrp":1,"top":[],"tp":"2017-2018","trend":"na","value":"55.0","slugiddata":263948,"dKPIRSrs":false,"dNITIRSrs":true,"tps":"","dTHEMATICRSrs":false},{"_id":"264677","area":"IND036029","below":[],"indicator":12,"ius":"Home delivery conducted by skilled health personnel:Percent:Total","rank":21,"src":6,"subgrp":1,"top":[],"tp":"2017-2018","trend":"na","value":"43.2","slugiddata":264677,"dKPIRSrs":false,"dNITIRSrs":true,"tps":"","dTHEMATICRSrs":false},{"_id":"265411","area":"IND036029","below":[],"indicator":112,"ius":"Newborns having weight less than 2.5 kg to newborns weighed at birth:Percent:Total","rank":23,"src":6,"subgrp":1,"top":[],"tp":"2017-2018","trend":"na","value":"15.7","slugiddata":265411,"dKPIRSrs":true,"dNITIRSrs":true,"tps":"","dTHEMATICRSrs":false},{"_id":"266147","area":"IND036029","below":[],"indicator":111,"ius":"Newborns breastfed within 1 hour of birth to total live birth:Percent:Total","rank":22,"src":6,"subgrp":1,"top":[],"tp":"2017-2018","trend":"na","value":"78.4","slugiddata":266147,"dKPIRSrs":false,"dNITIRSrs":true,"tps":"","dTHEMATICRSrs":false},{"_id":"266883","area":"IND036029","below":[],"indicator":109,"ius":"Percentage of institutional deliveries out of total ANC registration:Percent:Total","rank":26,"src":6,"subgrp":1,"top":[],"tp":"2017-2018","trend":"na","value":"13.3","slugiddata":266883,"dKPIRSrs":false,"dNITIRSrs":true,"tps":"","dTHEMATICRSrs":false},{"_id":"267619","area":"IND036029","below":[],"indicator":108,"ius":"Percentage of PW having Hb level<11 (tested cases) (7.1 to 10.9) against total ANC registration:Percent:Total","rank":14,"src":6,"subgrp":1,"top":[],"tp":"2017-2018","trend":"na","value":"46.0","slugiddata":267619,"dKPIRSrs":false,"dNITIRSrs":true,"tps":"","dTHEMATICRSrs":false},{"_id":"268355","area":"IND036029","below":[],"indicator":113,"ius":"Percentage of PW having Hb level<7 (tested cases) against total ANC registration:Percent:Total","rank":20,"src":6,"subgrp":1,"top":[],"tp":"2017-2018","trend":"na","value":"6.0","slugiddata":268355,"dKPIRSrs":false,"dNITIRSrs":true,"tps":"","dTHEMATICRSrs":false},{"_id":"269091","area":"IND036029","below":[],"indicator":110,"ius":"Proportion of live babies weighed at birth:Percent:Total","rank":13,"src":6,"subgrp":1,"top":[],"tp":"2017-2018","trend":"na","value":"92.8","slugiddata":269091,"dKPIRSrs":false,"dNITIRSrs":true,"tps":"","dTHEMATICRSrs":false},{"_id":"294765","area":"IND036029","below":[],"indicator":89,"ius":"Pregnant women received TT2 or Booster to total ANC registration:Percent:Total","rank":15,"src":6,"subgrp":1,"top":[],"tp":"2017-2018","trend":"na","value":"74.1","slugiddata":294765,"dKPIRSrs":false,"dNITIRSrs":false,"tps":"","dTHEMATICRSrs":true},{"_id":"295501","area":"IND036029","below":[],"indicator":92,"ius":"Women discharged in less than 48 hours of delivery to total reported deliveries at public institutions:Percent:Total","rank":16,"src":6,"subgrp":1,"top":[],"tp":"2017-2018","trend":"na","value":"46.9","slugiddata":295501,"dKPIRSrs":false,"dNITIRSrs":false,"tps":"","dTHEMATICRSrs":true},{"_id":"296237","area":"IND036029","below":[],"indicator":14,"ius":"Institutional delivery:Percent:Total","rank":8,"src":6,"subgrp":1,"top":[],"tp":"2017-2018","trend":"na","value":"98.9","slugiddata":296237,"dKPIRSrs":false,"dNITIRSrs":false,"tps":"","dTHEMATICRSrs":false},{"_id":"297709","area":"IND036029","below":[],"indicator":93,"ius":"Home deliveries to total reported deliveries:Percent:Total","rank":8,"src":6,"subgrp":1,"top":[],"tp":"2017-2018","trend":"na","value":"1.1","slugiddata":297709,"dKPIRSrs":true,"dNITIRSrs":false,"tps":"","dTHEMATICRSrs":true},{"_id":"298445","area":"IND036029","below":[],"indicator":2,"ius":"Births delivered by caesarean section:Percent:Total","rank":9,"src":6,"subgrp":1,"top":[],"tp":"2017-2018","trend":"na","value":"54.9","slugiddata":298445,"dKPIRSrs":false,"dNITIRSrs":false,"tps":"","dTHEMATICRSrs":false},{"_id":"299181","area":"IND036029","below":[],"indicator":11,"ius":"Institutional delivery in public/government health facility:Percent:Total","rank":1,"src":6,"subgrp":1,"top":[],"tp":"2017-2018","trend":"na","value":"100.0","slugiddata":299181,"dKPIRSrs":false,"dNITIRSrs":false,"tps":"","dTHEMATICRSrs":false},{"_id":"300627","area":"IND036029","below":[],"indicator":96,"ius":"MTPs conducted at public institutions to total MTPs:Percent:Total","rank":1,"src":6,"subgrp":1,"top":[],"tp":"2017-2018","trend":"na","value":"100.0","slugiddata":300627,"dKPIRSrs":false,"dNITIRSrs":false,"tps":"","dTHEMATICRSrs":true},{"_id":"302047","area":"IND036029","below":[],"indicator":98,"ius":"Male sterilization (vasectomies) to total sterilization:Percent:Total","rank":3,"src":6,"subgrp":1,"top":[],"tp":"2017-2018","trend":"na","value":"33.3","slugiddata":302047,"dKPIRSrs":false,"dNITIRSrs":false,"tps":"","dTHEMATICRSrs":true},{"_id":"302767","area":"IND036029","below":[],"indicator":99,"ius":"Post partum sterilizations to total female sterilizations:Percent:Total","rank":26,"src":6,"subgrp":1,"top":[],"tp":"2017-2018","trend":"na","value":"80.0","slugiddata":302767,"dKPIRSrs":false,"dNITIRSrs":false,"tps":"","dTHEMATICRSrs":false},{"_id":"304238","area":"IND036029","below":[],"indicator":101,"ius":"IUCD insertions in public plus private institutions to all family planning methods ( IUCD plus permanent):Percent:Total","rank":18,"src":6,"subgrp":1,"top":[],"tp":"2017-2018","trend":"na","value":"19.5","slugiddata":304238,"dKPIRSrs":false,"dNITIRSrs":false,"tps":"","dTHEMATICRSrs":true},{"_id":"304974","area":"IND036029","below":[],"indicator":102,"ius":"Newborns given BCG to reported live birth:Percent:Total","rank":24,"src":6,"subgrp":1,"top":[],"tp":"2017-2018","trend":"na","value":"123.7","slugiddata":304974,"dKPIRSrs":false,"dNITIRSrs":false,"tps":"","dTHEMATICRSrs":true},{"_id":"305710","area":"IND036029","below":[],"indicator":103,"ius":"Infants 0 to 11 months old who received measles vaccine to reported live births:Percent:Total","rank":7,"src":6,"subgrp":1,"top":[],"tp":"2017-2018","trend":"na","value":"249.3","slugiddata":305710,"dKPIRSrs":false,"dNITIRSrs":false,"tps":"","dTHEMATICRSrs":true},{"_id":"314176","area":"IND036029","below":[],"indicator":119,"ius":"Cases of Pregnant women with obstetric complications and attended to reported deliveries:Percent:Total","rank":5,"src":6,"subgrp":1,"top":[],"tp":"2017-2018","trend":"na","value":"5.8","slugiddata":314176,"dKPIRSrs":false,"dNITIRSrs":false,"tps":"","dTHEMATICRSrs":false},{"_id":"314912","area":"IND036029","below":[],"indicator":118,"ius":"Pregnant women given 180 IFA to total ANC registration:Percent:Total","rank":17,"src":6,"subgrp":1,"top":[],"tp":"2017-2018","trend":"na","value":"77.2","slugiddata":314912,"dKPIRSrs":false,"dNITIRSrs":false,"tps":"","dTHEMATICRSrs":false},{"_id":"315648","area":"IND036029","below":[],"indicator":88,"ius":"1st trimester registration to total ANC registrations:Percent:Total","rank":27,"src":6,"subgrp":1,"top":[],"tp":"Apr-Sep_2018","trend":"dn","value":"37.4","slugiddata":315648,"dKPIRSrs":false,"dNITIRSrs":true,"tps":"","dTHEMATICRSrs":false},{"_id":"316387","area":"IND036029","below":[],"indicator":48,"ius":"Mothers who had at least 4 antenatal care visits:Percent:Total","rank":20,"src":6,"subgrp":1,"top":[],"tp":"Apr-Sep_2018","trend":"up","value":"56.0","slugiddata":316387,"dKPIRSrs":false,"dNITIRSrs":true,"tps":"","dTHEMATICRSrs":false},{"_id":"317126","area":"IND036029","below":[],"indicator":89,"ius":"Pregnant women received TT2 or Booster to total ANC registration:Percent:Total","rank":23,"src":6,"subgrp":1,"top":[],"tp":"Apr-Sep_2018","trend":"dn","value":"60.9","slugiddata":317126,"dKPIRSrs":false,"dNITIRSrs":false,"tps":"","dTHEMATICRSrs":true},{"_id":"317865","area":"IND036029","below":[],"indicator":118,"ius":"Pregnant women given 180 IFA to total ANC registration:Percent:Total","rank":24,"src":6,"subgrp":1,"top":[],"tp":"Apr-Sep_2018","trend":"dn","value":"71.0","slugiddata":317865,"dKPIRSrs":false,"dNITIRSrs":false,"tps":"","dTHEMATICRSrs":false},{"_id":"318604","area":"IND036029","below":[],"indicator":108,"ius":"Percentage of PW having Hb level<11 (tested cases) (7.1 to 10.9) against total ANC registration:Percent:Total","rank":10,"src":6,"subgrp":1,"top":[],"tp":"Apr-Sep_2018","trend":"up","value":"36.5","slugiddata":318604,"dKPIRSrs":false,"dNITIRSrs":true,"tps":"","dTHEMATICRSrs":false},{"_id":"320081","area":"IND036029","below":[],"indicator":113,"ius":"Percentage of PW having Hb level<7 (tested cases) against total ANC registration:Percent:Total","rank":2,"src":6,"subgrp":1,"top":[],"tp":"Apr-Sep_2018","trend":"up","value":"0.3","slugiddata":320081,"dKPIRSrs":false,"dNITIRSrs":true,"tps":"","dTHEMATICRSrs":false},{"_id":"320820","area":"IND036029","below":[],"indicator":91,"ius":"New cases detected at institution for hypertension to total ANC registrations:Percent:Total","rank":4,"src":6,"subgrp":1,"top":[],"tp":"Apr-Sep_2018","trend":"na","value":"0.7","slugiddata":320820,"dKPIRSrs":false,"dNITIRSrs":false,"tps":"","dTHEMATICRSrs":true},{"_id":"321541","area":"IND036029","below":[],"indicator":12,"ius":"Home delivery conducted by skilled health personnel:Percent:Total","rank":9,"src":6,"subgrp":1,"top":[],"tp":"Apr-Sep_2018","trend":"up","value":"60.0","slugiddata":321541,"dKPIRSrs":false,"dNITIRSrs":true,"tps":"","dTHEMATICRSrs":false},{"_id":"322279","area":"IND036029","below":[],"indicator":92,"ius":"Women discharged in less than 48 hours of delivery to total reported deliveries at public institutions:Percent:Total","rank":22,"src":6,"subgrp":1,"top":[],"tp":"Apr-Sep_2018","trend":"dn","value":"60.2","slugiddata":322279,"dKPIRSrs":false,"dNITIRSrs":false,"tps":"","dTHEMATICRSrs":true},{"_id":"323018","area":"IND036029","below":[],"indicator":109,"ius":"Percentage of institutional deliveries out of total ANC registration:Percent:Total","rank":28,"src":6,"subgrp":1,"top":[],"tp":"Apr-Sep_2018","trend":"dn","value":"10.2","slugiddata":323018,"dKPIRSrs":false,"dNITIRSrs":true,"tps":"","dTHEMATICRSrs":false},{"_id":"323757","area":"IND036029","below":[],"indicator":14,"ius":"Institutional delivery:Percent:Total","rank":5,"src":6,"subgrp":1,"top":[],"tp":"Apr-Sep_2018","trend":"up","value":"99.6","slugiddata":323757,"dKPIRSrs":false,"dNITIRSrs":false,"tps":"","dTHEMATICRSrs":false},{"_id":"325235","area":"IND036029","below":[],"indicator":93,"ius":"Home deliveries to total reported deliveries:Percent:Total","rank":5,"src":6,"subgrp":1,"top":[],"tp":"Apr-Sep_2018","trend":"up","value":"0.4","slugiddata":325235,"dKPIRSrs":true,"dNITIRSrs":false,"tps":"","dTHEMATICRSrs":true},{"_id":"325974","area":"IND036029","below":[],"indicator":2,"ius":"Births delivered by caesarean section:Percent:Total","rank":5,"src":6,"subgrp":1,"top":[],"tp":"Apr-Sep_2018","trend":"up","value":"59.9","slugiddata":325974,"dKPIRSrs":false,"dNITIRSrs":false,"tps":"","dTHEMATICRSrs":false},{"_id":"326713","area":"IND036029","below":[],"indicator":11,"ius":"Institutional delivery in public/government health facility:Percent:Total","rank":1,"src":6,"subgrp":1,"top":[],"tp":"Apr-Sep_2018","trend":"eq","value":"100.0","slugiddata":326713,"dKPIRSrs":false,"dNITIRSrs":false,"tps":"","dTHEMATICRSrs":false},{"_id":"328191","area":"IND036029","below":[],"indicator":110,"ius":"Proportion of live babies weighed at birth:Percent:Total","rank":26,"src":6,"subgrp":1,"top":[],"tp":"Apr-Sep_2018","trend":"dn","value":"71.4","slugiddata":328191,"dKPIRSrs":false,"dNITIRSrs":true,"tps":"","dTHEMATICRSrs":false},{"_id":"328930","area":"IND036029","below":[],"indicator":112,"ius":"Newborns having weight less than 2.5 kg to newborns weighed at birth:Percent:Total","rank":25,"src":6,"subgrp":1,"top":[],"tp":"Apr-Sep_2018","trend":"dn","value":"19.8","slugiddata":328930,"dKPIRSrs":true,"dNITIRSrs":true,"tps":"","dTHEMATICRSrs":false},{"_id":"329669","area":"IND036029","below":[],"indicator":111,"ius":"Newborns breastfed within 1 hour of birth to total live birth:Percent:Total","rank":22,"src":6,"subgrp":1,"top":[],"tp":"Apr-Sep_2018","trend":"dn","value":"71.9","slugiddata":329669,"dKPIRSrs":false,"dNITIRSrs":true,"tps":"","dTHEMATICRSrs":false},{"_id":"331147","area":"IND036029","below":[],"indicator":119,"ius":"Cases of Pregnant women with obstetric complications and attended to reported deliveries:Percent:Total","rank":18,"src":6,"subgrp":1,"top":[],"tp":"Apr-Sep_2018","trend":"dn","value":"0.2","slugiddata":331147,"dKPIRSrs":false,"dNITIRSrs":false,"tps":"","dTHEMATICRSrs":false},{"_id":"331845","area":"IND036029","below":[],"indicator":96,"ius":"MTPs conducted at public institutions to total MTPs:Percent:Total","rank":1,"src":6,"subgrp":1,"top":[],"tp":"Apr-Sep_2018","trend":"eq","value":"100.0","slugiddata":331845,"dKPIRSrs":false,"dNITIRSrs":false,"tps":"","dTHEMATICRSrs":true},{"_id":"333243","area":"IND036029","below":[],"indicator":98,"ius":"Male sterilization (vasectomies) to total sterilization:Percent:Total","rank":6,"src":6,"subgrp":1,"top":[],"tp":"Apr-Sep_2018","trend":"dn","value":"17.8","slugiddata":333243,"dKPIRSrs":false,"dNITIRSrs":false,"tps":"","dTHEMATICRSrs":true},{"_id":"333954","area":"IND036029","below":[],"indicator":99,"ius":"Post partum sterilizations to total female sterilizations:Percent:Total","rank":17,"src":6,"subgrp":1,"top":[],"tp":"Apr-Sep_2018","trend":"up","value":"55.7","slugiddata":333954,"dKPIRSrs":false,"dNITIRSrs":false,"tps":"","dTHEMATICRSrs":false},{"_id":"335428","area":"IND036029","below":[],"indicator":101,"ius":"IUCD insertions in public plus private institutions to all family planning methods ( IUCD plus permanent):Percent:Total","rank":20,"src":6,"subgrp":1,"top":[],"tp":"Apr-Sep_2018","trend":"dn","value":"18.5","slugiddata":335428,"dKPIRSrs":false,"dNITIRSrs":false,"tps":"","dTHEMATICRSrs":true},{"_id":"336167","area":"IND036029","below":[],"indicator":102,"ius":"Newborns given BCG to reported live birth:Percent:Total","rank":22,"src":6,"subgrp":1,"top":[],"tp":"Apr-Sep_2018","trend":"dn","value":"102.8","slugiddata":336167,"dKPIRSrs":false,"dNITIRSrs":false,"tps":"","dTHEMATICRSrs":true},{"_id":"336906","area":"IND036029","below":[],"indicator":103,"ius":"Infants 0 to 11 months old who received measles vaccine to reported live births:Percent:Total","rank":17,"src":6,"subgrp":1,"top":[],"tp":"Apr-Sep_2018","trend":"dn","value":"224.0","slugiddata":336906,"dKPIRSrs":false,"dNITIRSrs":false,"tps":"","dTHEMATICRSrs":true}]