[{"_id":"104197","area":"IND007008","below":[],"indicator":91,"ius":"New cases detected at institution for hypertension to total ANC registrations:Percent:Total","rank":5,"src":6,"subgrp":1,"top":[],"tp":"2009-2010","trend":"na","value":"2.4","slugiddata":104197,"dKPIRSrs":false,"dNITIRSrs":false,"tps":"","dTHEMATICRSrs":true},{"_id":"104869","area":"IND007008","below":[],"indicator":91,"ius":"New cases detected at institution for hypertension to total ANC registrations:Percent:Total","rank":7,"src":6,"subgrp":1,"top":[],"tp":"2010-2011","trend":"dn","value":"3.5","slugiddata":104869,"dKPIRSrs":false,"dNITIRSrs":false,"tps":"","dTHEMATICRSrs":true},{"_id":"105549","area":"IND007008","below":[],"indicator":91,"ius":"New cases detected at institution for hypertension to total ANC registrations:Percent:Total","rank":9,"src":6,"subgrp":1,"top":[],"tp":"2011-2012","trend":"dn","value":"4.5","slugiddata":105549,"dKPIRSrs":false,"dNITIRSrs":false,"tps":"","dTHEMATICRSrs":true},{"_id":"106241","area":"IND007008","below":[],"indicator":91,"ius":"New cases detected at institution for hypertension to total ANC registrations:Percent:Total","rank":6,"src":6,"subgrp":1,"top":[],"tp":"2012-2013","trend":"up","value":"2.2","slugiddata":106241,"dKPIRSrs":false,"dNITIRSrs":false,"tps":"","dTHEMATICRSrs":true},{"_id":"106941","area":"IND007008","below":[],"indicator":91,"ius":"New cases detected at institution for hypertension to total ANC registrations:Percent:Total","rank":11,"src":6,"subgrp":1,"top":[],"tp":"2013-2014","trend":"dn","value":"22.0","slugiddata":106941,"dKPIRSrs":false,"dNITIRSrs":false,"tps":"","dTHEMATICRSrs":true},{"_id":"107638","area":"IND007008","below":[],"indicator":91,"ius":"New cases detected at institution for hypertension to total ANC registrations:Percent:Total","rank":9,"src":6,"subgrp":1,"top":[],"tp":"2014-2015","trend":"up","value":"5.6","slugiddata":107638,"dKPIRSrs":false,"dNITIRSrs":false,"tps":"","dTHEMATICRSrs":true},{"_id":"108349","area":"IND007008","below":[],"indicator":91,"ius":"New cases detected at institution for hypertension to total ANC registrations:Percent:Total","rank":7,"src":6,"subgrp":1,"top":[],"tp":"2015-2016","trend":"up","value":"2.9","slugiddata":108349,"dKPIRSrs":false,"dNITIRSrs":false,"tps":"","dTHEMATICRSrs":true},{"_id":"109062","area":"IND007008","below":[],"indicator":91,"ius":"New cases detected at institution for hypertension to total ANC registrations:Percent:Total","rank":10,"src":6,"subgrp":1,"top":[],"tp":"2016-2017","trend":"dn","value":"7.1","slugiddata":109062,"dKPIRSrs":false,"dNITIRSrs":false,"tps":"","dTHEMATICRSrs":true},{"_id":"110403","area":"IND007008","below":[],"indicator":12,"ius":"Home delivery conducted by skilled health personnel:Percent:Total","rank":2,"src":6,"subgrp":1,"top":[],"tp":"2009-2010","trend":"na","value":"60.4","slugiddata":110403,"dKPIRSrs":false,"dNITIRSrs":true,"tps":"","dTHEMATICRSrs":false},{"_id":"111067","area":"IND007008","below":[],"indicator":12,"ius":"Home delivery conducted by skilled health personnel:Percent:Total","rank":1,"src":6,"subgrp":1,"top":[],"tp":"2010-2011","trend":"up","value":"67.2","slugiddata":111067,"dKPIRSrs":false,"dNITIRSrs":true,"tps":"","dTHEMATICRSrs":false},{"_id":"111741","area":"IND007008","below":[],"indicator":12,"ius":"Home delivery conducted by skilled health personnel:Percent:Total","rank":4,"src":6,"subgrp":1,"top":[],"tp":"2011-2012","trend":"dn","value":"25.9","slugiddata":111741,"dKPIRSrs":false,"dNITIRSrs":true,"tps":"","dTHEMATICRSrs":false},{"_id":"112431","area":"IND007008","below":[],"indicator":12,"ius":"Home delivery conducted by skilled health personnel:Percent:Total","rank":5,"src":6,"subgrp":1,"top":[],"tp":"2012-2013","trend":"dn","value":"13.1","slugiddata":112431,"dKPIRSrs":false,"dNITIRSrs":true,"tps":"","dTHEMATICRSrs":false},{"_id":"113127","area":"IND007008","below":[],"indicator":12,"ius":"Home delivery conducted by skilled health personnel:Percent:Total","rank":7,"src":6,"subgrp":1,"top":[],"tp":"2013-2014","trend":"dn","value":"11.6","slugiddata":113127,"dKPIRSrs":false,"dNITIRSrs":true,"tps":"","dTHEMATICRSrs":false},{"_id":"113818","area":"IND007008","below":[],"indicator":12,"ius":"Home delivery conducted by skilled health personnel:Percent:Total","rank":8,"src":6,"subgrp":1,"top":[],"tp":"2014-2015","trend":"dn","value":"5.3","slugiddata":113818,"dKPIRSrs":false,"dNITIRSrs":true,"tps":"","dTHEMATICRSrs":false},{"_id":"114518","area":"IND007008","below":[],"indicator":12,"ius":"Home delivery conducted by skilled health personnel:Percent:Total","rank":11,"src":6,"subgrp":1,"top":[],"tp":"2015-2016","trend":"dn","value":"0.3","slugiddata":114518,"dKPIRSrs":false,"dNITIRSrs":true,"tps":"","dTHEMATICRSrs":false},{"_id":"115208","area":"IND007008","below":[],"indicator":12,"ius":"Home delivery conducted by skilled health personnel:Percent:Total","rank":7,"src":6,"subgrp":1,"top":[],"tp":"2016-2017","trend":"up","value":"0.8","slugiddata":115208,"dKPIRSrs":false,"dNITIRSrs":true,"tps":"","dTHEMATICRSrs":false},{"_id":"122665","area":"IND007008","below":[],"indicator":92,"ius":"Women discharged in less than 48 hours of delivery to total reported deliveries at public institutions:Percent:Total","rank":2,"src":6,"subgrp":1,"top":[],"tp":"2009-2010","trend":"na","value":"21.1","slugiddata":122665,"dKPIRSrs":false,"dNITIRSrs":false,"tps":"","dTHEMATICRSrs":true},{"_id":"123337","area":"IND007008","below":[],"indicator":92,"ius":"Women discharged in less than 48 hours of delivery to total reported deliveries at public institutions:Percent:Total","rank":9,"src":6,"subgrp":1,"top":[],"tp":"2010-2011","trend":"dn","value":"74.3","slugiddata":123337,"dKPIRSrs":false,"dNITIRSrs":false,"tps":"","dTHEMATICRSrs":true},{"_id":"124018","area":"IND007008","below":[],"indicator":92,"ius":"Women discharged in less than 48 hours of delivery to total reported deliveries at public institutions:Percent:Total","rank":11,"src":6,"subgrp":1,"top":[],"tp":"2011-2012","trend":"up","value":"66.5","slugiddata":124018,"dKPIRSrs":false,"dNITIRSrs":false,"tps":"","dTHEMATICRSrs":true},{"_id":"124710","area":"IND007008","below":[],"indicator":92,"ius":"Women discharged in less than 48 hours of delivery to total reported deliveries at public institutions:Percent:Total","rank":9,"src":6,"subgrp":1,"top":[],"tp":"2012-2013","trend":"dn","value":"69.2","slugiddata":124710,"dKPIRSrs":false,"dNITIRSrs":false,"tps":"","dTHEMATICRSrs":true},{"_id":"125410","area":"IND007008","below":[],"indicator":92,"ius":"Women discharged in less than 48 hours of delivery to total reported deliveries at public institutions:Percent:Total","rank":9,"src":6,"subgrp":1,"top":[],"tp":"2013-2014","trend":"dn","value":"71.0","slugiddata":125410,"dKPIRSrs":false,"dNITIRSrs":false,"tps":"","dTHEMATICRSrs":true},{"_id":"126107","area":"IND007008","below":[],"indicator":92,"ius":"Women discharged in less than 48 hours of delivery to total reported deliveries at public institutions:Percent:Total","rank":10,"src":6,"subgrp":1,"top":[],"tp":"2014-2015","trend":"dn","value":"75.6","slugiddata":126107,"dKPIRSrs":false,"dNITIRSrs":false,"tps":"","dTHEMATICRSrs":true},{"_id":"126818","area":"IND007008","below":[],"indicator":92,"ius":"Women discharged in less than 48 hours of delivery to total reported deliveries at public institutions:Percent:Total","rank":10,"src":6,"subgrp":1,"top":[],"tp":"2015-2016","trend":"up","value":"74.8","slugiddata":126818,"dKPIRSrs":false,"dNITIRSrs":false,"tps":"","dTHEMATICRSrs":true},{"_id":"127531","area":"IND007008","below":[],"indicator":92,"ius":"Women discharged in less than 48 hours of delivery to total reported deliveries at public institutions:Percent:Total","rank":11,"src":6,"subgrp":1,"top":[],"tp":"2016-2017","trend":"dn","value":"76.2","slugiddata":127531,"dKPIRSrs":false,"dNITIRSrs":false,"tps":"","dTHEMATICRSrs":true},{"_id":"135119","area":"IND007008","below":[],"indicator":93,"ius":"Home deliveries to total reported deliveries:Percent:Total","rank":5,"src":6,"subgrp":1,"top":[],"tp":"2009-2010","trend":"na","value":"5.6","slugiddata":135119,"dKPIRSrs":true,"dNITIRSrs":false,"tps":"","dTHEMATICRSrs":true},{"_id":"135791","area":"IND007008","below":[],"indicator":93,"ius":"Home deliveries to total reported deliveries:Percent:Total","rank":3,"src":6,"subgrp":1,"top":[],"tp":"2010-2011","trend":"up","value":"3.1","slugiddata":135791,"dKPIRSrs":true,"dNITIRSrs":false,"tps":"","dTHEMATICRSrs":true},{"_id":"136472","area":"IND007008","below":[],"indicator":93,"ius":"Home deliveries to total reported deliveries:Percent:Total","rank":9,"src":6,"subgrp":1,"top":[],"tp":"2011-2012","trend":"dn","value":"13.4","slugiddata":136472,"dKPIRSrs":true,"dNITIRSrs":false,"tps":"","dTHEMATICRSrs":true},{"_id":"137164","area":"IND007008","below":[],"indicator":93,"ius":"Home deliveries to total reported deliveries:Percent:Total","rank":7,"src":6,"subgrp":1,"top":[],"tp":"2012-2013","trend":"dn","value":"13.8","slugiddata":137164,"dKPIRSrs":true,"dNITIRSrs":false,"tps":"","dTHEMATICRSrs":true},{"_id":"137864","area":"IND007008","below":[],"indicator":93,"ius":"Home deliveries to total reported deliveries:Percent:Total","rank":6,"src":6,"subgrp":1,"top":[],"tp":"2013-2014","trend":"up","value":"11.9","slugiddata":137864,"dKPIRSrs":true,"dNITIRSrs":false,"tps":"","dTHEMATICRSrs":true},{"_id":"138561","area":"IND007008","below":[],"indicator":93,"ius":"Home deliveries to total reported deliveries:Percent:Total","rank":7,"src":6,"subgrp":1,"top":[],"tp":"2014-2015","trend":"up","value":"11.4","slugiddata":138561,"dKPIRSrs":true,"dNITIRSrs":false,"tps":"","dTHEMATICRSrs":true},{"_id":"139272","area":"IND007008","below":[],"indicator":93,"ius":"Home deliveries to total reported deliveries:Percent:Total","rank":6,"src":6,"subgrp":1,"top":[],"tp":"2015-2016","trend":"up","value":"8.6","slugiddata":139272,"dKPIRSrs":true,"dNITIRSrs":false,"tps":"","dTHEMATICRSrs":true},{"_id":"139985","area":"IND007008","below":[],"indicator":93,"ius":"Home deliveries to total reported deliveries:Percent:Total","rank":7,"src":6,"subgrp":1,"top":[],"tp":"2016-2017","trend":"up","value":"7.4","slugiddata":139985,"dKPIRSrs":true,"dNITIRSrs":false,"tps":"","dTHEMATICRSrs":true},{"_id":"141345","area":"IND007008","below":[],"indicator":2,"ius":"Births delivered by caesarean section:Percent:Total","rank":9,"src":6,"subgrp":1,"top":[],"tp":"2009-2010","trend":"na","value":"14.8","slugiddata":141345,"dKPIRSrs":false,"dNITIRSrs":false,"tps":"","dTHEMATICRSrs":false},{"_id":"142017","area":"IND007008","below":[],"indicator":2,"ius":"Births delivered by caesarean section:Percent:Total","rank":8,"src":6,"subgrp":1,"top":[],"tp":"2010-2011","trend":"up","value":"16.7","slugiddata":142017,"dKPIRSrs":false,"dNITIRSrs":false,"tps":"","dTHEMATICRSrs":false},{"_id":"142698","area":"IND007008","below":[],"indicator":2,"ius":"Births delivered by caesarean section:Percent:Total","rank":7,"src":6,"subgrp":1,"top":[],"tp":"2011-2012","trend":"up","value":"18.4","slugiddata":142698,"dKPIRSrs":false,"dNITIRSrs":false,"tps":"","dTHEMATICRSrs":false},{"_id":"143390","area":"IND007008","below":[],"indicator":2,"ius":"Births delivered by caesarean section:Percent:Total","rank":7,"src":6,"subgrp":1,"top":[],"tp":"2012-2013","trend":"up","value":"19.4","slugiddata":143390,"dKPIRSrs":false,"dNITIRSrs":false,"tps":"","dTHEMATICRSrs":false},{"_id":"144090","area":"IND007008","below":[],"indicator":2,"ius":"Births delivered by caesarean section:Percent:Total","rank":8,"src":6,"subgrp":1,"top":[],"tp":"2013-2014","trend":"up","value":"20.4","slugiddata":144090,"dKPIRSrs":false,"dNITIRSrs":false,"tps":"","dTHEMATICRSrs":false},{"_id":"144787","area":"IND007008","below":[],"indicator":2,"ius":"Births delivered by caesarean section:Percent:Total","rank":9,"src":6,"subgrp":1,"top":[],"tp":"2014-2015","trend":"eq","value":"20.4","slugiddata":144787,"dKPIRSrs":false,"dNITIRSrs":false,"tps":"","dTHEMATICRSrs":false},{"_id":"145498","area":"IND007008","below":[],"indicator":2,"ius":"Births delivered by caesarean section:Percent:Total","rank":9,"src":6,"subgrp":1,"top":[],"tp":"2015-2016","trend":"up","value":"22.2","slugiddata":145498,"dKPIRSrs":false,"dNITIRSrs":false,"tps":"","dTHEMATICRSrs":false},{"_id":"146211","area":"IND007008","below":[],"indicator":2,"ius":"Births delivered by caesarean section:Percent:Total","rank":9,"src":6,"subgrp":1,"top":[],"tp":"2016-2017","trend":"up","value":"23.7","slugiddata":146211,"dKPIRSrs":false,"dNITIRSrs":false,"tps":"","dTHEMATICRSrs":false},{"_id":"147572","area":"IND007008","below":[],"indicator":33,"ius":"Mothers who received post-natal check-up within 48 hrs. of delivery:Percent:Total","rank":7,"src":6,"subgrp":1,"top":[],"tp":"2009-2010","trend":"na","value":"77.9","slugiddata":147572,"dKPIRSrs":false,"dNITIRSrs":false,"tps":"","dTHEMATICRSrs":true},{"_id":"148244","area":"IND007008","below":[],"indicator":33,"ius":"Mothers who received post-natal check-up within 48 hrs. of delivery:Percent:Total","rank":1,"src":6,"subgrp":1,"top":[],"tp":"2010-2011","trend":"up","value":"94.9","slugiddata":148244,"dKPIRSrs":false,"dNITIRSrs":false,"tps":"","dTHEMATICRSrs":true},{"_id":"148925","area":"IND007008","below":[],"indicator":33,"ius":"Mothers who received post-natal check-up within 48 hrs. of delivery:Percent:Total","rank":1,"src":6,"subgrp":1,"top":[],"tp":"2011-2012","trend":"up","value":"104.5","slugiddata":148925,"dKPIRSrs":false,"dNITIRSrs":false,"tps":"","dTHEMATICRSrs":true},{"_id":"149617","area":"IND007008","below":[],"indicator":33,"ius":"Mothers who received post-natal check-up within 48 hrs. of delivery:Percent:Total","rank":2,"src":6,"subgrp":1,"top":[],"tp":"2012-2013","trend":"dn","value":"94.0","slugiddata":149617,"dKPIRSrs":false,"dNITIRSrs":false,"tps":"","dTHEMATICRSrs":true},{"_id":"150317","area":"IND007008","below":[],"indicator":33,"ius":"Mothers who received post-natal check-up within 48 hrs. of delivery:Percent:Total","rank":3,"src":6,"subgrp":1,"top":[],"tp":"2013-2014","trend":"dn","value":"93.2","slugiddata":150317,"dKPIRSrs":false,"dNITIRSrs":false,"tps":"","dTHEMATICRSrs":true},{"_id":"151014","area":"IND007008","below":[],"indicator":33,"ius":"Mothers who received post-natal check-up within 48 hrs. of delivery:Percent:Total","rank":2,"src":6,"subgrp":1,"top":[],"tp":"2014-2015","trend":"up","value":"94.4","slugiddata":151014,"dKPIRSrs":false,"dNITIRSrs":false,"tps":"","dTHEMATICRSrs":true},{"_id":"151725","area":"IND007008","below":[],"indicator":33,"ius":"Mothers who received post-natal check-up within 48 hrs. of delivery:Percent:Total","rank":3,"src":6,"subgrp":1,"top":[],"tp":"2015-2016","trend":"dn","value":"92.7","slugiddata":151725,"dKPIRSrs":false,"dNITIRSrs":false,"tps":"","dTHEMATICRSrs":true},{"_id":"152438","area":"IND007008","below":[],"indicator":33,"ius":"Mothers who received post-natal check-up within 48 hrs. of delivery:Percent:Total","rank":1,"src":6,"subgrp":1,"top":[],"tp":"2016-2017","trend":"up","value":"96.5","slugiddata":152438,"dKPIRSrs":false,"dNITIRSrs":false,"tps":"","dTHEMATICRSrs":true},{"_id":"153788","area":"IND007008","below":[],"indicator":112,"ius":"Newborns having weight less than 2.5 kg to newborns weighed at birth:Percent:Total","rank":4,"src":6,"subgrp":1,"top":[],"tp":"2009-2010","trend":"na","value":"20.5","slugiddata":153788,"dKPIRSrs":true,"dNITIRSrs":true,"tps":"","dTHEMATICRSrs":false},{"_id":"154459","area":"IND007008","below":[],"indicator":112,"ius":"Newborns having weight less than 2.5 kg to newborns weighed at birth:Percent:Total","rank":2,"src":6,"subgrp":1,"top":[],"tp":"2010-2011","trend":"up","value":"16.1","slugiddata":154459,"dKPIRSrs":true,"dNITIRSrs":true,"tps":"","dTHEMATICRSrs":false},{"_id":"155139","area":"IND007008","below":[],"indicator":112,"ius":"Newborns having weight less than 2.5 kg to newborns weighed at birth:Percent:Total","rank":4,"src":6,"subgrp":1,"top":[],"tp":"2011-2012","trend":"dn","value":"18.9","slugiddata":155139,"dKPIRSrs":true,"dNITIRSrs":true,"tps":"","dTHEMATICRSrs":false},{"_id":"155831","area":"IND007008","below":[],"indicator":112,"ius":"Newborns having weight less than 2.5 kg to newborns weighed at birth:Percent:Total","rank":4,"src":6,"subgrp":1,"top":[],"tp":"2012-2013","trend":"up","value":"16.6","slugiddata":155831,"dKPIRSrs":true,"dNITIRSrs":true,"tps":"","dTHEMATICRSrs":false},{"_id":"156531","area":"IND007008","below":[],"indicator":112,"ius":"Newborns having weight less than 2.5 kg to newborns weighed at birth:Percent:Total","rank":2,"src":6,"subgrp":1,"top":[],"tp":"2013-2014","trend":"up","value":"15.1","slugiddata":156531,"dKPIRSrs":true,"dNITIRSrs":true,"tps":"","dTHEMATICRSrs":false},{"_id":"157228","area":"IND007008","below":[],"indicator":112,"ius":"Newborns having weight less than 2.5 kg to newborns weighed at birth:Percent:Total","rank":1,"src":6,"subgrp":1,"top":[],"tp":"2014-2015","trend":"dn","value":"15.3","slugiddata":157228,"dKPIRSrs":true,"dNITIRSrs":true,"tps":"","dTHEMATICRSrs":false},{"_id":"157939","area":"IND007008","below":[],"indicator":112,"ius":"Newborns having weight less than 2.5 kg to newborns weighed at birth:Percent:Total","rank":2,"src":6,"subgrp":1,"top":[],"tp":"2015-2016","trend":"up","value":"14.2","slugiddata":157939,"dKPIRSrs":true,"dNITIRSrs":true,"tps":"","dTHEMATICRSrs":false},{"_id":"158652","area":"IND007008","below":[],"indicator":112,"ius":"Newborns having weight less than 2.5 kg to newborns weighed at birth:Percent:Total","rank":3,"src":6,"subgrp":1,"top":[],"tp":"2016-2017","trend":"dn","value":"15.9","slugiddata":158652,"dKPIRSrs":true,"dNITIRSrs":true,"tps":"","dTHEMATICRSrs":false},{"_id":"160004","area":"IND007008","below":[],"indicator":111,"ius":"Newborns breastfed within 1 hour of birth to total live birth:Percent:Total","rank":4,"src":6,"subgrp":1,"top":[],"tp":"2009-2010","trend":"na","value":"68.1","slugiddata":160004,"dKPIRSrs":false,"dNITIRSrs":true,"tps":"","dTHEMATICRSrs":false},{"_id":"160676","area":"IND007008","below":[],"indicator":111,"ius":"Newborns breastfed within 1 hour of birth to total live birth:Percent:Total","rank":1,"src":6,"subgrp":1,"top":[],"tp":"2010-2011","trend":"up","value":"77.3","slugiddata":160676,"dKPIRSrs":false,"dNITIRSrs":true,"tps":"","dTHEMATICRSrs":false},{"_id":"161357","area":"IND007008","below":[],"indicator":111,"ius":"Newborns breastfed within 1 hour of birth to total live birth:Percent:Total","rank":3,"src":6,"subgrp":1,"top":[],"tp":"2011-2012","trend":"dn","value":"75.9","slugiddata":161357,"dKPIRSrs":false,"dNITIRSrs":true,"tps":"","dTHEMATICRSrs":false},{"_id":"162049","area":"IND007008","below":[],"indicator":111,"ius":"Newborns breastfed within 1 hour of birth to total live birth:Percent:Total","rank":5,"src":6,"subgrp":1,"top":[],"tp":"2012-2013","trend":"up","value":"76.8","slugiddata":162049,"dKPIRSrs":false,"dNITIRSrs":true,"tps":"","dTHEMATICRSrs":false},{"_id":"162749","area":"IND007008","below":[],"indicator":111,"ius":"Newborns breastfed within 1 hour of birth to total live birth:Percent:Total","rank":5,"src":6,"subgrp":1,"top":[],"tp":"2013-2014","trend":"up","value":"77.3","slugiddata":162749,"dKPIRSrs":false,"dNITIRSrs":true,"tps":"","dTHEMATICRSrs":false},{"_id":"163446","area":"IND007008","below":[],"indicator":111,"ius":"Newborns breastfed within 1 hour of birth to total live birth:Percent:Total","rank":2,"src":6,"subgrp":1,"top":[],"tp":"2014-2015","trend":"up","value":"84.9","slugiddata":163446,"dKPIRSrs":false,"dNITIRSrs":true,"tps":"","dTHEMATICRSrs":false},{"_id":"164157","area":"IND007008","below":[],"indicator":111,"ius":"Newborns breastfed within 1 hour of birth to total live birth:Percent:Total","rank":2,"src":6,"subgrp":1,"top":[],"tp":"2015-2016","trend":"dn","value":"82.1","slugiddata":164157,"dKPIRSrs":false,"dNITIRSrs":true,"tps":"","dTHEMATICRSrs":false},{"_id":"164870","area":"IND007008","below":[],"indicator":111,"ius":"Newborns breastfed within 1 hour of birth to total live birth:Percent:Total","rank":5,"src":6,"subgrp":1,"top":[],"tp":"2016-2017","trend":"dn","value":"79.4","slugiddata":164870,"dKPIRSrs":false,"dNITIRSrs":true,"tps":"","dTHEMATICRSrs":false},{"_id":"166211","area":"IND007008","below":[],"indicator":94,"ius":"Newborns visited within 24hrs of home delivery to total reported home deliveries:Percent:Total","rank":7,"src":6,"subgrp":1,"top":[],"tp":"2009-2010","trend":"na","value":"1.3","slugiddata":166211,"dKPIRSrs":false,"dNITIRSrs":false,"tps":"","dTHEMATICRSrs":false},{"_id":"166875","area":"IND007008","below":[],"indicator":94,"ius":"Newborns visited within 24hrs of home delivery to total reported home deliveries:Percent:Total","rank":7,"src":6,"subgrp":1,"top":[],"tp":"2010-2011","trend":"up","value":"1.6","slugiddata":166875,"dKPIRSrs":false,"dNITIRSrs":false,"tps":"","dTHEMATICRSrs":false},{"_id":"167549","area":"IND007008","below":[],"indicator":94,"ius":"Newborns visited within 24hrs of home delivery to total reported home deliveries:Percent:Total","rank":5,"src":6,"subgrp":1,"top":[],"tp":"2011-2012","trend":"up","value":"26.3","slugiddata":167549,"dKPIRSrs":false,"dNITIRSrs":false,"tps":"","dTHEMATICRSrs":false},{"_id":"168239","area":"IND007008","below":[],"indicator":94,"ius":"Newborns visited within 24hrs of home delivery to total reported home deliveries:Percent:Total","rank":5,"src":6,"subgrp":1,"top":[],"tp":"2012-2013","trend":"up","value":"29.1","slugiddata":168239,"dKPIRSrs":false,"dNITIRSrs":false,"tps":"","dTHEMATICRSrs":false},{"_id":"168935","area":"IND007008","below":[],"indicator":94,"ius":"Newborns visited within 24hrs of home delivery to total reported home deliveries:Percent:Total","rank":2,"src":6,"subgrp":1,"top":[],"tp":"2013-2014","trend":"up","value":"50.3","slugiddata":168935,"dKPIRSrs":false,"dNITIRSrs":false,"tps":"","dTHEMATICRSrs":false},{"_id":"169626","area":"IND007008","below":[],"indicator":94,"ius":"Newborns visited within 24hrs of home delivery to total reported home deliveries:Percent:Total","rank":7,"src":6,"subgrp":1,"top":[],"tp":"2014-2015","trend":"up","value":"54.8","slugiddata":169626,"dKPIRSrs":false,"dNITIRSrs":false,"tps":"","dTHEMATICRSrs":false},{"_id":"170326","area":"IND007008","below":[],"indicator":94,"ius":"Newborns visited within 24hrs of home delivery to total reported home deliveries:Percent:Total","rank":3,"src":6,"subgrp":1,"top":[],"tp":"2015-2016","trend":"up","value":"58.7","slugiddata":170326,"dKPIRSrs":false,"dNITIRSrs":false,"tps":"","dTHEMATICRSrs":false},{"_id":"171016","area":"IND007008","below":[],"indicator":94,"ius":"Newborns visited within 24hrs of home delivery to total reported home deliveries:Percent:Total","rank":6,"src":6,"subgrp":1,"top":[],"tp":"2016-2017","trend":"dn","value":"55.1","slugiddata":171016,"dKPIRSrs":false,"dNITIRSrs":false,"tps":"","dTHEMATICRSrs":false},{"_id":"177925","area":"IND007008","below":[],"indicator":96,"ius":"MTPs conducted at public institutions to total MTPs:Percent:Total","rank":7,"src":6,"subgrp":1,"top":[],"tp":"2009-2010","trend":"na","value":"36.9","slugiddata":177925,"dKPIRSrs":false,"dNITIRSrs":false,"tps":"","dTHEMATICRSrs":true},{"_id":"178568","area":"IND007008","below":[],"indicator":96,"ius":"MTPs conducted at public institutions to total MTPs:Percent:Total","rank":7,"src":6,"subgrp":1,"top":[],"tp":"2010-2011","trend":"up","value":"44.6","slugiddata":178568,"dKPIRSrs":false,"dNITIRSrs":false,"tps":"","dTHEMATICRSrs":true},{"_id":"179215","area":"IND007008","below":[],"indicator":96,"ius":"MTPs conducted at public institutions to total MTPs:Percent:Total","rank":4,"src":6,"subgrp":1,"top":[],"tp":"2011-2012","trend":"up","value":"57.3","slugiddata":179215,"dKPIRSrs":false,"dNITIRSrs":false,"tps":"","dTHEMATICRSrs":true},{"_id":"179878","area":"IND007008","below":[],"indicator":96,"ius":"MTPs conducted at public institutions to total MTPs:Percent:Total","rank":4,"src":6,"subgrp":1,"top":[],"tp":"2012-2013","trend":"dn","value":"52.7","slugiddata":179878,"dKPIRSrs":false,"dNITIRSrs":false,"tps":"","dTHEMATICRSrs":true},{"_id":"180537","area":"IND007008","below":[],"indicator":96,"ius":"MTPs conducted at public institutions to total MTPs:Percent:Total","rank":5,"src":6,"subgrp":1,"top":[],"tp":"2013-2014","trend":"up","value":"57.2","slugiddata":180537,"dKPIRSrs":false,"dNITIRSrs":false,"tps":"","dTHEMATICRSrs":true},{"_id":"181203","area":"IND007008","below":[],"indicator":96,"ius":"MTPs conducted at public institutions to total MTPs:Percent:Total","rank":3,"src":6,"subgrp":1,"top":[],"tp":"2014-2015","trend":"dn","value":"45.4","slugiddata":181203,"dKPIRSrs":false,"dNITIRSrs":false,"tps":"","dTHEMATICRSrs":true},{"_id":"181881","area":"IND007008","below":[],"indicator":96,"ius":"MTPs conducted at public institutions to total MTPs:Percent:Total","rank":7,"src":6,"subgrp":1,"top":[],"tp":"2015-2016","trend":"dn","value":"40.4","slugiddata":181881,"dKPIRSrs":false,"dNITIRSrs":false,"tps":"","dTHEMATICRSrs":true},{"_id":"182561","area":"IND007008","below":[],"indicator":96,"ius":"MTPs conducted at public institutions to total MTPs:Percent:Total","rank":8,"src":6,"subgrp":1,"top":[],"tp":"2016-2017","trend":"dn","value":"30.6","slugiddata":182561,"dKPIRSrs":false,"dNITIRSrs":false,"tps":"","dTHEMATICRSrs":true},{"_id":"189777","area":"IND007008","below":[],"indicator":98,"ius":"Male sterilization (vasectomies) to total sterilization:Percent:Total","rank":6,"src":6,"subgrp":1,"top":[],"tp":"2009-2010","trend":"na","value":"7.8","slugiddata":189777,"dKPIRSrs":false,"dNITIRSrs":false,"tps":"","dTHEMATICRSrs":true},{"_id":"190441","area":"IND007008","below":[],"indicator":98,"ius":"Male sterilization (vasectomies) to total sterilization:Percent:Total","rank":7,"src":6,"subgrp":1,"top":[],"tp":"2010-2011","trend":"dn","value":"5.3","slugiddata":190441,"dKPIRSrs":false,"dNITIRSrs":false,"tps":"","dTHEMATICRSrs":true},{"_id":"191110","area":"IND007008","below":[],"indicator":98,"ius":"Male sterilization (vasectomies) to total sterilization:Percent:Total","rank":3,"src":6,"subgrp":1,"top":[],"tp":"2011-2012","trend":"up","value":"12.2","slugiddata":191110,"dKPIRSrs":false,"dNITIRSrs":false,"tps":"","dTHEMATICRSrs":true},{"_id":"191790","area":"IND007008","below":[],"indicator":98,"ius":"Male sterilization (vasectomies) to total sterilization:Percent:Total","rank":3,"src":6,"subgrp":1,"top":[],"tp":"2012-2013","trend":"dn","value":"8.8","slugiddata":191790,"dKPIRSrs":false,"dNITIRSrs":false,"tps":"","dTHEMATICRSrs":true},{"_id":"192478","area":"IND007008","below":[],"indicator":98,"ius":"Male sterilization (vasectomies) to total sterilization:Percent:Total","rank":3,"src":6,"subgrp":1,"top":[],"tp":"2013-2014","trend":"dn","value":"7.8","slugiddata":192478,"dKPIRSrs":false,"dNITIRSrs":false,"tps":"","dTHEMATICRSrs":true},{"_id":"193161","area":"IND007008","below":[],"indicator":98,"ius":"Male sterilization (vasectomies) to total sterilization:Percent:Total","rank":1,"src":6,"subgrp":1,"top":[],"tp":"2014-2015","trend":"up","value":"14.6","slugiddata":193161,"dKPIRSrs":false,"dNITIRSrs":false,"tps":"","dTHEMATICRSrs":true},{"_id":"193857","area":"IND007008","below":[],"indicator":98,"ius":"Male sterilization (vasectomies) to total sterilization:Percent:Total","rank":2,"src":6,"subgrp":1,"top":[],"tp":"2015-2016","trend":"dn","value":"10.7","slugiddata":193857,"dKPIRSrs":false,"dNITIRSrs":false,"tps":"","dTHEMATICRSrs":true},{"_id":"194552","area":"IND007008","below":[],"indicator":98,"ius":"Male sterilization (vasectomies) to total sterilization:Percent:Total","rank":1,"src":6,"subgrp":1,"top":[],"tp":"2016-2017","trend":"up","value":"23.3","slugiddata":194552,"dKPIRSrs":false,"dNITIRSrs":false,"tps":"","dTHEMATICRSrs":true},{"_id":"195875","area":"IND007008","below":[],"indicator":99,"ius":"Post partum sterilizations to total female sterilizations:Percent:Total","rank":6,"src":6,"subgrp":1,"top":[],"tp":"2009-2010","trend":"na","value":"24.5","slugiddata":195875,"dKPIRSrs":false,"dNITIRSrs":false,"tps":"","dTHEMATICRSrs":false},{"_id":"196537","area":"IND007008","below":[],"indicator":99,"ius":"Post partum sterilizations to total female sterilizations:Percent:Total","rank":7,"src":6,"subgrp":1,"top":[],"tp":"2010-2011","trend":"dn","value":"28.9","slugiddata":196537,"dKPIRSrs":false,"dNITIRSrs":false,"tps":"","dTHEMATICRSrs":false},{"_id":"197202","area":"IND007008","below":[],"indicator":99,"ius":"Post partum sterilizations to total female sterilizations:Percent:Total","rank":6,"src":6,"subgrp":1,"top":[],"tp":"2011-2012","trend":"up","value":"19.3","slugiddata":197202,"dKPIRSrs":false,"dNITIRSrs":false,"tps":"","dTHEMATICRSrs":false},{"_id":"197882","area":"IND007008","below":[],"indicator":99,"ius":"Post partum sterilizations to total female sterilizations:Percent:Total","rank":7,"src":6,"subgrp":1,"top":[],"tp":"2012-2013","trend":"dn","value":"29.9","slugiddata":197882,"dKPIRSrs":false,"dNITIRSrs":false,"tps":"","dTHEMATICRSrs":false},{"_id":"198569","area":"IND007008","below":[],"indicator":99,"ius":"Post partum sterilizations to total female sterilizations:Percent:Total","rank":7,"src":6,"subgrp":1,"top":[],"tp":"2013-2014","trend":"up","value":"26.2","slugiddata":198569,"dKPIRSrs":false,"dNITIRSrs":false,"tps":"","dTHEMATICRSrs":false},{"_id":"199252","area":"IND007008","below":[],"indicator":99,"ius":"Post partum sterilizations to total female sterilizations:Percent:Total","rank":3,"src":6,"subgrp":1,"top":[],"tp":"2014-2015","trend":"up","value":"13.8","slugiddata":199252,"dKPIRSrs":false,"dNITIRSrs":false,"tps":"","dTHEMATICRSrs":false},{"_id":"199948","area":"IND007008","below":[],"indicator":99,"ius":"Post partum sterilizations to total female sterilizations:Percent:Total","rank":2,"src":6,"subgrp":1,"top":[],"tp":"2015-2016","trend":"dn","value":"14.3","slugiddata":199948,"dKPIRSrs":false,"dNITIRSrs":false,"tps":"","dTHEMATICRSrs":false},{"_id":"200641","area":"IND007008","below":[],"indicator":99,"ius":"Post partum sterilizations to total female sterilizations:Percent:Total","rank":5,"src":6,"subgrp":1,"top":[],"tp":"2016-2017","trend":"dn","value":"23.6","slugiddata":200641,"dKPIRSrs":false,"dNITIRSrs":false,"tps":"","dTHEMATICRSrs":false},{"_id":"208218","area":"IND007008","below":[],"indicator":101,"ius":"IUCD insertions in public plus private institutions to all family planning methods ( IUCD plus permanent):Percent:Total","rank":4,"src":6,"subgrp":1,"top":[],"tp":"2009-2010","trend":"na","value":"61.8","slugiddata":208218,"dKPIRSrs":false,"dNITIRSrs":false,"tps":"","dTHEMATICRSrs":true},{"_id":"208890","area":"IND007008","below":[],"indicator":101,"ius":"IUCD insertions in public plus private institutions to all family planning methods ( IUCD plus permanent):Percent:Total","rank":7,"src":6,"subgrp":1,"top":[],"tp":"2010-2011","trend":"up","value":"65.5","slugiddata":208890,"dKPIRSrs":false,"dNITIRSrs":false,"tps":"","dTHEMATICRSrs":true},{"_id":"209571","area":"IND007008","below":[],"indicator":101,"ius":"IUCD insertions in public plus private institutions to all family planning methods ( IUCD plus permanent):Percent:Total","rank":4,"src":6,"subgrp":1,"top":[],"tp":"2011-2012","trend":"up","value":"81.2","slugiddata":209571,"dKPIRSrs":false,"dNITIRSrs":false,"tps":"","dTHEMATICRSrs":true},{"_id":"210262","area":"IND007008","below":[],"indicator":101,"ius":"IUCD insertions in public plus private institutions to all family planning methods ( IUCD plus permanent):Percent:Total","rank":4,"src":6,"subgrp":1,"top":[],"tp":"2012-2013","trend":"up","value":"83.0","slugiddata":210262,"dKPIRSrs":false,"dNITIRSrs":false,"tps":"","dTHEMATICRSrs":true},{"_id":"210962","area":"IND007008","below":[],"indicator":101,"ius":"IUCD insertions in public plus private institutions to all family planning methods ( IUCD plus permanent):Percent:Total","rank":4,"src":6,"subgrp":1,"top":[],"tp":"2013-2014","trend":"up","value":"87.7","slugiddata":210962,"dKPIRSrs":false,"dNITIRSrs":false,"tps":"","dTHEMATICRSrs":true},{"_id":"211658","area":"IND007008","below":[],"indicator":101,"ius":"IUCD insertions in public plus private institutions to all family planning methods ( IUCD plus permanent):Percent:Total","rank":4,"src":6,"subgrp":1,"top":[],"tp":"2014-2015","trend":"up","value":"94.2","slugiddata":211658,"dKPIRSrs":false,"dNITIRSrs":false,"tps":"","dTHEMATICRSrs":true},{"_id":"212369","area":"IND007008","below":[],"indicator":101,"ius":"IUCD insertions in public plus private institutions to all family planning methods ( IUCD plus permanent):Percent:Total","rank":4,"src":6,"subgrp":1,"top":[],"tp":"2015-2016","trend":"dn","value":"91.5","slugiddata":212369,"dKPIRSrs":false,"dNITIRSrs":false,"tps":"","dTHEMATICRSrs":true},{"_id":"213082","area":"IND007008","below":[],"indicator":101,"ius":"IUCD insertions in public plus private institutions to all family planning methods ( IUCD plus permanent):Percent:Total","rank":5,"src":6,"subgrp":1,"top":[],"tp":"2016-2017","trend":"dn","value":"85.9","slugiddata":213082,"dKPIRSrs":false,"dNITIRSrs":false,"tps":"","dTHEMATICRSrs":true},{"_id":"214434","area":"IND007008","below":[],"indicator":102,"ius":"Newborns given BCG to reported live birth:Percent:Total","rank":5,"src":6,"subgrp":1,"top":[],"tp":"2009-2010","trend":"na","value":"146.6","slugiddata":214434,"dKPIRSrs":false,"dNITIRSrs":false,"tps":"","dTHEMATICRSrs":true},{"_id":"215106","area":"IND007008","below":[],"indicator":102,"ius":"Newborns given BCG to reported live birth:Percent:Total","rank":6,"src":6,"subgrp":1,"top":[],"tp":"2010-2011","trend":"dn","value":"126.8","slugiddata":215106,"dKPIRSrs":false,"dNITIRSrs":false,"tps":"","dTHEMATICRSrs":true},{"_id":"215787","area":"IND007008","below":[],"indicator":102,"ius":"Newborns given BCG to reported live birth:Percent:Total","rank":6,"src":6,"subgrp":1,"top":[],"tp":"2011-2012","trend":"up","value":"147.2","slugiddata":215787,"dKPIRSrs":false,"dNITIRSrs":false,"tps":"","dTHEMATICRSrs":true},{"_id":"216479","area":"IND007008","below":[],"indicator":102,"ius":"Newborns given BCG to reported live birth:Percent:Total","rank":6,"src":6,"subgrp":1,"top":[],"tp":"2012-2013","trend":"dn","value":"137.0","slugiddata":216479,"dKPIRSrs":false,"dNITIRSrs":false,"tps":"","dTHEMATICRSrs":true},{"_id":"217179","area":"IND007008","below":[],"indicator":102,"ius":"Newborns given BCG to reported live birth:Percent:Total","rank":5,"src":6,"subgrp":1,"top":[],"tp":"2013-2014","trend":"dn","value":"130.8","slugiddata":217179,"dKPIRSrs":false,"dNITIRSrs":false,"tps":"","dTHEMATICRSrs":true},{"_id":"217876","area":"IND007008","below":[],"indicator":102,"ius":"Newborns given BCG to reported live birth:Percent:Total","rank":5,"src":6,"subgrp":1,"top":[],"tp":"2014-2015","trend":"dn","value":"123.0","slugiddata":217876,"dKPIRSrs":false,"dNITIRSrs":false,"tps":"","dTHEMATICRSrs":true},{"_id":"218587","area":"IND007008","below":[],"indicator":102,"ius":"Newborns given BCG to reported live birth:Percent:Total","rank":5,"src":6,"subgrp":1,"top":[],"tp":"2015-2016","trend":"dn","value":"116.5","slugiddata":218587,"dKPIRSrs":false,"dNITIRSrs":false,"tps":"","dTHEMATICRSrs":true},{"_id":"219300","area":"IND007008","below":[],"indicator":102,"ius":"Newborns given BCG to reported live birth:Percent:Total","rank":6,"src":6,"subgrp":1,"top":[],"tp":"2016-2017","trend":"up","value":"117.0","slugiddata":219300,"dKPIRSrs":false,"dNITIRSrs":false,"tps":"","dTHEMATICRSrs":true},{"_id":"220652","area":"IND007008","below":[],"indicator":103,"ius":"Infants 0 to 11 months old who received measles vaccine to reported live births:Percent:Total","rank":7,"src":6,"subgrp":1,"top":[],"tp":"2009-2010","trend":"na","value":"89.6","slugiddata":220652,"dKPIRSrs":false,"dNITIRSrs":false,"tps":"","dTHEMATICRSrs":true},{"_id":"221324","area":"IND007008","below":[],"indicator":103,"ius":"Infants 0 to 11 months old who received measles vaccine to reported live births:Percent:Total","rank":7,"src":6,"subgrp":1,"top":[],"tp":"2010-2011","trend":"dn","value":"62.3","slugiddata":221324,"dKPIRSrs":false,"dNITIRSrs":false,"tps":"","dTHEMATICRSrs":true},{"_id":"222005","area":"IND007008","below":[],"indicator":103,"ius":"Infants 0 to 11 months old who received measles vaccine to reported live births:Percent:Total","rank":5,"src":6,"subgrp":1,"top":[],"tp":"2011-2012","trend":"up","value":"176.6","slugiddata":222005,"dKPIRSrs":false,"dNITIRSrs":false,"tps":"","dTHEMATICRSrs":true},{"_id":"222697","area":"IND007008","below":[],"indicator":103,"ius":"Infants 0 to 11 months old who received measles vaccine to reported live births:Percent:Total","rank":4,"src":6,"subgrp":1,"top":[],"tp":"2012-2013","trend":"up","value":"179.6","slugiddata":222697,"dKPIRSrs":false,"dNITIRSrs":false,"tps":"","dTHEMATICRSrs":true},{"_id":"223397","area":"IND007008","below":[],"indicator":103,"ius":"Infants 0 to 11 months old who received measles vaccine to reported live births:Percent:Total","rank":4,"src":6,"subgrp":1,"top":[],"tp":"2013-2014","trend":"up","value":"182.5","slugiddata":223397,"dKPIRSrs":false,"dNITIRSrs":false,"tps":"","dTHEMATICRSrs":true},{"_id":"224094","area":"IND007008","below":[],"indicator":103,"ius":"Infants 0 to 11 months old who received measles vaccine to reported live births:Percent:Total","rank":4,"src":6,"subgrp":1,"top":[],"tp":"2014-2015","trend":"up","value":"204.9","slugiddata":224094,"dKPIRSrs":false,"dNITIRSrs":false,"tps":"","dTHEMATICRSrs":true},{"_id":"224805","area":"IND007008","below":[],"indicator":103,"ius":"Infants 0 to 11 months old who received measles vaccine to reported live births:Percent:Total","rank":4,"src":6,"subgrp":1,"top":[],"tp":"2015-2016","trend":"dn","value":"190.2","slugiddata":224805,"dKPIRSrs":false,"dNITIRSrs":false,"tps":"","dTHEMATICRSrs":true},{"_id":"225518","area":"IND007008","below":[],"indicator":103,"ius":"Infants 0 to 11 months old who received measles vaccine to reported live births:Percent:Total","rank":4,"src":6,"subgrp":1,"top":[],"tp":"2016-2017","trend":"dn","value":"185.1","slugiddata":225518,"dKPIRSrs":false,"dNITIRSrs":false,"tps":"","dTHEMATICRSrs":true},{"_id":"232980","area":"IND007008","below":[],"indicator":14,"ius":"Institutional delivery:Percent:Total","rank":5,"src":6,"subgrp":1,"top":[],"tp":"2009-2010","trend":"na","value":"94.4","slugiddata":232980,"dKPIRSrs":false,"dNITIRSrs":false,"tps":"","dTHEMATICRSrs":false},{"_id":"233652","area":"IND007008","below":[],"indicator":14,"ius":"Institutional delivery:Percent:Total","rank":3,"src":6,"subgrp":1,"top":[],"tp":"2010-2011","trend":"up","value":"96.9","slugiddata":233652,"dKPIRSrs":false,"dNITIRSrs":false,"tps":"","dTHEMATICRSrs":false},{"_id":"234333","area":"IND007008","below":[],"indicator":14,"ius":"Institutional delivery:Percent:Total","rank":9,"src":6,"subgrp":1,"top":[],"tp":"2011-2012","trend":"dn","value":"86.6","slugiddata":234333,"dKPIRSrs":false,"dNITIRSrs":false,"tps":"","dTHEMATICRSrs":false},{"_id":"235025","area":"IND007008","below":[],"indicator":14,"ius":"Institutional delivery:Percent:Total","rank":7,"src":6,"subgrp":1,"top":[],"tp":"2012-2013","trend":"dn","value":"86.2","slugiddata":235025,"dKPIRSrs":false,"dNITIRSrs":false,"tps":"","dTHEMATICRSrs":false},{"_id":"235725","area":"IND007008","below":[],"indicator":14,"ius":"Institutional delivery:Percent:Total","rank":6,"src":6,"subgrp":1,"top":[],"tp":"2013-2014","trend":"up","value":"88.1","slugiddata":235725,"dKPIRSrs":false,"dNITIRSrs":false,"tps":"","dTHEMATICRSrs":false},{"_id":"236422","area":"IND007008","below":[],"indicator":14,"ius":"Institutional delivery:Percent:Total","rank":7,"src":6,"subgrp":1,"top":[],"tp":"2014-2015","trend":"up","value":"88.6","slugiddata":236422,"dKPIRSrs":false,"dNITIRSrs":false,"tps":"","dTHEMATICRSrs":false},{"_id":"237133","area":"IND007008","below":[],"indicator":14,"ius":"Institutional delivery:Percent:Total","rank":6,"src":6,"subgrp":1,"top":[],"tp":"2015-2016","trend":"up","value":"91.4","slugiddata":237133,"dKPIRSrs":false,"dNITIRSrs":false,"tps":"","dTHEMATICRSrs":false},{"_id":"237846","area":"IND007008","below":[],"indicator":14,"ius":"Institutional delivery:Percent:Total","rank":7,"src":6,"subgrp":1,"top":[],"tp":"2016-2017","trend":"up","value":"92.6","slugiddata":237846,"dKPIRSrs":false,"dNITIRSrs":false,"tps":"","dTHEMATICRSrs":false},{"_id":"239206","area":"IND007008","below":[],"indicator":11,"ius":"Institutional delivery in public/government health facility:Percent:Total","rank":1,"src":6,"subgrp":1,"top":[],"tp":"2009-2010","trend":"na","value":"100.0","slugiddata":239206,"dKPIRSrs":false,"dNITIRSrs":false,"tps":"","dTHEMATICRSrs":false},{"_id":"239878","area":"IND007008","below":[],"indicator":11,"ius":"Institutional delivery in public/government health facility:Percent:Total","rank":3,"src":6,"subgrp":1,"top":[],"tp":"2010-2011","trend":"dn","value":"97.3","slugiddata":239878,"dKPIRSrs":false,"dNITIRSrs":false,"tps":"","dTHEMATICRSrs":false},{"_id":"240559","area":"IND007008","below":[],"indicator":11,"ius":"Institutional delivery in public/government health facility:Percent:Total","rank":5,"src":6,"subgrp":1,"top":[],"tp":"2011-2012","trend":"dn","value":"89.8","slugiddata":240559,"dKPIRSrs":false,"dNITIRSrs":false,"tps":"","dTHEMATICRSrs":false},{"_id":"241251","area":"IND007008","below":[],"indicator":11,"ius":"Institutional delivery in public/government health facility:Percent:Total","rank":3,"src":6,"subgrp":1,"top":[],"tp":"2012-2013","trend":"up","value":"92.3","slugiddata":241251,"dKPIRSrs":false,"dNITIRSrs":false,"tps":"","dTHEMATICRSrs":false},{"_id":"241951","area":"IND007008","below":[],"indicator":11,"ius":"Institutional delivery in public/government health facility:Percent:Total","rank":4,"src":6,"subgrp":1,"top":[],"tp":"2013-2014","trend":"dn","value":"90.8","slugiddata":241951,"dKPIRSrs":false,"dNITIRSrs":false,"tps":"","dTHEMATICRSrs":false},{"_id":"242648","area":"IND007008","below":[],"indicator":11,"ius":"Institutional delivery in public/government health facility:Percent:Total","rank":4,"src":6,"subgrp":1,"top":[],"tp":"2014-2015","trend":"dn","value":"88.2","slugiddata":242648,"dKPIRSrs":false,"dNITIRSrs":false,"tps":"","dTHEMATICRSrs":false},{"_id":"243359","area":"IND007008","below":[],"indicator":11,"ius":"Institutional delivery in public/government health facility:Percent:Total","rank":5,"src":6,"subgrp":1,"top":[],"tp":"2015-2016","trend":"dn","value":"87.0","slugiddata":243359,"dKPIRSrs":false,"dNITIRSrs":false,"tps":"","dTHEMATICRSrs":false},{"_id":"244072","area":"IND007008","below":[],"indicator":11,"ius":"Institutional delivery in public/government health facility:Percent:Total","rank":5,"src":6,"subgrp":1,"top":[],"tp":"2016-2017","trend":"dn","value":"84.7","slugiddata":244072,"dKPIRSrs":false,"dNITIRSrs":false,"tps":"","dTHEMATICRSrs":false},{"_id":"251379","area":"IND007008","below":[],"indicator":105,"ius":"Adolescent counselled:Number:Total","rank":6,"src":6,"subgrp":1,"top":[],"tp":"2009-2010","trend":"na","value":"851.0","slugiddata":251379,"dKPIRSrs":false,"dNITIRSrs":false,"tps":"","dTHEMATICRSrs":true},{"_id":"251860","area":"IND007008","below":[],"indicator":105,"ius":"Adolescent counselled:Number:Total","rank":8,"src":6,"subgrp":1,"top":[],"tp":"2010-2011","trend":"dn","value":"778.0","slugiddata":251860,"dKPIRSrs":false,"dNITIRSrs":false,"tps":"","dTHEMATICRSrs":true},{"_id":"252409","area":"IND007008","below":[],"indicator":105,"ius":"Adolescent counselled:Number:Total","rank":4,"src":6,"subgrp":1,"top":[],"tp":"2011-2012","trend":"up","value":"2541.0","slugiddata":252409,"dKPIRSrs":false,"dNITIRSrs":false,"tps":"","dTHEMATICRSrs":true},{"_id":"253031","area":"IND007008","below":[],"indicator":105,"ius":"Adolescent counselled:Number:Total","rank":5,"src":6,"subgrp":1,"top":[],"tp":"2012-2013","trend":"up","value":"5560.0","slugiddata":253031,"dKPIRSrs":false,"dNITIRSrs":false,"tps":"","dTHEMATICRSrs":true},{"_id":"253692","area":"IND007008","below":[],"indicator":105,"ius":"Adolescent counselled:Number:Total","rank":6,"src":6,"subgrp":1,"top":[],"tp":"2013-2014","trend":"up","value":"5687.0","slugiddata":253692,"dKPIRSrs":false,"dNITIRSrs":false,"tps":"","dTHEMATICRSrs":true},{"_id":"254383","area":"IND007008","below":[],"indicator":105,"ius":"Adolescent counselled:Number:Total","rank":4,"src":6,"subgrp":1,"top":[],"tp":"2014-2015","trend":"up","value":"7795.0","slugiddata":254383,"dKPIRSrs":false,"dNITIRSrs":false,"tps":"","dTHEMATICRSrs":true},{"_id":"255092","area":"IND007008","below":[],"indicator":105,"ius":"Adolescent counselled:Number:Total","rank":4,"src":6,"subgrp":1,"top":[],"tp":"2015-2016","trend":"dn","value":"6887.0","slugiddata":255092,"dKPIRSrs":false,"dNITIRSrs":false,"tps":"","dTHEMATICRSrs":true},{"_id":"255802","area":"IND007008","below":[],"indicator":105,"ius":"Adolescent counselled:Number:Total","rank":4,"src":6,"subgrp":1,"top":[],"tp":"2016-2017","trend":"up","value":"8099.0","slugiddata":255802,"dKPIRSrs":false,"dNITIRSrs":false,"tps":"","dTHEMATICRSrs":true},{"_id":"262750","area":"IND007008","below":[],"indicator":88,"ius":"1st trimester registration to total ANC registrations:Percent:Total","rank":1,"src":6,"subgrp":1,"top":[],"tp":"2017-2018","trend":"dn","value":"49.6","slugiddata":262750,"dKPIRSrs":false,"dNITIRSrs":true,"tps":"","dTHEMATICRSrs":false},{"_id":"263486","area":"IND007008","below":[],"indicator":48,"ius":"Mothers who had at least 4 antenatal care visits:Percent:Total","rank":3,"src":6,"subgrp":1,"top":[],"tp":"2017-2018","trend":"na","value":"47.8","slugiddata":263486,"dKPIRSrs":false,"dNITIRSrs":true,"tps":"","dTHEMATICRSrs":false},{"_id":"264222","area":"IND007008","below":[],"indicator":12,"ius":"Home delivery conducted by skilled health personnel:Percent:Total","rank":7,"src":6,"subgrp":1,"top":[],"tp":"2017-2018","trend":"dn","value":"0.4","slugiddata":264222,"dKPIRSrs":false,"dNITIRSrs":true,"tps":"","dTHEMATICRSrs":false},{"_id":"264949","area":"IND007008","below":[],"indicator":112,"ius":"Newborns having weight less than 2.5 kg to newborns weighed at birth:Percent:Total","rank":4,"src":6,"subgrp":1,"top":[],"tp":"2017-2018","trend":"dn","value":"16.4","slugiddata":264949,"dKPIRSrs":true,"dNITIRSrs":true,"tps":"","dTHEMATICRSrs":false},{"_id":"265685","area":"IND007008","below":[],"indicator":111,"ius":"Newborns breastfed within 1 hour of birth to total live birth:Percent:Total","rank":1,"src":6,"subgrp":1,"top":[],"tp":"2017-2018","trend":"up","value":"89.8","slugiddata":265685,"dKPIRSrs":false,"dNITIRSrs":true,"tps":"","dTHEMATICRSrs":false},{"_id":"266421","area":"IND007008","below":[],"indicator":109,"ius":"Percentage of institutional deliveries out of total ANC registration:Percent:Total","rank":4,"src":6,"subgrp":1,"top":[],"tp":"2017-2018","trend":"up","value":"30.8","slugiddata":266421,"dKPIRSrs":false,"dNITIRSrs":true,"tps":"","dTHEMATICRSrs":false},{"_id":"267157","area":"IND007008","below":[],"indicator":108,"ius":"Percentage of PW having Hb level<11 (tested cases) (7.1 to 10.9) against total ANC registration:Percent:Total","rank":11,"src":6,"subgrp":1,"top":[],"tp":"2017-2018","trend":"up","value":"50.6","slugiddata":267157,"dKPIRSrs":false,"dNITIRSrs":true,"tps":"","dTHEMATICRSrs":false},{"_id":"267893","area":"IND007008","below":[],"indicator":113,"ius":"Percentage of PW having Hb level<7 (tested cases) against total ANC registration:Percent:Total","rank":5,"src":6,"subgrp":1,"top":[],"tp":"2017-2018","trend":"up","value":"1.2","slugiddata":267893,"dKPIRSrs":false,"dNITIRSrs":true,"tps":"","dTHEMATICRSrs":false},{"_id":"268629","area":"IND007008","below":[],"indicator":110,"ius":"Proportion of live babies weighed at birth:Percent:Total","rank":3,"src":6,"subgrp":1,"top":[],"tp":"2017-2018","trend":"dn","value":"98.1","slugiddata":268629,"dKPIRSrs":false,"dNITIRSrs":true,"tps":"","dTHEMATICRSrs":false},{"_id":"270010","area":"IND007008","below":[],"indicator":108,"ius":"Percentage of PW having Hb level<11 (tested cases) (7.1 to 10.9) against total ANC registration:Percent:Total","rank":6,"src":6,"subgrp":1,"top":[],"tp":"2009-2010","trend":"na","value":"34.5","slugiddata":270010,"dKPIRSrs":false,"dNITIRSrs":true,"tps":"","dTHEMATICRSrs":false},{"_id":"270682","area":"IND007008","below":[],"indicator":108,"ius":"Percentage of PW having Hb level<11 (tested cases) (7.1 to 10.9) against total ANC registration:Percent:Total","rank":9,"src":6,"subgrp":1,"top":[],"tp":"2010-2011","trend":"dn","value":"45.4","slugiddata":270682,"dKPIRSrs":false,"dNITIRSrs":true,"tps":"","dTHEMATICRSrs":false},{"_id":"271362","area":"IND007008","below":[],"indicator":108,"ius":"Percentage of PW having Hb level<11 (tested cases) (7.1 to 10.9) against total ANC registration:Percent:Total","rank":7,"src":6,"subgrp":1,"top":[],"tp":"2011-2012","trend":"up","value":"35.3","slugiddata":271362,"dKPIRSrs":false,"dNITIRSrs":true,"tps":"","dTHEMATICRSrs":false},{"_id":"272054","area":"IND007008","below":[],"indicator":108,"ius":"Percentage of PW having Hb level<11 (tested cases) (7.1 to 10.9) against total ANC registration:Percent:Total","rank":7,"src":6,"subgrp":1,"top":[],"tp":"2012-2013","trend":"dn","value":"36.9","slugiddata":272054,"dKPIRSrs":false,"dNITIRSrs":true,"tps":"","dTHEMATICRSrs":false},{"_id":"272754","area":"IND007008","below":[],"indicator":108,"ius":"Percentage of PW having Hb level<11 (tested cases) (7.1 to 10.9) against total ANC registration:Percent:Total","rank":11,"src":6,"subgrp":1,"top":[],"tp":"2013-2014","trend":"dn","value":"56.9","slugiddata":272754,"dKPIRSrs":false,"dNITIRSrs":true,"tps":"","dTHEMATICRSrs":false},{"_id":"273451","area":"IND007008","below":[],"indicator":108,"ius":"Percentage of PW having Hb level<11 (tested cases) (7.1 to 10.9) against total ANC registration:Percent:Total","rank":11,"src":6,"subgrp":1,"top":[],"tp":"2014-2015","trend":"dn","value":"68.4","slugiddata":273451,"dKPIRSrs":false,"dNITIRSrs":true,"tps":"","dTHEMATICRSrs":false},{"_id":"274162","area":"IND007008","below":[],"indicator":108,"ius":"Percentage of PW having Hb level<11 (tested cases) (7.1 to 10.9) against total ANC registration:Percent:Total","rank":11,"src":6,"subgrp":1,"top":[],"tp":"2015-2016","trend":"up","value":"53.5","slugiddata":274162,"dKPIRSrs":false,"dNITIRSrs":true,"tps":"","dTHEMATICRSrs":false},{"_id":"274875","area":"IND007008","below":[],"indicator":108,"ius":"Percentage of PW having Hb level<11 (tested cases) (7.1 to 10.9) against total ANC registration:Percent:Total","rank":11,"src":6,"subgrp":1,"top":[],"tp":"2016-2017","trend":"dn","value":"60.5","slugiddata":274875,"dKPIRSrs":false,"dNITIRSrs":true,"tps":"","dTHEMATICRSrs":false},{"_id":"276235","area":"IND007008","below":[],"indicator":113,"ius":"Percentage of PW having Hb level<7 (tested cases) against total ANC registration:Percent:Total","rank":8,"src":6,"subgrp":1,"top":[],"tp":"2009-2010","trend":"na","value":"4.0","slugiddata":276235,"dKPIRSrs":false,"dNITIRSrs":true,"tps":"","dTHEMATICRSrs":false},{"_id":"276907","area":"IND007008","below":[],"indicator":113,"ius":"Percentage of PW having Hb level<7 (tested cases) against total ANC registration:Percent:Total","rank":9,"src":6,"subgrp":1,"top":[],"tp":"2010-2011","trend":"dn","value":"6.2","slugiddata":276907,"dKPIRSrs":false,"dNITIRSrs":true,"tps":"","dTHEMATICRSrs":false},{"_id":"277587","area":"IND007008","below":[],"indicator":113,"ius":"Percentage of PW having Hb level<7 (tested cases) against total ANC registration:Percent:Total","rank":4,"src":6,"subgrp":1,"top":[],"tp":"2011-2012","trend":"up","value":"1.3","slugiddata":277587,"dKPIRSrs":false,"dNITIRSrs":true,"tps":"","dTHEMATICRSrs":false},{"_id":"278279","area":"IND007008","below":[],"indicator":113,"ius":"Percentage of PW having Hb level<7 (tested cases) against total ANC registration:Percent:Total","rank":4,"src":6,"subgrp":1,"top":[],"tp":"2012-2013","trend":"dn","value":"1.8","slugiddata":278279,"dKPIRSrs":false,"dNITIRSrs":true,"tps":"","dTHEMATICRSrs":false},{"_id":"278979","area":"IND007008","below":[],"indicator":113,"ius":"Percentage of PW having Hb level<7 (tested cases) against total ANC registration:Percent:Total","rank":9,"src":6,"subgrp":1,"top":[],"tp":"2013-2014","trend":"dn","value":"4.0","slugiddata":278979,"dKPIRSrs":false,"dNITIRSrs":true,"tps":"","dTHEMATICRSrs":false},{"_id":"279676","area":"IND007008","below":[],"indicator":113,"ius":"Percentage of PW having Hb level<7 (tested cases) against total ANC registration:Percent:Total","rank":10,"src":6,"subgrp":1,"top":[],"tp":"2014-2015","trend":"up","value":"3.6","slugiddata":279676,"dKPIRSrs":false,"dNITIRSrs":true,"tps":"","dTHEMATICRSrs":false},{"_id":"280387","area":"IND007008","below":[],"indicator":113,"ius":"Percentage of PW having Hb level<7 (tested cases) against total ANC registration:Percent:Total","rank":9,"src":6,"subgrp":1,"top":[],"tp":"2015-2016","trend":"dn","value":"4.1","slugiddata":280387,"dKPIRSrs":false,"dNITIRSrs":true,"tps":"","dTHEMATICRSrs":false},{"_id":"281100","area":"IND007008","below":[],"indicator":113,"ius":"Percentage of PW having Hb level<7 (tested cases) against total ANC registration:Percent:Total","rank":11,"src":6,"subgrp":1,"top":[],"tp":"2016-2017","trend":"dn","value":"4.6","slugiddata":281100,"dKPIRSrs":false,"dNITIRSrs":true,"tps":"","dTHEMATICRSrs":false},{"_id":"282460","area":"IND007008","below":[],"indicator":109,"ius":"Percentage of institutional deliveries out of total ANC registration:Percent:Total","rank":2,"src":6,"subgrp":1,"top":[],"tp":"2009-2010","trend":"na","value":"26.8","slugiddata":282460,"dKPIRSrs":false,"dNITIRSrs":true,"tps":"","dTHEMATICRSrs":false},{"_id":"283132","area":"IND007008","below":[],"indicator":109,"ius":"Percentage of institutional deliveries out of total ANC registration:Percent:Total","rank":2,"src":6,"subgrp":1,"top":[],"tp":"2010-2011","trend":"up","value":"31.1","slugiddata":283132,"dKPIRSrs":false,"dNITIRSrs":true,"tps":"","dTHEMATICRSrs":false},{"_id":"283812","area":"IND007008","below":[],"indicator":109,"ius":"Percentage of institutional deliveries out of total ANC registration:Percent:Total","rank":9,"src":6,"subgrp":1,"top":[],"tp":"2011-2012","trend":"dn","value":"13.5","slugiddata":283812,"dKPIRSrs":false,"dNITIRSrs":true,"tps":"","dTHEMATICRSrs":false},{"_id":"284504","area":"IND007008","below":[],"indicator":109,"ius":"Percentage of institutional deliveries out of total ANC registration:Percent:Total","rank":7,"src":6,"subgrp":1,"top":[],"tp":"2012-2013","trend":"up","value":"17.1","slugiddata":284504,"dKPIRSrs":false,"dNITIRSrs":true,"tps":"","dTHEMATICRSrs":false},{"_id":"285204","area":"IND007008","below":[],"indicator":109,"ius":"Percentage of institutional deliveries out of total ANC registration:Percent:Total","rank":5,"src":6,"subgrp":1,"top":[],"tp":"2013-2014","trend":"up","value":"27.9","slugiddata":285204,"dKPIRSrs":false,"dNITIRSrs":true,"tps":"","dTHEMATICRSrs":false},{"_id":"285901","area":"IND007008","below":[],"indicator":109,"ius":"Percentage of institutional deliveries out of total ANC registration:Percent:Total","rank":5,"src":6,"subgrp":1,"top":[],"tp":"2014-2015","trend":"up","value":"30.7","slugiddata":285901,"dKPIRSrs":false,"dNITIRSrs":true,"tps":"","dTHEMATICRSrs":false},{"_id":"286612","area":"IND007008","below":[],"indicator":109,"ius":"Percentage of institutional deliveries out of total ANC registration:Percent:Total","rank":4,"src":6,"subgrp":1,"top":[],"tp":"2015-2016","trend":"up","value":"31.1","slugiddata":286612,"dKPIRSrs":false,"dNITIRSrs":true,"tps":"","dTHEMATICRSrs":false},{"_id":"287325","area":"IND007008","below":[],"indicator":109,"ius":"Percentage of institutional deliveries out of total ANC registration:Percent:Total","rank":4,"src":6,"subgrp":1,"top":[],"tp":"2016-2017","trend":"dn","value":"29.3","slugiddata":287325,"dKPIRSrs":false,"dNITIRSrs":true,"tps":"","dTHEMATICRSrs":false},{"_id":"288677","area":"IND007008","below":[],"indicator":110,"ius":"Proportion of live babies weighed at birth:Percent:Total","rank":7,"src":6,"subgrp":1,"top":[],"tp":"2009-2010","trend":"na","value":"82.2","slugiddata":288677,"dKPIRSrs":false,"dNITIRSrs":true,"tps":"","dTHEMATICRSrs":false},{"_id":"289349","area":"IND007008","below":[],"indicator":110,"ius":"Proportion of live babies weighed at birth:Percent:Total","rank":7,"src":6,"subgrp":1,"top":[],"tp":"2010-2011","trend":"up","value":"91.2","slugiddata":289349,"dKPIRSrs":false,"dNITIRSrs":true,"tps":"","dTHEMATICRSrs":false},{"_id":"290030","area":"IND007008","below":[],"indicator":110,"ius":"Proportion of live babies weighed at birth:Percent:Total","rank":6,"src":6,"subgrp":1,"top":[],"tp":"2011-2012","trend":"dn","value":"85.6","slugiddata":290030,"dKPIRSrs":false,"dNITIRSrs":true,"tps":"","dTHEMATICRSrs":false},{"_id":"290722","area":"IND007008","below":[],"indicator":110,"ius":"Proportion of live babies weighed at birth:Percent:Total","rank":8,"src":6,"subgrp":1,"top":[],"tp":"2012-2013","trend":"up","value":"89.2","slugiddata":290722,"dKPIRSrs":false,"dNITIRSrs":true,"tps":"","dTHEMATICRSrs":false},{"_id":"291422","area":"IND007008","below":[],"indicator":110,"ius":"Proportion of live babies weighed at birth:Percent:Total","rank":7,"src":6,"subgrp":1,"top":[],"tp":"2013-2014","trend":"up","value":"91.9","slugiddata":291422,"dKPIRSrs":false,"dNITIRSrs":true,"tps":"","dTHEMATICRSrs":false},{"_id":"292119","area":"IND007008","below":[],"indicator":110,"ius":"Proportion of live babies weighed at birth:Percent:Total","rank":5,"src":6,"subgrp":1,"top":[],"tp":"2014-2015","trend":"up","value":"93.9","slugiddata":292119,"dKPIRSrs":false,"dNITIRSrs":true,"tps":"","dTHEMATICRSrs":false},{"_id":"292830","area":"IND007008","below":[],"indicator":110,"ius":"Proportion of live babies weighed at birth:Percent:Total","rank":2,"src":6,"subgrp":1,"top":[],"tp":"2015-2016","trend":"up","value":"96.7","slugiddata":292830,"dKPIRSrs":false,"dNITIRSrs":true,"tps":"","dTHEMATICRSrs":false},{"_id":"293543","area":"IND007008","below":[],"indicator":110,"ius":"Proportion of live babies weighed at birth:Percent:Total","rank":2,"src":6,"subgrp":1,"top":[],"tp":"2016-2017","trend":"up","value":"98.2","slugiddata":293543,"dKPIRSrs":false,"dNITIRSrs":true,"tps":"","dTHEMATICRSrs":false},{"_id":"294303","area":"IND007008","below":[],"indicator":89,"ius":"Pregnant women received TT2 or Booster to total ANC registration:Percent:Total","rank":2,"src":6,"subgrp":1,"top":[],"tp":"2017-2018","trend":"up","value":"46.4","slugiddata":294303,"dKPIRSrs":false,"dNITIRSrs":false,"tps":"","dTHEMATICRSrs":true},{"_id":"295039","area":"IND007008","below":[],"indicator":92,"ius":"Women discharged in less than 48 hours of delivery to total reported deliveries at public institutions:Percent:Total","rank":11,"src":6,"subgrp":1,"top":[],"tp":"2017-2018","trend":"dn","value":"81.6","slugiddata":295039,"dKPIRSrs":false,"dNITIRSrs":false,"tps":"","dTHEMATICRSrs":true},{"_id":"295775","area":"IND007008","below":[],"indicator":14,"ius":"Institutional delivery:Percent:Total","rank":7,"src":6,"subgrp":1,"top":[],"tp":"2017-2018","trend":"up","value":"94.2","slugiddata":295775,"dKPIRSrs":false,"dNITIRSrs":false,"tps":"","dTHEMATICRSrs":false},{"_id":"297247","area":"IND007008","below":[],"indicator":93,"ius":"Home deliveries to total reported deliveries:Percent:Total","rank":7,"src":6,"subgrp":1,"top":[],"tp":"2017-2018","trend":"up","value":"5.8","slugiddata":297247,"dKPIRSrs":true,"dNITIRSrs":false,"tps":"","dTHEMATICRSrs":true},{"_id":"297983","area":"IND007008","below":[],"indicator":2,"ius":"Births delivered by caesarean section:Percent:Total","rank":9,"src":6,"subgrp":1,"top":[],"tp":"2017-2018","trend":"dn","value":"18.3","slugiddata":297983,"dKPIRSrs":false,"dNITIRSrs":false,"tps":"","dTHEMATICRSrs":false},{"_id":"298719","area":"IND007008","below":[],"indicator":11,"ius":"Institutional delivery in public/government health facility:Percent:Total","rank":5,"src":6,"subgrp":1,"top":[],"tp":"2017-2018","trend":"up","value":"86.8","slugiddata":298719,"dKPIRSrs":false,"dNITIRSrs":false,"tps":"","dTHEMATICRSrs":false},{"_id":"300186","area":"IND007008","below":[],"indicator":96,"ius":"MTPs conducted at public institutions to total MTPs:Percent:Total","rank":8,"src":6,"subgrp":1,"top":[],"tp":"2017-2018","trend":"dn","value":"27.3","slugiddata":300186,"dKPIRSrs":false,"dNITIRSrs":false,"tps":"","dTHEMATICRSrs":true},{"_id":"301591","area":"IND007008","below":[],"indicator":98,"ius":"Male sterilization (vasectomies) to total sterilization:Percent:Total","rank":1,"src":6,"subgrp":1,"top":[],"tp":"2017-2018","trend":"dn","value":"23.1","slugiddata":301591,"dKPIRSrs":false,"dNITIRSrs":false,"tps":"","dTHEMATICRSrs":true},{"_id":"302311","area":"IND007008","below":[],"indicator":99,"ius":"Post partum sterilizations to total female sterilizations:Percent:Total","rank":5,"src":6,"subgrp":1,"top":[],"tp":"2017-2018","trend":"dn","value":"40.6","slugiddata":302311,"dKPIRSrs":false,"dNITIRSrs":false,"tps":"","dTHEMATICRSrs":false},{"_id":"303776","area":"IND007008","below":[],"indicator":101,"ius":"IUCD insertions in public plus private institutions to all family planning methods ( IUCD plus permanent):Percent:Total","rank":4,"src":6,"subgrp":1,"top":[],"tp":"2017-2018","trend":"up","value":"87.9","slugiddata":303776,"dKPIRSrs":false,"dNITIRSrs":false,"tps":"","dTHEMATICRSrs":true},{"_id":"304512","area":"IND007008","below":[],"indicator":102,"ius":"Newborns given BCG to reported live birth:Percent:Total","rank":4,"src":6,"subgrp":1,"top":[],"tp":"2017-2018","trend":"dn","value":"116.8","slugiddata":304512,"dKPIRSrs":false,"dNITIRSrs":false,"tps":"","dTHEMATICRSrs":true},{"_id":"305248","area":"IND007008","below":[],"indicator":103,"ius":"Infants 0 to 11 months old who received measles vaccine to reported live births:Percent:Total","rank":4,"src":6,"subgrp":1,"top":[],"tp":"2017-2018","trend":"up","value":"188.1","slugiddata":305248,"dKPIRSrs":false,"dNITIRSrs":false,"tps":"","dTHEMATICRSrs":true},{"_id":"308133","area":"IND007008","below":[],"indicator":119,"ius":"Cases of Pregnant women with obstetric complications and attended to reported deliveries:Percent:Total","rank":9,"src":6,"subgrp":1,"top":[],"tp":"2009-2010","trend":"na","value":"5.7","slugiddata":308133,"dKPIRSrs":false,"dNITIRSrs":false,"tps":"","dTHEMATICRSrs":false},{"_id":"308805","area":"IND007008","below":[],"indicator":119,"ius":"Cases of Pregnant women with obstetric complications and attended to reported deliveries:Percent:Total","rank":2,"src":6,"subgrp":1,"top":[],"tp":"2010-2011","trend":"up","value":"56.2","slugiddata":308805,"dKPIRSrs":false,"dNITIRSrs":false,"tps":"","dTHEMATICRSrs":false},{"_id":"309486","area":"IND007008","below":[],"indicator":119,"ius":"Cases of Pregnant women with obstetric complications and attended to reported deliveries:Percent:Total","rank":6,"src":6,"subgrp":1,"top":[],"tp":"2011-2012","trend":"dn","value":"33.1","slugiddata":309486,"dKPIRSrs":false,"dNITIRSrs":false,"tps":"","dTHEMATICRSrs":false},{"_id":"310178","area":"IND007008","below":[],"indicator":119,"ius":"Cases of Pregnant women with obstetric complications and attended to reported deliveries:Percent:Total","rank":10,"src":6,"subgrp":1,"top":[],"tp":"2012-2013","trend":"dn","value":"21.3","slugiddata":310178,"dKPIRSrs":false,"dNITIRSrs":false,"tps":"","dTHEMATICRSrs":false},{"_id":"310878","area":"IND007008","below":[],"indicator":119,"ius":"Cases of Pregnant women with obstetric complications and attended to reported deliveries:Percent:Total","rank":10,"src":6,"subgrp":1,"top":[],"tp":"2013-2014","trend":"up","value":"21.6","slugiddata":310878,"dKPIRSrs":false,"dNITIRSrs":false,"tps":"","dTHEMATICRSrs":false},{"_id":"311575","area":"IND007008","below":[],"indicator":119,"ius":"Cases of Pregnant women with obstetric complications and attended to reported deliveries:Percent:Total","rank":10,"src":6,"subgrp":1,"top":[],"tp":"2014-2015","trend":"dn","value":"16.3","slugiddata":311575,"dKPIRSrs":false,"dNITIRSrs":false,"tps":"","dTHEMATICRSrs":false},{"_id":"312286","area":"IND007008","below":[],"indicator":119,"ius":"Cases of Pregnant women with obstetric complications and attended to reported deliveries:Percent:Total","rank":10,"src":6,"subgrp":1,"top":[],"tp":"2015-2016","trend":"dn","value":"13.3","slugiddata":312286,"dKPIRSrs":false,"dNITIRSrs":false,"tps":"","dTHEMATICRSrs":false},{"_id":"312999","area":"IND007008","below":[],"indicator":119,"ius":"Cases of Pregnant women with obstetric complications and attended to reported deliveries:Percent:Total","rank":8,"src":6,"subgrp":1,"top":[],"tp":"2016-2017","trend":"up","value":"21.8","slugiddata":312999,"dKPIRSrs":false,"dNITIRSrs":false,"tps":"","dTHEMATICRSrs":false},{"_id":"313714","area":"IND007008","below":[],"indicator":119,"ius":"Cases of Pregnant women with obstetric complications and attended to reported deliveries:Percent:Total","rank":9,"src":6,"subgrp":1,"top":[],"tp":"2017-2018","trend":"dn","value":"12.5","slugiddata":313714,"dKPIRSrs":false,"dNITIRSrs":false,"tps":"","dTHEMATICRSrs":false},{"_id":"314450","area":"IND007008","below":[],"indicator":118,"ius":"Pregnant women given 180 IFA to total ANC registration:Percent:Total","rank":6,"src":6,"subgrp":1,"top":[],"tp":"2017-2018","trend":"na","value":"50.7","slugiddata":314450,"dKPIRSrs":false,"dNITIRSrs":false,"tps":"","dTHEMATICRSrs":false},{"_id":"315186","area":"IND007008","below":[],"indicator":88,"ius":"1st trimester registration to total ANC registrations:Percent:Total","rank":3,"src":6,"subgrp":1,"top":[],"tp":"Apr-Sep_2018","trend":"dn","value":"47.7","slugiddata":315186,"dKPIRSrs":false,"dNITIRSrs":true,"tps":"","dTHEMATICRSrs":false},{"_id":"315925","area":"IND007008","below":[],"indicator":48,"ius":"Mothers who had at least 4 antenatal care visits:Percent:Total","rank":7,"src":6,"subgrp":1,"top":[],"tp":"Apr-Sep_2018","trend":"dn","value":"33.4","slugiddata":315925,"dKPIRSrs":false,"dNITIRSrs":true,"tps":"","dTHEMATICRSrs":false},{"_id":"316664","area":"IND007008","below":[],"indicator":89,"ius":"Pregnant women received TT2 or Booster to total ANC registration:Percent:Total","rank":2,"src":6,"subgrp":1,"top":[],"tp":"Apr-Sep_2018","trend":"dn","value":"44.7","slugiddata":316664,"dKPIRSrs":false,"dNITIRSrs":false,"tps":"","dTHEMATICRSrs":true},{"_id":"317403","area":"IND007008","below":[],"indicator":118,"ius":"Pregnant women given 180 IFA to total ANC registration:Percent:Total","rank":8,"src":6,"subgrp":1,"top":[],"tp":"Apr-Sep_2018","trend":"dn","value":"33.6","slugiddata":317403,"dKPIRSrs":false,"dNITIRSrs":false,"tps":"","dTHEMATICRSrs":false},{"_id":"318142","area":"IND007008","below":[],"indicator":108,"ius":"Percentage of PW having Hb level<11 (tested cases) (7.1 to 10.9) against total ANC registration:Percent:Total","rank":10,"src":6,"subgrp":1,"top":[],"tp":"Apr-Sep_2018","trend":"up","value":"47.8","slugiddata":318142,"dKPIRSrs":false,"dNITIRSrs":true,"tps":"","dTHEMATICRSrs":false},{"_id":"319619","area":"IND007008","below":[],"indicator":113,"ius":"Percentage of PW having Hb level<7 (tested cases) against total ANC registration:Percent:Total","rank":4,"src":6,"subgrp":1,"top":[],"tp":"Apr-Sep_2018","trend":"up","value":"1.0","slugiddata":319619,"dKPIRSrs":false,"dNITIRSrs":true,"tps":"","dTHEMATICRSrs":false},{"_id":"320358","area":"IND007008","below":[],"indicator":91,"ius":"New cases detected at institution for hypertension to total ANC registrations:Percent:Total","rank":5,"src":6,"subgrp":1,"top":[],"tp":"Apr-Sep_2018","trend":"up","value":"2.1","slugiddata":320358,"dKPIRSrs":false,"dNITIRSrs":false,"tps":"","dTHEMATICRSrs":true},{"_id":"321096","area":"IND007008","below":[],"indicator":12,"ius":"Home delivery conducted by skilled health personnel:Percent:Total","rank":4,"src":6,"subgrp":1,"top":[],"tp":"Apr-Sep_2018","trend":"up","value":"2.0","slugiddata":321096,"dKPIRSrs":false,"dNITIRSrs":true,"tps":"","dTHEMATICRSrs":false},{"_id":"321817","area":"IND007008","below":[],"indicator":92,"ius":"Women discharged in less than 48 hours of delivery to total reported deliveries at public institutions:Percent:Total","rank":10,"src":6,"subgrp":1,"top":[],"tp":"Apr-Sep_2018","trend":"dn","value":"83.7","slugiddata":321817,"dKPIRSrs":false,"dNITIRSrs":false,"tps":"","dTHEMATICRSrs":true},{"_id":"322556","area":"IND007008","below":[],"indicator":109,"ius":"Percentage of institutional deliveries out of total ANC registration:Percent:Total","rank":4,"src":6,"subgrp":1,"top":[],"tp":"Apr-Sep_2018","trend":"dn","value":"25.2","slugiddata":322556,"dKPIRSrs":false,"dNITIRSrs":true,"tps":"","dTHEMATICRSrs":false},{"_id":"323295","area":"IND007008","below":[],"indicator":14,"ius":"Institutional delivery:Percent:Total","rank":7,"src":6,"subgrp":1,"top":[],"tp":"Apr-Sep_2018","trend":"up","value":"94.7","slugiddata":323295,"dKPIRSrs":false,"dNITIRSrs":false,"tps":"","dTHEMATICRSrs":false},{"_id":"324773","area":"IND007008","below":[],"indicator":93,"ius":"Home deliveries to total reported deliveries:Percent:Total","rank":7,"src":6,"subgrp":1,"top":[],"tp":"Apr-Sep_2018","trend":"up","value":"5.3","slugiddata":324773,"dKPIRSrs":true,"dNITIRSrs":false,"tps":"","dTHEMATICRSrs":true},{"_id":"325512","area":"IND007008","below":[],"indicator":2,"ius":"Births delivered by caesarean section:Percent:Total","rank":9,"src":6,"subgrp":1,"top":[],"tp":"Apr-Sep_2018","trend":"up","value":"26.5","slugiddata":325512,"dKPIRSrs":false,"dNITIRSrs":false,"tps":"","dTHEMATICRSrs":false},{"_id":"326251","area":"IND007008","below":[],"indicator":11,"ius":"Institutional delivery in public/government health facility:Percent:Total","rank":9,"src":6,"subgrp":1,"top":[],"tp":"Apr-Sep_2018","trend":"dn","value":"67.9","slugiddata":326251,"dKPIRSrs":false,"dNITIRSrs":false,"tps":"","dTHEMATICRSrs":false},{"_id":"327729","area":"IND007008","below":[],"indicator":110,"ius":"Proportion of live babies weighed at birth:Percent:Total","rank":3,"src":6,"subgrp":1,"top":[],"tp":"Apr-Sep_2018","trend":"up","value":"98.6","slugiddata":327729,"dKPIRSrs":false,"dNITIRSrs":true,"tps":"","dTHEMATICRSrs":false},{"_id":"328468","area":"IND007008","below":[],"indicator":112,"ius":"Newborns having weight less than 2.5 kg to newborns weighed at birth:Percent:Total","rank":3,"src":6,"subgrp":1,"top":[],"tp":"Apr-Sep_2018","trend":"up","value":"15.2","slugiddata":328468,"dKPIRSrs":true,"dNITIRSrs":true,"tps":"","dTHEMATICRSrs":false},{"_id":"329207","area":"IND007008","below":[],"indicator":111,"ius":"Newborns breastfed within 1 hour of birth to total live birth:Percent:Total","rank":2,"src":6,"subgrp":1,"top":[],"tp":"Apr-Sep_2018","trend":"dn","value":"81.9","slugiddata":329207,"dKPIRSrs":false,"dNITIRSrs":true,"tps":"","dTHEMATICRSrs":false},{"_id":"330685","area":"IND007008","below":[],"indicator":119,"ius":"Cases of Pregnant women with obstetric complications and attended to reported deliveries:Percent:Total","rank":9,"src":6,"subgrp":1,"top":[],"tp":"Apr-Sep_2018","trend":"dn","value":"7.4","slugiddata":330685,"dKPIRSrs":false,"dNITIRSrs":false,"tps":"","dTHEMATICRSrs":false},{"_id":"331414","area":"IND007008","below":[],"indicator":96,"ius":"MTPs conducted at public institutions to total MTPs:Percent:Total","rank":10,"src":6,"subgrp":1,"top":[],"tp":"Apr-Sep_2018","trend":"dn","value":"15.2","slugiddata":331414,"dKPIRSrs":false,"dNITIRSrs":false,"tps":"","dTHEMATICRSrs":true},{"_id":"332794","area":"IND007008","below":[],"indicator":98,"ius":"Male sterilization (vasectomies) to total sterilization:Percent:Total","rank":1,"src":6,"subgrp":1,"top":[],"tp":"Apr-Sep_2018","trend":"dn","value":"21.5","slugiddata":332794,"dKPIRSrs":false,"dNITIRSrs":false,"tps":"","dTHEMATICRSrs":true},{"_id":"333505","area":"IND007008","below":[],"indicator":99,"ius":"Post partum sterilizations to total female sterilizations:Percent:Total","rank":5,"src":6,"subgrp":1,"top":[],"tp":"Apr-Sep_2018","trend":"up","value":"38.6","slugiddata":333505,"dKPIRSrs":false,"dNITIRSrs":false,"tps":"","dTHEMATICRSrs":false},{"_id":"334966","area":"IND007008","below":[],"indicator":101,"ius":"IUCD insertions in public plus private institutions to all family planning methods ( IUCD plus permanent):Percent:Total","rank":5,"src":6,"subgrp":1,"top":[],"tp":"Apr-Sep_2018","trend":"dn","value":"87.2","slugiddata":334966,"dKPIRSrs":false,"dNITIRSrs":false,"tps":"","dTHEMATICRSrs":true},{"_id":"335705","area":"IND007008","below":[],"indicator":102,"ius":"Newborns given BCG to reported live birth:Percent:Total","rank":6,"src":6,"subgrp":1,"top":[],"tp":"Apr-Sep_2018","trend":"dn","value":"107.9","slugiddata":335705,"dKPIRSrs":false,"dNITIRSrs":false,"tps":"","dTHEMATICRSrs":true},{"_id":"336444","area":"IND007008","below":[],"indicator":103,"ius":"Infants 0 to 11 months old who received measles vaccine to reported live births:Percent:Total","rank":5,"src":6,"subgrp":1,"top":[],"tp":"Apr-Sep_2018","trend":"up","value":"196.1","slugiddata":336444,"dKPIRSrs":false,"dNITIRSrs":false,"tps":"","dTHEMATICRSrs":true},{"_id":"395413","area":"IND007008","below":[],"indicator":10,"ius":"Current Usage FP - Female sterilization:Percent:Total","rank":3,"src":1,"subgrp":1,"top":[],"tp":"2015-2016","trend":"na","value":"21.9","slugiddata":395413,"dKPIRSrs":false,"dNITIRSrs":false,"tps":"","dTHEMATICRSrs":true},{"_id":"395414","area":"IND007008","below":[],"indicator":53,"ius":"Unmet Need for FP - Unmet need for spacing:Percent:Total","rank":1,"src":1,"subgrp":1,"top":[],"tp":"2015-2016","trend":"na","value":"3.5","slugiddata":395414,"dKPIRSrs":false,"dNITIRSrs":false,"tps":"","dTHEMATICRSrs":true},{"_id":"395415","area":"IND007008","below":[],"indicator":48,"ius":"Mothers who had at least 4 antenatal care visits:Percent:Total","rank":4,"src":1,"subgrp":1,"top":[],"tp":"2015-2016","trend":"na","value":"72.5","slugiddata":395415,"dKPIRSrs":false,"dNITIRSrs":false,"tps":"","dTHEMATICRSrs":true},{"_id":"395416","area":"IND007008","below":[],"indicator":33,"ius":"Mothers who received post-natal check-up within 48 hrs. of delivery:Percent:Total","rank":1,"src":1,"subgrp":1,"top":[],"tp":"2015-2016","trend":"na","value":"75.4","slugiddata":395416,"dKPIRSrs":false,"dNITIRSrs":false,"tps":"","dTHEMATICRSrs":false},{"_id":"395418","area":"IND007008","below":[],"indicator":12,"ius":"Home delivery conducted by skilled health personnel:Percent:Total","rank":9,"src":1,"subgrp":1,"top":[],"tp":"2015-2016","trend":"na","value":"1.5","slugiddata":395418,"dKPIRSrs":false,"dNITIRSrs":false,"tps":"","dTHEMATICRSrs":false},{"_id":"395420","area":"IND007008","below":[],"indicator":2,"ius":"Births delivered by caesarean section:Percent:Total","rank":2,"src":1,"subgrp":1,"top":[],"tp":"2015-2016","trend":"na","value":"28.8","slugiddata":395420,"dKPIRSrs":false,"dNITIRSrs":false,"tps":"","dTHEMATICRSrs":true},{"_id":"395423","area":"IND007008","below":[],"indicator":58,"ius":"Children who are severely wasted (weight-for-height)/severe acute malnourished (SAM):Percent:Total","rank":3,"src":1,"subgrp":1,"top":[],"tp":"2015-2016","trend":"na","value":"3.5","slugiddata":395423,"dKPIRSrs":false,"dNITIRSrs":true,"tps":"","dTHEMATICRSrs":true},{"_id":"395424","area":"IND007008","below":[],"indicator":56,"ius":"Children who are underweight (weight-for-age):Percent:Total","rank":2,"src":1,"subgrp":1,"top":[],"tp":"2015-2016","trend":"na","value":"21.1","slugiddata":395424,"dKPIRSrs":false,"dNITIRSrs":true,"tps":"","dTHEMATICRSrs":true},{"_id":"395425","area":"IND007008","below":[],"indicator":28,"ius":"Children aged (6-59 months) who are anaemic (<11.0 g/dl):Percent:Total","rank":4,"src":1,"subgrp":1,"top":[],"tp":"2015-2016","trend":"na","value":"64.8","slugiddata":395425,"dKPIRSrs":false,"dNITIRSrs":false,"tps":"","dTHEMATICRSrs":true},{"_id":"404167","area":"IND007008","below":[],"indicator":1,"ius":"Current Usage FP - Any modern method:Percent:Total","rank":2,"src":1,"subgrp":1,"top":[],"tp":"2015-2016","trend":"na","value":"52.0","slugiddata":404167,"dKPIRSrs":true,"dNITIRSrs":false,"tps":"","dTHEMATICRSrs":true},{"_id":"404181","area":"IND007008","below":[],"indicator":44,"ius":"Mothers who had antenatal check-up in the first trimester:Percent:Total","rank":6,"src":1,"subgrp":1,"top":[],"tp":"2015-2016","trend":"na","value":"61.6","slugiddata":404181,"dKPIRSrs":true,"dNITIRSrs":false,"tps":"","dTHEMATICRSrs":true},{"_id":"404195","area":"IND007008","below":[],"indicator":45,"ius":"Mothers who had full antenatal care:Percent:Total","rank":2,"src":1,"subgrp":1,"top":[],"tp":"2015-2016","trend":"na","value":"46.4","slugiddata":404195,"dKPIRSrs":true,"dNITIRSrs":false,"tps":"","dTHEMATICRSrs":false},{"_id":"404209","area":"IND007008","below":[],"indicator":14,"ius":"Institutional delivery:Percent:Total","rank":2,"src":1,"subgrp":1,"top":[],"tp":"2015-2016","trend":"na","value":"91.9","slugiddata":404209,"dKPIRSrs":true,"dNITIRSrs":false,"tps":"","dTHEMATICRSrs":true},{"_id":"404223","area":"IND007008","below":[],"indicator":11,"ius":"Institutional delivery in public/government health facility:Percent:Total","rank":6,"src":1,"subgrp":1,"top":[],"tp":"2015-2016","trend":"na","value":"57.0","slugiddata":404223,"dKPIRSrs":true,"dNITIRSrs":false,"tps":"","dTHEMATICRSrs":true},{"_id":"404243","area":"IND007008","below":[],"indicator":5,"ius":"Children fully immunized:Percent:Total","rank":1,"src":1,"subgrp":1,"top":[],"tp":"2015-2016","trend":"na","value":"84.4","slugiddata":404243,"dKPIRSrs":true,"dNITIRSrs":true,"tps":"","dTHEMATICRSrs":true},{"_id":"404261","area":"IND007008","below":[],"indicator":7,"ius":"Children with acute respiratory infection or fever in last 2 weeks and sought advice/treatment/taken to a health facility:Percent:Total","rank":2,"src":1,"subgrp":1,"top":[],"tp":"2015-2016","trend":"na","value":"78.7","slugiddata":404261,"dKPIRSrs":true,"dNITIRSrs":true,"tps":"","dTHEMATICRSrs":true},{"_id":"404272","area":"IND007008","below":[],"indicator":6,"ius":"Children breastfed within one hour of birth:Percent:Total","rank":7,"src":1,"subgrp":1,"top":[],"tp":"2015-2016","trend":"na","value":"26.7","slugiddata":404272,"dKPIRSrs":true,"dNITIRSrs":false,"tps":"","dTHEMATICRSrs":true},{"_id":"404287","area":"IND007008","below":[],"indicator":9,"ius":"Current Usage FP - Copper-T/IUD/PPIUD:Percent:Total","rank":1,"src":1,"subgrp":1,"top":[],"tp":"2015-2016","trend":"na","value":"7.5","slugiddata":404287,"dKPIRSrs":true,"dNITIRSrs":false,"tps":"","dTHEMATICRSrs":true},{"_id":"404301","area":"IND007008","below":[],"indicator":51,"ius":"Unmet Need for FP - Total unmet need:Percent:Total","rank":1,"src":1,"subgrp":1,"top":[],"tp":"2015-2016","trend":"na","value":"12.3","slugiddata":404301,"dKPIRSrs":true,"dNITIRSrs":false,"tps":"","dTHEMATICRSrs":true},{"_id":"404315","area":"IND007008","below":[],"indicator":59,"ius":"Children who received a health check after birth from a doctor/nurse/LHV/ANM/midwife/other health personnel within 2 days of birth:Percent:Total","rank":5,"src":1,"subgrp":1,"top":[],"tp":"2015-2016","trend":"na","value":"20.7","slugiddata":404315,"dKPIRSrs":true,"dNITIRSrs":false,"tps":"","dTHEMATICRSrs":true},{"_id":"406174","area":"IND007008","below":[],"indicator":57,"ius":"Children who are wasted (weight-for-height)/moderate acute malnourished (MAM):Percent:Total","rank":1,"src":1,"subgrp":1,"top":[],"tp":"2015-2016","trend":"na","value":"12.6","slugiddata":406174,"dKPIRSrs":false,"dNITIRSrs":true,"tps":"","dTHEMATICRSrs":false},{"_id":"49525","area":"IND007008","below":[],"indicator":12,"ius":"Home delivery conducted by skilled health personnel:Percent:Total","rank":3,"src":2,"subgrp":1,"top":[],"tp":"2002-2004","trend":"na","value":"23.6","slugiddata":49525,"dKPIRSrs":false,"dNITIRSrs":false,"tps":"","dTHEMATICRSrs":false},{"_id":"49534","area":"IND007008","below":[],"indicator":14,"ius":"Institutional delivery:Percent:Total","rank":4,"src":2,"subgrp":1,"top":[],"tp":"2002-2004","trend":"na","value":"68.7","slugiddata":49534,"dKPIRSrs":false,"dNITIRSrs":false,"tps":"","dTHEMATICRSrs":false},{"_id":"49552","area":"IND007008","below":[],"indicator":44,"ius":"Mothers who had antenatal check-up in the first trimester:Percent:Total","rank":2,"src":2,"subgrp":1,"top":[],"tp":"2002-2004","trend":"na","value":"53.6","slugiddata":49552,"dKPIRSrs":false,"dNITIRSrs":false,"tps":"","dTHEMATICRSrs":false},{"_id":"49561","area":"IND007008","below":[],"indicator":45,"ius":"Mothers who had full antenatal care:Percent:Total","rank":4,"src":2,"subgrp":1,"top":[],"tp":"2002-2004","trend":"na","value":"41.4","slugiddata":49561,"dKPIRSrs":false,"dNITIRSrs":false,"tps":"","dTHEMATICRSrs":false},{"_id":"49570","area":"IND007008","below":[],"indicator":36,"ius":"Percentage of pregnancy resulted in live birth:Percent:Total","rank":6,"src":2,"subgrp":1,"top":[],"tp":"2002-2004","trend":"na","value":"87.9","slugiddata":49570,"dKPIRSrs":false,"dNITIRSrs":false,"tps":"","dTHEMATICRSrs":true},{"_id":"49588","area":"IND007008","below":[],"indicator":52,"ius":"Unmet Need for FP - Unmet need for limiting:Percent:Total","rank":3,"src":2,"subgrp":1,"top":[],"tp":"2002-2004","trend":"na","value":"10.9","slugiddata":49588,"dKPIRSrs":false,"dNITIRSrs":false,"tps":"","dTHEMATICRSrs":false},{"_id":"49597","area":"IND007008","below":[],"indicator":53,"ius":"Unmet Need for FP - Unmet need for spacing:Percent:Total","rank":2,"src":2,"subgrp":1,"top":[],"tp":"2002-2004","trend":"na","value":"3.5","slugiddata":49597,"dKPIRSrs":false,"dNITIRSrs":false,"tps":"","dTHEMATICRSrs":false},{"_id":"51408","area":"IND007008","below":[],"indicator":51,"ius":"Unmet Need for FP - Total unmet need:Percent:Total","rank":2,"src":2,"subgrp":1,"top":[],"tp":"2002-2004","trend":"na","value":"14.4","slugiddata":51408,"dKPIRSrs":false,"dNITIRSrs":false,"tps":"","dTHEMATICRSrs":false},{"_id":"55839","area":"IND007008","below":[],"indicator":79,"ius":"Children aged (6-35 months) exclusively breastfed for at least 6 months:Percent:Total","rank":6,"src":2,"subgrp":1,"top":[],"tp":"2002-2004","trend":"na","value":"20.2","slugiddata":55839,"dKPIRSrs":false,"dNITIRSrs":false,"tps":"","dTHEMATICRSrs":false},{"_id":"55848","area":"IND007008","below":[],"indicator":5,"ius":"Children fully immunized:Percent:Total","rank":7,"src":2,"subgrp":1,"top":[],"tp":"2002-2004","trend":"na","value":"54.4","slugiddata":55848,"dKPIRSrs":false,"dNITIRSrs":false,"tps":"","dTHEMATICRSrs":false},{"_id":"55866","area":"IND007008","below":[],"indicator":1,"ius":"Current Usage FP - Any modern method:Percent:Total","rank":8,"src":2,"subgrp":1,"top":[],"tp":"2002-2004","trend":"na","value":"52.2","slugiddata":55866,"dKPIRSrs":false,"dNITIRSrs":false,"tps":"","dTHEMATICRSrs":false},{"_id":"55875","area":"IND007008","below":[],"indicator":9,"ius":"Current Usage FP - Copper-T/IUD/PPIUD:Percent:Total","rank":6,"src":2,"subgrp":1,"top":[],"tp":"2002-2004","trend":"na","value":"5.0","slugiddata":55875,"dKPIRSrs":false,"dNITIRSrs":false,"tps":"","dTHEMATICRSrs":false},{"_id":"55884","area":"IND007008","below":[],"indicator":10,"ius":"Current Usage FP - Female sterilization:Percent:Total","rank":1,"src":2,"subgrp":1,"top":[],"tp":"2002-2004","trend":"na","value":"27.7","slugiddata":55884,"dKPIRSrs":false,"dNITIRSrs":false,"tps":"","dTHEMATICRSrs":false},{"_id":"55893","area":"IND007008","below":[],"indicator":81,"ius":"Currently married women married below 18 years:Percent:Total","rank":2,"src":2,"subgrp":1,"top":[],"tp":"2002-2004","trend":"na","value":"3.5","slugiddata":55893,"dKPIRSrs":false,"dNITIRSrs":false,"tps":"","dTHEMATICRSrs":true},{"_id":"57565","area":"IND007008","below":[],"indicator":46,"ius":"Mothers who received 3 or more antenatal care:Percent:Total","rank":4,"src":2,"subgrp":1,"top":[],"tp":"2002-2004","trend":"na","value":"77.1","slugiddata":57565,"dKPIRSrs":false,"dNITIRSrs":false,"tps":"","dTHEMATICRSrs":false},{"_id":"59529","area":"IND007008","below":[],"indicator":46,"ius":"Mothers who received 3 or more antenatal care:Percent:Total","rank":5,"src":2,"subgrp":1,"top":[],"tp":"2007-2008","trend":"dn","value":"73.1","slugiddata":59529,"dKPIRSrs":false,"dNITIRSrs":false,"tps":"","dTHEMATICRSrs":false},{"_id":"60446","area":"IND007008","below":[],"indicator":36,"ius":"Percentage of pregnancy resulted in live birth:Percent:Total","rank":3,"src":2,"subgrp":1,"top":[],"tp":"2007-2008","trend":"dn","value":"87.8","slugiddata":60446,"dKPIRSrs":false,"dNITIRSrs":false,"tps":"","dTHEMATICRSrs":true},{"_id":"61881","area":"IND007008","below":[],"indicator":12,"ius":"Home delivery conducted by skilled health personnel:Percent:Total","rank":4,"src":2,"subgrp":1,"top":[],"tp":"2007-2008","trend":"dn","value":"2.5","slugiddata":61881,"dKPIRSrs":false,"dNITIRSrs":false,"tps":"","dTHEMATICRSrs":false},{"_id":"61899","area":"IND007008","below":[],"indicator":10,"ius":"Current Usage FP - Female sterilization:Percent:Total","rank":2,"src":2,"subgrp":1,"top":[],"tp":"2007-2008","trend":"up","value":"30.6","slugiddata":61899,"dKPIRSrs":false,"dNITIRSrs":false,"tps":"","dTHEMATICRSrs":false},{"_id":"64088","area":"IND007008","below":[],"indicator":51,"ius":"Unmet Need for FP - Total unmet need:Percent:Total","rank":5,"src":2,"subgrp":1,"top":[],"tp":"2007-2008","trend":"up","value":"13.5","slugiddata":64088,"dKPIRSrs":false,"dNITIRSrs":false,"tps":"","dTHEMATICRSrs":false},{"_id":"65548","area":"IND007008","below":[],"indicator":52,"ius":"Unmet Need for FP - Unmet need for limiting:Percent:Total","rank":3,"src":2,"subgrp":1,"top":[],"tp":"2007-2008","trend":"up","value":"10.5","slugiddata":65548,"dKPIRSrs":false,"dNITIRSrs":false,"tps":"","dTHEMATICRSrs":false},{"_id":"65557","area":"IND007008","below":[],"indicator":53,"ius":"Unmet Need for FP - Unmet need for spacing:Percent:Total","rank":4,"src":2,"subgrp":1,"top":[],"tp":"2007-2008","trend":"up","value":"3.0","slugiddata":65557,"dKPIRSrs":false,"dNITIRSrs":false,"tps":"","dTHEMATICRSrs":false},{"_id":"66725","area":"IND007008","below":[],"indicator":6,"ius":"Children breastfed within one hour of birth:Percent:Total","rank":1,"src":2,"subgrp":1,"top":[],"tp":"2007-2008","trend":"na","value":"34.6","slugiddata":66725,"dKPIRSrs":false,"dNITIRSrs":false,"tps":"","dTHEMATICRSrs":false},{"_id":"67348","area":"IND007008","below":[],"indicator":5,"ius":"Children fully immunized:Percent:Total","rank":2,"src":2,"subgrp":1,"top":[],"tp":"2007-2008","trend":"up","value":"75.6","slugiddata":67348,"dKPIRSrs":false,"dNITIRSrs":false,"tps":"","dTHEMATICRSrs":false},{"_id":"67971","area":"IND007008","below":[],"indicator":7,"ius":"Children with acute respiratory infection or fever in last 2 weeks and sought advice/treatment/taken to a health facility:Percent:Total","rank":1,"src":2,"subgrp":1,"top":[],"tp":"2007-2008","trend":"na","value":"96.0","slugiddata":67971,"dKPIRSrs":false,"dNITIRSrs":false,"tps":"","dTHEMATICRSrs":false},{"_id":"68629","area":"IND007008","below":[],"indicator":19,"ius":"Children with diarrhoea in last 2 weeks and sought advice/treatment/taken to a health facility:Percent:Total","rank":9,"src":2,"subgrp":1,"top":[],"tp":"2007-2008","trend":"na","value":"55.2","slugiddata":68629,"dKPIRSrs":false,"dNITIRSrs":false,"tps":"","dTHEMATICRSrs":false},{"_id":"69252","area":"IND007008","below":[],"indicator":1,"ius":"Current Usage FP - Any modern method:Percent:Total","rank":2,"src":2,"subgrp":1,"top":[],"tp":"2007-2008","trend":"up","value":"57.6","slugiddata":69252,"dKPIRSrs":false,"dNITIRSrs":false,"tps":"","dTHEMATICRSrs":false},{"_id":"69875","area":"IND007008","below":[],"indicator":9,"ius":"Current Usage FP - Copper-T/IUD/PPIUD:Percent:Total","rank":5,"src":2,"subgrp":1,"top":[],"tp":"2007-2008","trend":"dn","value":"4.7","slugiddata":69875,"dKPIRSrs":false,"dNITIRSrs":false,"tps":"","dTHEMATICRSrs":false},{"_id":"70498","area":"IND007008","below":[],"indicator":81,"ius":"Currently married women married below 18 years:Percent:Total","rank":7,"src":2,"subgrp":1,"top":[],"tp":"2007-2008","trend":"dn","value":"8.6","slugiddata":70498,"dKPIRSrs":false,"dNITIRSrs":false,"tps":"","dTHEMATICRSrs":true},{"_id":"71154","area":"IND007008","below":[],"indicator":14,"ius":"Institutional delivery:Percent:Total","rank":5,"src":2,"subgrp":1,"top":[],"tp":"2007-2008","trend":"up","value":"69.4","slugiddata":71154,"dKPIRSrs":false,"dNITIRSrs":false,"tps":"","dTHEMATICRSrs":false},{"_id":"71777","area":"IND007008","below":[],"indicator":44,"ius":"Mothers who had antenatal check-up in the first trimester:Percent:Total","rank":2,"src":2,"subgrp":1,"top":[],"tp":"2007-2008","trend":"up","value":"61.5","slugiddata":71777,"dKPIRSrs":false,"dNITIRSrs":false,"tps":"","dTHEMATICRSrs":false},{"_id":"72400","area":"IND007008","below":[],"indicator":45,"ius":"Mothers who had full antenatal care:Percent:Total","rank":1,"src":2,"subgrp":1,"top":[],"tp":"2007-2008","trend":"dn","value":"40.1","slugiddata":72400,"dKPIRSrs":false,"dNITIRSrs":false,"tps":"","dTHEMATICRSrs":false},{"_id":"74231","area":"IND007008","below":[],"indicator":93,"ius":"Home deliveries to total reported deliveries:Percent:Total","rank":5,"src":2,"subgrp":1,"top":[],"tp":"2007-2008","trend":"na","value":"30.8","slugiddata":74231,"dKPIRSrs":false,"dNITIRSrs":false,"tps":"","dTHEMATICRSrs":false},{"_id":"79700","area":"IND007008","below":[],"indicator":88,"ius":"1st trimester registration to total ANC registrations:Percent:Total","rank":1,"src":6,"subgrp":1,"top":[],"tp":"2009-2010","trend":"na","value":"32.1","slugiddata":79700,"dKPIRSrs":false,"dNITIRSrs":true,"tps":"","dTHEMATICRSrs":false},{"_id":"80372","area":"IND007008","below":[],"indicator":88,"ius":"1st trimester registration to total ANC registrations:Percent:Total","rank":4,"src":6,"subgrp":1,"top":[],"tp":"2010-2011","trend":"dn","value":"27.8","slugiddata":80372,"dKPIRSrs":false,"dNITIRSrs":true,"tps":"","dTHEMATICRSrs":false},{"_id":"81052","area":"IND007008","below":[],"indicator":88,"ius":"1st trimester registration to total ANC registrations:Percent:Total","rank":2,"src":6,"subgrp":1,"top":[],"tp":"2011-2012","trend":"up","value":"37.4","slugiddata":81052,"dKPIRSrs":false,"dNITIRSrs":true,"tps":"","dTHEMATICRSrs":false},{"_id":"81744","area":"IND007008","below":[],"indicator":88,"ius":"1st trimester registration to total ANC registrations:Percent:Total","rank":2,"src":6,"subgrp":1,"top":[],"tp":"2012-2013","trend":"up","value":"37.9","slugiddata":81744,"dKPIRSrs":false,"dNITIRSrs":true,"tps":"","dTHEMATICRSrs":false},{"_id":"82444","area":"IND007008","below":[],"indicator":88,"ius":"1st trimester registration to total ANC registrations:Percent:Total","rank":1,"src":6,"subgrp":1,"top":[],"tp":"2013-2014","trend":"up","value":"45.4","slugiddata":82444,"dKPIRSrs":false,"dNITIRSrs":true,"tps":"","dTHEMATICRSrs":false},{"_id":"83141","area":"IND007008","below":[],"indicator":88,"ius":"1st trimester registration to total ANC registrations:Percent:Total","rank":1,"src":6,"subgrp":1,"top":[],"tp":"2014-2015","trend":"up","value":"46.7","slugiddata":83141,"dKPIRSrs":false,"dNITIRSrs":true,"tps":"","dTHEMATICRSrs":false},{"_id":"83852","area":"IND007008","below":[],"indicator":88,"ius":"1st trimester registration to total ANC registrations:Percent:Total","rank":1,"src":6,"subgrp":1,"top":[],"tp":"2015-2016","trend":"up","value":"49.9","slugiddata":83852,"dKPIRSrs":false,"dNITIRSrs":true,"tps":"","dTHEMATICRSrs":false},{"_id":"84565","area":"IND007008","below":[],"indicator":88,"ius":"1st trimester registration to total ANC registrations:Percent:Total","rank":1,"src":6,"subgrp":1,"top":[],"tp":"2016-2017","trend":"up","value":"50.2","slugiddata":84565,"dKPIRSrs":false,"dNITIRSrs":true,"tps":"","dTHEMATICRSrs":false},{"_id":"85925","area":"IND007008","below":[],"indicator":46,"ius":"Mothers who received 3 or more antenatal care:Percent:Total","rank":2,"src":6,"subgrp":1,"top":[],"tp":"2009-2010","trend":"na","value":"61.4","slugiddata":85925,"dKPIRSrs":false,"dNITIRSrs":false,"tps":"","dTHEMATICRSrs":false},{"_id":"86597","area":"IND007008","below":[],"indicator":46,"ius":"Mothers who received 3 or more antenatal care:Percent:Total","rank":1,"src":6,"subgrp":1,"top":[],"tp":"2010-2011","trend":"up","value":"76.8","slugiddata":86597,"dKPIRSrs":false,"dNITIRSrs":false,"tps":"","dTHEMATICRSrs":false},{"_id":"87277","area":"IND007008","below":[],"indicator":46,"ius":"Mothers who received 3 or more antenatal care:Percent:Total","rank":6,"src":6,"subgrp":1,"top":[],"tp":"2011-2012","trend":"dn","value":"48.5","slugiddata":87277,"dKPIRSrs":false,"dNITIRSrs":false,"tps":"","dTHEMATICRSrs":false},{"_id":"87969","area":"IND007008","below":[],"indicator":46,"ius":"Mothers who received 3 or more antenatal care:Percent:Total","rank":10,"src":6,"subgrp":1,"top":[],"tp":"2012-2013","trend":"dn","value":"45.3","slugiddata":87969,"dKPIRSrs":false,"dNITIRSrs":false,"tps":"","dTHEMATICRSrs":false},{"_id":"88669","area":"IND007008","below":[],"indicator":46,"ius":"Mothers who received 3 or more antenatal care:Percent:Total","rank":2,"src":6,"subgrp":1,"top":[],"tp":"2013-2014","trend":"up","value":"85.0","slugiddata":88669,"dKPIRSrs":false,"dNITIRSrs":false,"tps":"","dTHEMATICRSrs":false},{"_id":"89366","area":"IND007008","below":[],"indicator":46,"ius":"Mothers who received 3 or more antenatal care:Percent:Total","rank":1,"src":6,"subgrp":1,"top":[],"tp":"2014-2015","trend":"dn","value":"83.1","slugiddata":89366,"dKPIRSrs":false,"dNITIRSrs":false,"tps":"","dTHEMATICRSrs":false},{"_id":"90077","area":"IND007008","below":[],"indicator":46,"ius":"Mothers who received 3 or more antenatal care:Percent:Total","rank":2,"src":6,"subgrp":1,"top":[],"tp":"2015-2016","trend":"dn","value":"74.7","slugiddata":90077,"dKPIRSrs":false,"dNITIRSrs":false,"tps":"","dTHEMATICRSrs":false},{"_id":"90790","area":"IND007008","below":[],"indicator":46,"ius":"Mothers who received 3 or more antenatal care:Percent:Total","rank":2,"src":6,"subgrp":1,"top":[],"tp":"2016-2017","trend":"dn","value":"67.6","slugiddata":90790,"dKPIRSrs":false,"dNITIRSrs":false,"tps":"","dTHEMATICRSrs":false},{"_id":"92150","area":"IND007008","below":[],"indicator":89,"ius":"Pregnant women received TT2 or Booster to total ANC registration:Percent:Total","rank":3,"src":6,"subgrp":1,"top":[],"tp":"2009-2010","trend":"na","value":"28.1","slugiddata":92150,"dKPIRSrs":false,"dNITIRSrs":false,"tps":"","dTHEMATICRSrs":true},{"_id":"92822","area":"IND007008","below":[],"indicator":89,"ius":"Pregnant women received TT2 or Booster to total ANC registration:Percent:Total","rank":1,"src":6,"subgrp":1,"top":[],"tp":"2010-2011","trend":"up","value":"34.6","slugiddata":92822,"dKPIRSrs":false,"dNITIRSrs":false,"tps":"","dTHEMATICRSrs":true},{"_id":"93502","area":"IND007008","below":[],"indicator":89,"ius":"Pregnant women received TT2 or Booster to total ANC registration:Percent:Total","rank":7,"src":6,"subgrp":1,"top":[],"tp":"2011-2012","trend":"dn","value":"25.7","slugiddata":93502,"dKPIRSrs":false,"dNITIRSrs":false,"tps":"","dTHEMATICRSrs":true},{"_id":"94194","area":"IND007008","below":[],"indicator":89,"ius":"Pregnant women received TT2 or Booster to total ANC registration:Percent:Total","rank":7,"src":6,"subgrp":1,"top":[],"tp":"2012-2013","trend":"up","value":"26.8","slugiddata":94194,"dKPIRSrs":false,"dNITIRSrs":false,"tps":"","dTHEMATICRSrs":true},{"_id":"94894","area":"IND007008","below":[],"indicator":89,"ius":"Pregnant women received TT2 or Booster to total ANC registration:Percent:Total","rank":1,"src":6,"subgrp":1,"top":[],"tp":"2013-2014","trend":"up","value":"44.2","slugiddata":94894,"dKPIRSrs":false,"dNITIRSrs":false,"tps":"","dTHEMATICRSrs":true},{"_id":"95591","area":"IND007008","below":[],"indicator":89,"ius":"Pregnant women received TT2 or Booster to total ANC registration:Percent:Total","rank":1,"src":6,"subgrp":1,"top":[],"tp":"2014-2015","trend":"up","value":"46.4","slugiddata":95591,"dKPIRSrs":false,"dNITIRSrs":false,"tps":"","dTHEMATICRSrs":true},{"_id":"96302","area":"IND007008","below":[],"indicator":89,"ius":"Pregnant women received TT2 or Booster to total ANC registration:Percent:Total","rank":1,"src":6,"subgrp":1,"top":[],"tp":"2015-2016","trend":"up","value":"47.5","slugiddata":96302,"dKPIRSrs":false,"dNITIRSrs":false,"tps":"","dTHEMATICRSrs":true},{"_id":"97015","area":"IND007008","below":[],"indicator":89,"ius":"Pregnant women received TT2 or Booster to total ANC registration:Percent:Total","rank":1,"src":6,"subgrp":1,"top":[],"tp":"2016-2017","trend":"dn","value":"44.2","slugiddata":97015,"dKPIRSrs":false,"dNITIRSrs":false,"tps":"","dTHEMATICRSrs":true}]