[{"_id":"103615","area":"IND001013","below":[],"indicator":91,"ius":"New cases detected at institution for hypertension to total ANC registrations:Percent:Total","rank":5,"src":6,"subgrp":1,"top":[],"tp":"2008-2009","trend":"na","value":"0.9","slugiddata":103615,"dKPIRSrs":false,"dNITIRSrs":false,"tps":"","dTHEMATICRSrs":true},{"_id":"104284","area":"IND001013","below":[],"indicator":91,"ius":"New cases detected at institution for hypertension to total ANC registrations:Percent:Total","rank":8,"src":6,"subgrp":1,"top":[],"tp":"2009-2010","trend":"dn","value":"2.6","slugiddata":104284,"dKPIRSrs":false,"dNITIRSrs":false,"tps":"","dTHEMATICRSrs":true},{"_id":"104956","area":"IND001013","below":[],"indicator":91,"ius":"New cases detected at institution for hypertension to total ANC registrations:Percent:Total","rank":19,"src":6,"subgrp":1,"top":[],"tp":"2010-2011","trend":"dn","value":"7.4","slugiddata":104956,"dKPIRSrs":false,"dNITIRSrs":false,"tps":"","dTHEMATICRSrs":true},{"_id":"105636","area":"IND001013","below":[],"indicator":91,"ius":"New cases detected at institution for hypertension to total ANC registrations:Percent:Total","rank":6,"src":6,"subgrp":1,"top":[],"tp":"2011-2012","trend":"up","value":"2.1","slugiddata":105636,"dKPIRSrs":false,"dNITIRSrs":false,"tps":"","dTHEMATICRSrs":true},{"_id":"106335","area":"IND001013","below":[],"indicator":91,"ius":"New cases detected at institution for hypertension to total ANC registrations:Percent:Total","rank":2,"src":6,"subgrp":1,"top":[],"tp":"2012-2013","trend":"up","value":"0.4","slugiddata":106335,"dKPIRSrs":false,"dNITIRSrs":false,"tps":"","dTHEMATICRSrs":true},{"_id":"107035","area":"IND001013","below":[],"indicator":91,"ius":"New cases detected at institution for hypertension to total ANC registrations:Percent:Total","rank":1,"src":6,"subgrp":1,"top":[],"tp":"2013-2014","trend":"up","value":"0.1","slugiddata":107035,"dKPIRSrs":false,"dNITIRSrs":false,"tps":"","dTHEMATICRSrs":true},{"_id":"107732","area":"IND001013","below":[],"indicator":91,"ius":"New cases detected at institution for hypertension to total ANC registrations:Percent:Total","rank":3,"src":6,"subgrp":1,"top":[],"tp":"2014-2015","trend":"dn","value":"0.3","slugiddata":107732,"dKPIRSrs":false,"dNITIRSrs":false,"tps":"","dTHEMATICRSrs":true},{"_id":"108443","area":"IND001013","below":[],"indicator":91,"ius":"New cases detected at institution for hypertension to total ANC registrations:Percent:Total","rank":3,"src":6,"subgrp":1,"top":[],"tp":"2015-2016","trend":"eq","value":"0.3","slugiddata":108443,"dKPIRSrs":false,"dNITIRSrs":false,"tps":"","dTHEMATICRSrs":true},{"_id":"109156","area":"IND001013","below":[],"indicator":91,"ius":"New cases detected at institution for hypertension to total ANC registrations:Percent:Total","rank":4,"src":6,"subgrp":1,"top":[],"tp":"2016-2017","trend":"dn","value":"0.7","slugiddata":109156,"dKPIRSrs":false,"dNITIRSrs":false,"tps":"","dTHEMATICRSrs":true},{"_id":"109834","area":"IND001013","below":[],"indicator":12,"ius":"Home delivery conducted by skilled health personnel:Percent:Total","rank":6,"src":6,"subgrp":1,"top":[],"tp":"2008-2009","trend":"na","value":"59.1","slugiddata":109834,"dKPIRSrs":false,"dNITIRSrs":true,"tps":"","dTHEMATICRSrs":false},{"_id":"110490","area":"IND001013","below":[],"indicator":12,"ius":"Home delivery conducted by skilled health personnel:Percent:Total","rank":15,"src":6,"subgrp":1,"top":[],"tp":"2009-2010","trend":"dn","value":"40.5","slugiddata":110490,"dKPIRSrs":false,"dNITIRSrs":true,"tps":"","dTHEMATICRSrs":false},{"_id":"111154","area":"IND001013","below":[],"indicator":12,"ius":"Home delivery conducted by skilled health personnel:Percent:Total","rank":19,"src":6,"subgrp":1,"top":[],"tp":"2010-2011","trend":"dn","value":"14.7","slugiddata":111154,"dKPIRSrs":false,"dNITIRSrs":true,"tps":"","dTHEMATICRSrs":false},{"_id":"111828","area":"IND001013","below":[],"indicator":12,"ius":"Home delivery conducted by skilled health personnel:Percent:Total","rank":20,"src":6,"subgrp":1,"top":[],"tp":"2011-2012","trend":"dn","value":"4.8","slugiddata":111828,"dKPIRSrs":false,"dNITIRSrs":true,"tps":"","dTHEMATICRSrs":false},{"_id":"112525","area":"IND001013","below":[],"indicator":12,"ius":"Home delivery conducted by skilled health personnel:Percent:Total","rank":17,"src":6,"subgrp":1,"top":[],"tp":"2012-2013","trend":"dn","value":"2.1","slugiddata":112525,"dKPIRSrs":false,"dNITIRSrs":true,"tps":"","dTHEMATICRSrs":false},{"_id":"113221","area":"IND001013","below":[],"indicator":12,"ius":"Home delivery conducted by skilled health personnel:Percent:Total","rank":21,"src":6,"subgrp":1,"top":[],"tp":"2013-2014","trend":"dn","value":"0.0","slugiddata":113221,"dKPIRSrs":false,"dNITIRSrs":true,"tps":"","dTHEMATICRSrs":false},{"_id":"113912","area":"IND001013","below":[],"indicator":12,"ius":"Home delivery conducted by skilled health personnel:Percent:Total","rank":7,"src":6,"subgrp":1,"top":[],"tp":"2014-2015","trend":"up","value":"16.3","slugiddata":113912,"dKPIRSrs":false,"dNITIRSrs":true,"tps":"","dTHEMATICRSrs":false},{"_id":"114611","area":"IND001013","below":[],"indicator":12,"ius":"Home delivery conducted by skilled health personnel:Percent:Total","rank":13,"src":6,"subgrp":1,"top":[],"tp":"2015-2016","trend":"dn","value":"2.7","slugiddata":114611,"dKPIRSrs":false,"dNITIRSrs":true,"tps":"","dTHEMATICRSrs":false},{"_id":"115302","area":"IND001013","below":[],"indicator":12,"ius":"Home delivery conducted by skilled health personnel:Percent:Total","rank":6,"src":6,"subgrp":1,"top":[],"tp":"2016-2017","trend":"up","value":"21.5","slugiddata":115302,"dKPIRSrs":false,"dNITIRSrs":true,"tps":"","dTHEMATICRSrs":false},{"_id":"122084","area":"IND001013","below":[],"indicator":92,"ius":"Women discharged in less than 48 hours of delivery to total reported deliveries at public institutions:Percent:Total","rank":12,"src":6,"subgrp":1,"top":[],"tp":"2008-2009","trend":"na","value":"24.1","slugiddata":122084,"dKPIRSrs":false,"dNITIRSrs":false,"tps":"","dTHEMATICRSrs":true},{"_id":"122752","area":"IND001013","below":[],"indicator":92,"ius":"Women discharged in less than 48 hours of delivery to total reported deliveries at public institutions:Percent:Total","rank":9,"src":6,"subgrp":1,"top":[],"tp":"2009-2010","trend":"dn","value":"61.1","slugiddata":122752,"dKPIRSrs":false,"dNITIRSrs":false,"tps":"","dTHEMATICRSrs":true},{"_id":"123424","area":"IND001013","below":[],"indicator":92,"ius":"Women discharged in less than 48 hours of delivery to total reported deliveries at public institutions:Percent:Total","rank":18,"src":6,"subgrp":1,"top":[],"tp":"2010-2011","trend":"dn","value":"80.6","slugiddata":123424,"dKPIRSrs":false,"dNITIRSrs":false,"tps":"","dTHEMATICRSrs":true},{"_id":"124105","area":"IND001013","below":[],"indicator":92,"ius":"Women discharged in less than 48 hours of delivery to total reported deliveries at public institutions:Percent:Total","rank":12,"src":6,"subgrp":1,"top":[],"tp":"2011-2012","trend":"up","value":"76.8","slugiddata":124105,"dKPIRSrs":false,"dNITIRSrs":false,"tps":"","dTHEMATICRSrs":true},{"_id":"124804","area":"IND001013","below":[],"indicator":92,"ius":"Women discharged in less than 48 hours of delivery to total reported deliveries at public institutions:Percent:Total","rank":13,"src":6,"subgrp":1,"top":[],"tp":"2012-2013","trend":"up","value":"72.1","slugiddata":124804,"dKPIRSrs":false,"dNITIRSrs":false,"tps":"","dTHEMATICRSrs":true},{"_id":"125504","area":"IND001013","below":[],"indicator":92,"ius":"Women discharged in less than 48 hours of delivery to total reported deliveries at public institutions:Percent:Total","rank":15,"src":6,"subgrp":1,"top":[],"tp":"2013-2014","trend":"dn","value":"77.5","slugiddata":125504,"dKPIRSrs":false,"dNITIRSrs":false,"tps":"","dTHEMATICRSrs":true},{"_id":"126201","area":"IND001013","below":[],"indicator":92,"ius":"Women discharged in less than 48 hours of delivery to total reported deliveries at public institutions:Percent:Total","rank":14,"src":6,"subgrp":1,"top":[],"tp":"2014-2015","trend":"up","value":"74.3","slugiddata":126201,"dKPIRSrs":false,"dNITIRSrs":false,"tps":"","dTHEMATICRSrs":true},{"_id":"126912","area":"IND001013","below":[],"indicator":92,"ius":"Women discharged in less than 48 hours of delivery to total reported deliveries at public institutions:Percent:Total","rank":18,"src":6,"subgrp":1,"top":[],"tp":"2015-2016","trend":"dn","value":"77.3","slugiddata":126912,"dKPIRSrs":false,"dNITIRSrs":false,"tps":"","dTHEMATICRSrs":true},{"_id":"127625","area":"IND001013","below":[],"indicator":92,"ius":"Women discharged in less than 48 hours of delivery to total reported deliveries at public institutions:Percent:Total","rank":20,"src":6,"subgrp":1,"top":[],"tp":"2016-2017","trend":"dn","value":"80.3","slugiddata":127625,"dKPIRSrs":false,"dNITIRSrs":false,"tps":"","dTHEMATICRSrs":true},{"_id":"134537","area":"IND001013","below":[],"indicator":93,"ius":"Home deliveries to total reported deliveries:Percent:Total","rank":11,"src":6,"subgrp":1,"top":[],"tp":"2008-2009","trend":"na","value":"27.1","slugiddata":134537,"dKPIRSrs":true,"dNITIRSrs":false,"tps":"","dTHEMATICRSrs":true},{"_id":"135206","area":"IND001013","below":[],"indicator":93,"ius":"Home deliveries to total reported deliveries:Percent:Total","rank":12,"src":6,"subgrp":1,"top":[],"tp":"2009-2010","trend":"dn","value":"36.5","slugiddata":135206,"dKPIRSrs":true,"dNITIRSrs":false,"tps":"","dTHEMATICRSrs":true},{"_id":"135878","area":"IND001013","below":[],"indicator":93,"ius":"Home deliveries to total reported deliveries:Percent:Total","rank":12,"src":6,"subgrp":1,"top":[],"tp":"2010-2011","trend":"up","value":"28.2","slugiddata":135878,"dKPIRSrs":true,"dNITIRSrs":false,"tps":"","dTHEMATICRSrs":true},{"_id":"136559","area":"IND001013","below":[],"indicator":93,"ius":"Home deliveries to total reported deliveries:Percent:Total","rank":14,"src":6,"subgrp":1,"top":[],"tp":"2011-2012","trend":"up","value":"21.3","slugiddata":136559,"dKPIRSrs":true,"dNITIRSrs":false,"tps":"","dTHEMATICRSrs":true},{"_id":"137258","area":"IND001013","below":[],"indicator":93,"ius":"Home deliveries to total reported deliveries:Percent:Total","rank":14,"src":6,"subgrp":1,"top":[],"tp":"2012-2013","trend":"up","value":"16.7","slugiddata":137258,"dKPIRSrs":true,"dNITIRSrs":false,"tps":"","dTHEMATICRSrs":true},{"_id":"137958","area":"IND001013","below":[],"indicator":93,"ius":"Home deliveries to total reported deliveries:Percent:Total","rank":12,"src":6,"subgrp":1,"top":[],"tp":"2013-2014","trend":"up","value":"10.4","slugiddata":137958,"dKPIRSrs":true,"dNITIRSrs":false,"tps":"","dTHEMATICRSrs":true},{"_id":"138655","area":"IND001013","below":[],"indicator":93,"ius":"Home deliveries to total reported deliveries:Percent:Total","rank":11,"src":6,"subgrp":1,"top":[],"tp":"2014-2015","trend":"up","value":"7.2","slugiddata":138655,"dKPIRSrs":true,"dNITIRSrs":false,"tps":"","dTHEMATICRSrs":true},{"_id":"139366","area":"IND001013","below":[],"indicator":93,"ius":"Home deliveries to total reported deliveries:Percent:Total","rank":11,"src":6,"subgrp":1,"top":[],"tp":"2015-2016","trend":"dn","value":"8.4","slugiddata":139366,"dKPIRSrs":true,"dNITIRSrs":false,"tps":"","dTHEMATICRSrs":true},{"_id":"140079","area":"IND001013","below":[],"indicator":93,"ius":"Home deliveries to total reported deliveries:Percent:Total","rank":13,"src":6,"subgrp":1,"top":[],"tp":"2016-2017","trend":"dn","value":"10.7","slugiddata":140079,"dKPIRSrs":true,"dNITIRSrs":false,"tps":"","dTHEMATICRSrs":true},{"_id":"140763","area":"IND001013","below":[],"indicator":2,"ius":"Births delivered by caesarean section:Percent:Total","rank":17,"src":6,"subgrp":1,"top":[],"tp":"2008-2009","trend":"na","value":"0.0","slugiddata":140763,"dKPIRSrs":false,"dNITIRSrs":false,"tps":"","dTHEMATICRSrs":false},{"_id":"141432","area":"IND001013","below":[],"indicator":2,"ius":"Births delivered by caesarean section:Percent:Total","rank":22,"src":6,"subgrp":1,"top":[],"tp":"2009-2010","trend":"eq","value":"0.0","slugiddata":141432,"dKPIRSrs":false,"dNITIRSrs":false,"tps":"","dTHEMATICRSrs":false},{"_id":"142104","area":"IND001013","below":[],"indicator":2,"ius":"Births delivered by caesarean section:Percent:Total","rank":19,"src":6,"subgrp":1,"top":[],"tp":"2010-2011","trend":"up","value":"3.1","slugiddata":142104,"dKPIRSrs":false,"dNITIRSrs":false,"tps":"","dTHEMATICRSrs":false},{"_id":"142785","area":"IND001013","below":[],"indicator":2,"ius":"Births delivered by caesarean section:Percent:Total","rank":16,"src":6,"subgrp":1,"top":[],"tp":"2011-2012","trend":"up","value":"10.2","slugiddata":142785,"dKPIRSrs":false,"dNITIRSrs":false,"tps":"","dTHEMATICRSrs":false},{"_id":"143484","area":"IND001013","below":[],"indicator":2,"ius":"Births delivered by caesarean section:Percent:Total","rank":9,"src":6,"subgrp":1,"top":[],"tp":"2012-2013","trend":"up","value":"16.6","slugiddata":143484,"dKPIRSrs":false,"dNITIRSrs":false,"tps":"","dTHEMATICRSrs":false},{"_id":"144184","area":"IND001013","below":[],"indicator":2,"ius":"Births delivered by caesarean section:Percent:Total","rank":7,"src":6,"subgrp":1,"top":[],"tp":"2013-2014","trend":"up","value":"21.7","slugiddata":144184,"dKPIRSrs":false,"dNITIRSrs":false,"tps":"","dTHEMATICRSrs":false},{"_id":"144881","area":"IND001013","below":[],"indicator":2,"ius":"Births delivered by caesarean section:Percent:Total","rank":7,"src":6,"subgrp":1,"top":[],"tp":"2014-2015","trend":"up","value":"26.9","slugiddata":144881,"dKPIRSrs":false,"dNITIRSrs":false,"tps":"","dTHEMATICRSrs":false},{"_id":"145592","area":"IND001013","below":[],"indicator":2,"ius":"Births delivered by caesarean section:Percent:Total","rank":8,"src":6,"subgrp":1,"top":[],"tp":"2015-2016","trend":"dn","value":"22.5","slugiddata":145592,"dKPIRSrs":false,"dNITIRSrs":false,"tps":"","dTHEMATICRSrs":false},{"_id":"146305","area":"IND001013","below":[],"indicator":2,"ius":"Births delivered by caesarean section:Percent:Total","rank":12,"src":6,"subgrp":1,"top":[],"tp":"2016-2017","trend":"dn","value":"19.1","slugiddata":146305,"dKPIRSrs":false,"dNITIRSrs":false,"tps":"","dTHEMATICRSrs":false},{"_id":"146990","area":"IND001013","below":[],"indicator":33,"ius":"Mothers who received post-natal check-up within 48 hrs. of delivery:Percent:Total","rank":4,"src":6,"subgrp":1,"top":[],"tp":"2008-2009","trend":"na","value":"37.3","slugiddata":146990,"dKPIRSrs":false,"dNITIRSrs":false,"tps":"","dTHEMATICRSrs":true},{"_id":"147659","area":"IND001013","below":[],"indicator":33,"ius":"Mothers who received post-natal check-up within 48 hrs. of delivery:Percent:Total","rank":8,"src":6,"subgrp":1,"top":[],"tp":"2009-2010","trend":"dn","value":"34.6","slugiddata":147659,"dKPIRSrs":false,"dNITIRSrs":false,"tps":"","dTHEMATICRSrs":true},{"_id":"148331","area":"IND001013","below":[],"indicator":33,"ius":"Mothers who received post-natal check-up within 48 hrs. of delivery:Percent:Total","rank":9,"src":6,"subgrp":1,"top":[],"tp":"2010-2011","trend":"up","value":"42.6","slugiddata":148331,"dKPIRSrs":false,"dNITIRSrs":false,"tps":"","dTHEMATICRSrs":true},{"_id":"149012","area":"IND001013","below":[],"indicator":33,"ius":"Mothers who received post-natal check-up within 48 hrs. of delivery:Percent:Total","rank":11,"src":6,"subgrp":1,"top":[],"tp":"2011-2012","trend":"up","value":"62.7","slugiddata":149012,"dKPIRSrs":false,"dNITIRSrs":false,"tps":"","dTHEMATICRSrs":true},{"_id":"149711","area":"IND001013","below":[],"indicator":33,"ius":"Mothers who received post-natal check-up within 48 hrs. of delivery:Percent:Total","rank":10,"src":6,"subgrp":1,"top":[],"tp":"2012-2013","trend":"up","value":"70.0","slugiddata":149711,"dKPIRSrs":false,"dNITIRSrs":false,"tps":"","dTHEMATICRSrs":true},{"_id":"150411","area":"IND001013","below":[],"indicator":33,"ius":"Mothers who received post-natal check-up within 48 hrs. of delivery:Percent:Total","rank":9,"src":6,"subgrp":1,"top":[],"tp":"2013-2014","trend":"up","value":"81.1","slugiddata":150411,"dKPIRSrs":false,"dNITIRSrs":false,"tps":"","dTHEMATICRSrs":true},{"_id":"151108","area":"IND001013","below":[],"indicator":33,"ius":"Mothers who received post-natal check-up within 48 hrs. of delivery:Percent:Total","rank":10,"src":6,"subgrp":1,"top":[],"tp":"2014-2015","trend":"up","value":"83.5","slugiddata":151108,"dKPIRSrs":false,"dNITIRSrs":false,"tps":"","dTHEMATICRSrs":true},{"_id":"151819","area":"IND001013","below":[],"indicator":33,"ius":"Mothers who received post-natal check-up within 48 hrs. of delivery:Percent:Total","rank":7,"src":6,"subgrp":1,"top":[],"tp":"2015-2016","trend":"up","value":"86.3","slugiddata":151819,"dKPIRSrs":false,"dNITIRSrs":false,"tps":"","dTHEMATICRSrs":true},{"_id":"152532","area":"IND001013","below":[],"indicator":33,"ius":"Mothers who received post-natal check-up within 48 hrs. of delivery:Percent:Total","rank":13,"src":6,"subgrp":1,"top":[],"tp":"2016-2017","trend":"dn","value":"80.7","slugiddata":152532,"dKPIRSrs":false,"dNITIRSrs":false,"tps":"","dTHEMATICRSrs":true},{"_id":"153211","area":"IND001013","below":[],"indicator":112,"ius":"Newborns having weight less than 2.5 kg to newborns weighed at birth:Percent:Total","rank":10,"src":6,"subgrp":1,"top":[],"tp":"2008-2009","trend":"na","value":"7.5","slugiddata":153211,"dKPIRSrs":true,"dNITIRSrs":true,"tps":"","dTHEMATICRSrs":false},{"_id":"153875","area":"IND001013","below":[],"indicator":112,"ius":"Newborns having weight less than 2.5 kg to newborns weighed at birth:Percent:Total","rank":18,"src":6,"subgrp":1,"top":[],"tp":"2009-2010","trend":"dn","value":"37.4","slugiddata":153875,"dKPIRSrs":true,"dNITIRSrs":true,"tps":"","dTHEMATICRSrs":false},{"_id":"154546","area":"IND001013","below":[],"indicator":112,"ius":"Newborns having weight less than 2.5 kg to newborns weighed at birth:Percent:Total","rank":13,"src":6,"subgrp":1,"top":[],"tp":"2010-2011","trend":"up","value":"10.3","slugiddata":154546,"dKPIRSrs":true,"dNITIRSrs":true,"tps":"","dTHEMATICRSrs":false},{"_id":"155226","area":"IND001013","below":[],"indicator":112,"ius":"Newborns having weight less than 2.5 kg to newborns weighed at birth:Percent:Total","rank":3,"src":6,"subgrp":1,"top":[],"tp":"2011-2012","trend":"up","value":"2.8","slugiddata":155226,"dKPIRSrs":true,"dNITIRSrs":true,"tps":"","dTHEMATICRSrs":false},{"_id":"155925","area":"IND001013","below":[],"indicator":112,"ius":"Newborns having weight less than 2.5 kg to newborns weighed at birth:Percent:Total","rank":2,"src":6,"subgrp":1,"top":[],"tp":"2012-2013","trend":"up","value":"0.9","slugiddata":155925,"dKPIRSrs":true,"dNITIRSrs":true,"tps":"","dTHEMATICRSrs":false},{"_id":"156625","area":"IND001013","below":[],"indicator":112,"ius":"Newborns having weight less than 2.5 kg to newborns weighed at birth:Percent:Total","rank":1,"src":6,"subgrp":1,"top":[],"tp":"2013-2014","trend":"up","value":"0.3","slugiddata":156625,"dKPIRSrs":true,"dNITIRSrs":true,"tps":"","dTHEMATICRSrs":false},{"_id":"157322","area":"IND001013","below":[],"indicator":112,"ius":"Newborns having weight less than 2.5 kg to newborns weighed at birth:Percent:Total","rank":3,"src":6,"subgrp":1,"top":[],"tp":"2014-2015","trend":"dn","value":"1.1","slugiddata":157322,"dKPIRSrs":true,"dNITIRSrs":true,"tps":"","dTHEMATICRSrs":false},{"_id":"158033","area":"IND001013","below":[],"indicator":112,"ius":"Newborns having weight less than 2.5 kg to newborns weighed at birth:Percent:Total","rank":7,"src":6,"subgrp":1,"top":[],"tp":"2015-2016","trend":"dn","value":"2.8","slugiddata":158033,"dKPIRSrs":true,"dNITIRSrs":true,"tps":"","dTHEMATICRSrs":false},{"_id":"158746","area":"IND001013","below":[],"indicator":112,"ius":"Newborns having weight less than 2.5 kg to newborns weighed at birth:Percent:Total","rank":6,"src":6,"subgrp":1,"top":[],"tp":"2016-2017","trend":"up","value":"2.2","slugiddata":158746,"dKPIRSrs":true,"dNITIRSrs":true,"tps":"","dTHEMATICRSrs":false},{"_id":"159426","area":"IND001013","below":[],"indicator":111,"ius":"Newborns breastfed within 1 hour of birth to total live birth:Percent:Total","rank":6,"src":6,"subgrp":1,"top":[],"tp":"2008-2009","trend":"na","value":"41.6","slugiddata":159426,"dKPIRSrs":false,"dNITIRSrs":true,"tps":"","dTHEMATICRSrs":false},{"_id":"160091","area":"IND001013","below":[],"indicator":111,"ius":"Newborns breastfed within 1 hour of birth to total live birth:Percent:Total","rank":12,"src":6,"subgrp":1,"top":[],"tp":"2009-2010","trend":"up","value":"43.9","slugiddata":160091,"dKPIRSrs":false,"dNITIRSrs":true,"tps":"","dTHEMATICRSrs":false},{"_id":"160763","area":"IND001013","below":[],"indicator":111,"ius":"Newborns breastfed within 1 hour of birth to total live birth:Percent:Total","rank":2,"src":6,"subgrp":1,"top":[],"tp":"2010-2011","trend":"up","value":"93.2","slugiddata":160763,"dKPIRSrs":false,"dNITIRSrs":true,"tps":"","dTHEMATICRSrs":false},{"_id":"161444","area":"IND001013","below":[],"indicator":111,"ius":"Newborns breastfed within 1 hour of birth to total live birth:Percent:Total","rank":15,"src":6,"subgrp":1,"top":[],"tp":"2011-2012","trend":"dn","value":"71.5","slugiddata":161444,"dKPIRSrs":false,"dNITIRSrs":true,"tps":"","dTHEMATICRSrs":false},{"_id":"162143","area":"IND001013","below":[],"indicator":111,"ius":"Newborns breastfed within 1 hour of birth to total live birth:Percent:Total","rank":10,"src":6,"subgrp":1,"top":[],"tp":"2012-2013","trend":"up","value":"82.4","slugiddata":162143,"dKPIRSrs":false,"dNITIRSrs":true,"tps":"","dTHEMATICRSrs":false},{"_id":"162843","area":"IND001013","below":[],"indicator":111,"ius":"Newborns breastfed within 1 hour of birth to total live birth:Percent:Total","rank":3,"src":6,"subgrp":1,"top":[],"tp":"2013-2014","trend":"up","value":"98.4","slugiddata":162843,"dKPIRSrs":false,"dNITIRSrs":true,"tps":"","dTHEMATICRSrs":false},{"_id":"163540","area":"IND001013","below":[],"indicator":111,"ius":"Newborns breastfed within 1 hour of birth to total live birth:Percent:Total","rank":2,"src":6,"subgrp":1,"top":[],"tp":"2014-2015","trend":"up","value":"98.7","slugiddata":163540,"dKPIRSrs":false,"dNITIRSrs":true,"tps":"","dTHEMATICRSrs":false},{"_id":"164251","area":"IND001013","below":[],"indicator":111,"ius":"Newborns breastfed within 1 hour of birth to total live birth:Percent:Total","rank":3,"src":6,"subgrp":1,"top":[],"tp":"2015-2016","trend":"up","value":"99.5","slugiddata":164251,"dKPIRSrs":false,"dNITIRSrs":true,"tps":"","dTHEMATICRSrs":false},{"_id":"164964","area":"IND001013","below":[],"indicator":111,"ius":"Newborns breastfed within 1 hour of birth to total live birth:Percent:Total","rank":2,"src":6,"subgrp":1,"top":[],"tp":"2016-2017","trend":"up","value":"99.8","slugiddata":164964,"dKPIRSrs":false,"dNITIRSrs":true,"tps":"","dTHEMATICRSrs":false},{"_id":"165642","area":"IND001013","below":[],"indicator":94,"ius":"Newborns visited within 24hrs of home delivery to total reported home deliveries:Percent:Total","rank":5,"src":6,"subgrp":1,"top":[],"tp":"2008-2009","trend":"na","value":"34.4","slugiddata":165642,"dKPIRSrs":false,"dNITIRSrs":false,"tps":"","dTHEMATICRSrs":false},{"_id":"166298","area":"IND001013","below":[],"indicator":94,"ius":"Newborns visited within 24hrs of home delivery to total reported home deliveries:Percent:Total","rank":6,"src":6,"subgrp":1,"top":[],"tp":"2009-2010","trend":"up","value":"47.0","slugiddata":166298,"dKPIRSrs":false,"dNITIRSrs":false,"tps":"","dTHEMATICRSrs":false},{"_id":"166962","area":"IND001013","below":[],"indicator":94,"ius":"Newborns visited within 24hrs of home delivery to total reported home deliveries:Percent:Total","rank":12,"src":6,"subgrp":1,"top":[],"tp":"2010-2011","trend":"dn","value":"24.8","slugiddata":166962,"dKPIRSrs":false,"dNITIRSrs":false,"tps":"","dTHEMATICRSrs":false},{"_id":"167636","area":"IND001013","below":[],"indicator":94,"ius":"Newborns visited within 24hrs of home delivery to total reported home deliveries:Percent:Total","rank":17,"src":6,"subgrp":1,"top":[],"tp":"2011-2012","trend":"dn","value":"15.3","slugiddata":167636,"dKPIRSrs":false,"dNITIRSrs":false,"tps":"","dTHEMATICRSrs":false},{"_id":"168333","area":"IND001013","below":[],"indicator":94,"ius":"Newborns visited within 24hrs of home delivery to total reported home deliveries:Percent:Total","rank":14,"src":6,"subgrp":1,"top":[],"tp":"2012-2013","trend":"up","value":"30.1","slugiddata":168333,"dKPIRSrs":false,"dNITIRSrs":false,"tps":"","dTHEMATICRSrs":false},{"_id":"169029","area":"IND001013","below":[],"indicator":94,"ius":"Newborns visited within 24hrs of home delivery to total reported home deliveries:Percent:Total","rank":14,"src":6,"subgrp":1,"top":[],"tp":"2013-2014","trend":"dn","value":"24.4","slugiddata":169029,"dKPIRSrs":false,"dNITIRSrs":false,"tps":"","dTHEMATICRSrs":false},{"_id":"169720","area":"IND001013","below":[],"indicator":94,"ius":"Newborns visited within 24hrs of home delivery to total reported home deliveries:Percent:Total","rank":9,"src":6,"subgrp":1,"top":[],"tp":"2014-2015","trend":"up","value":"51.0","slugiddata":169720,"dKPIRSrs":false,"dNITIRSrs":false,"tps":"","dTHEMATICRSrs":false},{"_id":"170419","area":"IND001013","below":[],"indicator":94,"ius":"Newborns visited within 24hrs of home delivery to total reported home deliveries:Percent:Total","rank":18,"src":6,"subgrp":1,"top":[],"tp":"2015-2016","trend":"dn","value":"25.9","slugiddata":170419,"dKPIRSrs":false,"dNITIRSrs":false,"tps":"","dTHEMATICRSrs":false},{"_id":"171110","area":"IND001013","below":[],"indicator":94,"ius":"Newborns visited within 24hrs of home delivery to total reported home deliveries:Percent:Total","rank":20,"src":6,"subgrp":1,"top":[],"tp":"2016-2017","trend":"dn","value":"19.3","slugiddata":171110,"dKPIRSrs":false,"dNITIRSrs":false,"tps":"","dTHEMATICRSrs":false},{"_id":"177397","area":"IND001013","below":[],"indicator":96,"ius":"MTPs conducted at public institutions to total MTPs:Percent:Total","rank":1,"src":6,"subgrp":1,"top":[],"tp":"2008-2009","trend":"na","value":"100.0","slugiddata":177397,"dKPIRSrs":false,"dNITIRSrs":false,"tps":"","dTHEMATICRSrs":true},{"_id":"178012","area":"IND001013","below":[],"indicator":96,"ius":"MTPs conducted at public institutions to total MTPs:Percent:Total","rank":1,"src":6,"subgrp":1,"top":[],"tp":"2009-2010","trend":"eq","value":"100.0","slugiddata":178012,"dKPIRSrs":false,"dNITIRSrs":false,"tps":"","dTHEMATICRSrs":true},{"_id":"178653","area":"IND001013","below":[],"indicator":96,"ius":"MTPs conducted at public institutions to total MTPs:Percent:Total","rank":1,"src":6,"subgrp":1,"top":[],"tp":"2010-2011","trend":"eq","value":"100.0","slugiddata":178653,"dKPIRSrs":false,"dNITIRSrs":false,"tps":"","dTHEMATICRSrs":true},{"_id":"179300","area":"IND001013","below":[],"indicator":96,"ius":"MTPs conducted at public institutions to total MTPs:Percent:Total","rank":1,"src":6,"subgrp":1,"top":[],"tp":"2011-2012","trend":"eq","value":"100.0","slugiddata":179300,"dKPIRSrs":false,"dNITIRSrs":false,"tps":"","dTHEMATICRSrs":true},{"_id":"179966","area":"IND001013","below":[],"indicator":96,"ius":"MTPs conducted at public institutions to total MTPs:Percent:Total","rank":1,"src":6,"subgrp":1,"top":[],"tp":"2012-2013","trend":"eq","value":"100.0","slugiddata":179966,"dKPIRSrs":false,"dNITIRSrs":false,"tps":"","dTHEMATICRSrs":true},{"_id":"180628","area":"IND001013","below":[],"indicator":96,"ius":"MTPs conducted at public institutions to total MTPs:Percent:Total","rank":1,"src":6,"subgrp":1,"top":[],"tp":"2013-2014","trend":"eq","value":"100.0","slugiddata":180628,"dKPIRSrs":false,"dNITIRSrs":false,"tps":"","dTHEMATICRSrs":true},{"_id":"189209","area":"IND001013","below":[],"indicator":98,"ius":"Male sterilization (vasectomies) to total sterilization:Percent:Total","rank":17,"src":6,"subgrp":1,"top":[],"tp":"2008-2009","trend":"na","value":"0.0","slugiddata":189209,"dKPIRSrs":false,"dNITIRSrs":false,"tps":"","dTHEMATICRSrs":true},{"_id":"189864","area":"IND001013","below":[],"indicator":98,"ius":"Male sterilization (vasectomies) to total sterilization:Percent:Total","rank":9,"src":6,"subgrp":1,"top":[],"tp":"2009-2010","trend":"up","value":"6.6","slugiddata":189864,"dKPIRSrs":false,"dNITIRSrs":false,"tps":"","dTHEMATICRSrs":true},{"_id":"190528","area":"IND001013","below":[],"indicator":98,"ius":"Male sterilization (vasectomies) to total sterilization:Percent:Total","rank":11,"src":6,"subgrp":1,"top":[],"tp":"2010-2011","trend":"dn","value":"2.9","slugiddata":190528,"dKPIRSrs":false,"dNITIRSrs":false,"tps":"","dTHEMATICRSrs":true},{"_id":"191197","area":"IND001013","below":[],"indicator":98,"ius":"Male sterilization (vasectomies) to total sterilization:Percent:Total","rank":11,"src":6,"subgrp":1,"top":[],"tp":"2011-2012","trend":"up","value":"4.5","slugiddata":191197,"dKPIRSrs":false,"dNITIRSrs":false,"tps":"","dTHEMATICRSrs":true},{"_id":"191884","area":"IND001013","below":[],"indicator":98,"ius":"Male sterilization (vasectomies) to total sterilization:Percent:Total","rank":12,"src":6,"subgrp":1,"top":[],"tp":"2012-2013","trend":"dn","value":"0.8","slugiddata":191884,"dKPIRSrs":false,"dNITIRSrs":false,"tps":"","dTHEMATICRSrs":true},{"_id":"192572","area":"IND001013","below":[],"indicator":98,"ius":"Male sterilization (vasectomies) to total sterilization:Percent:Total","rank":11,"src":6,"subgrp":1,"top":[],"tp":"2013-2014","trend":"eq","value":"0.8","slugiddata":192572,"dKPIRSrs":false,"dNITIRSrs":false,"tps":"","dTHEMATICRSrs":true},{"_id":"193255","area":"IND001013","below":[],"indicator":98,"ius":"Male sterilization (vasectomies) to total sterilization:Percent:Total","rank":13,"src":6,"subgrp":1,"top":[],"tp":"2014-2015","trend":"dn","value":"0.0","slugiddata":193255,"dKPIRSrs":false,"dNITIRSrs":false,"tps":"","dTHEMATICRSrs":true},{"_id":"193951","area":"IND001013","below":[],"indicator":98,"ius":"Male sterilization (vasectomies) to total sterilization:Percent:Total","rank":4,"src":6,"subgrp":1,"top":[],"tp":"2015-2016","trend":"up","value":"5.0","slugiddata":193951,"dKPIRSrs":false,"dNITIRSrs":false,"tps":"","dTHEMATICRSrs":true},{"_id":"194646","area":"IND001013","below":[],"indicator":98,"ius":"Male sterilization (vasectomies) to total sterilization:Percent:Total","rank":6,"src":6,"subgrp":1,"top":[],"tp":"2016-2017","trend":"dn","value":"4.1","slugiddata":194646,"dKPIRSrs":false,"dNITIRSrs":false,"tps":"","dTHEMATICRSrs":true},{"_id":"195312","area":"IND001013","below":[],"indicator":99,"ius":"Post partum sterilizations to total female sterilizations:Percent:Total","rank":10,"src":6,"subgrp":1,"top":[],"tp":"2008-2009","trend":"na","value":"100.0","slugiddata":195312,"dKPIRSrs":false,"dNITIRSrs":false,"tps":"","dTHEMATICRSrs":false},{"_id":"195962","area":"IND001013","below":[],"indicator":99,"ius":"Post partum sterilizations to total female sterilizations:Percent:Total","rank":8,"src":6,"subgrp":1,"top":[],"tp":"2009-2010","trend":"up","value":"6.1","slugiddata":195962,"dKPIRSrs":false,"dNITIRSrs":false,"tps":"","dTHEMATICRSrs":false},{"_id":"196624","area":"IND001013","below":[],"indicator":99,"ius":"Post partum sterilizations to total female sterilizations:Percent:Total","rank":1,"src":6,"subgrp":1,"top":[],"tp":"2010-2011","trend":"up","value":"0.0","slugiddata":196624,"dKPIRSrs":false,"dNITIRSrs":false,"tps":"","dTHEMATICRSrs":false},{"_id":"197289","area":"IND001013","below":[],"indicator":99,"ius":"Post partum sterilizations to total female sterilizations:Percent:Total","rank":1,"src":6,"subgrp":1,"top":[],"tp":"2011-2012","trend":"eq","value":"0.0","slugiddata":197289,"dKPIRSrs":false,"dNITIRSrs":false,"tps":"","dTHEMATICRSrs":false},{"_id":"197976","area":"IND001013","below":[],"indicator":99,"ius":"Post partum sterilizations to total female sterilizations:Percent:Total","rank":1,"src":6,"subgrp":1,"top":[],"tp":"2012-2013","trend":"eq","value":"0.0","slugiddata":197976,"dKPIRSrs":false,"dNITIRSrs":false,"tps":"","dTHEMATICRSrs":false},{"_id":"198663","area":"IND001013","below":[],"indicator":99,"ius":"Post partum sterilizations to total female sterilizations:Percent:Total","rank":11,"src":6,"subgrp":1,"top":[],"tp":"2013-2014","trend":"dn","value":"23.2","slugiddata":198663,"dKPIRSrs":false,"dNITIRSrs":false,"tps":"","dTHEMATICRSrs":false},{"_id":"199346","area":"IND001013","below":[],"indicator":99,"ius":"Post partum sterilizations to total female sterilizations:Percent:Total","rank":13,"src":6,"subgrp":1,"top":[],"tp":"2014-2015","trend":"up","value":"20.3","slugiddata":199346,"dKPIRSrs":false,"dNITIRSrs":false,"tps":"","dTHEMATICRSrs":false},{"_id":"200042","area":"IND001013","below":[],"indicator":99,"ius":"Post partum sterilizations to total female sterilizations:Percent:Total","rank":6,"src":6,"subgrp":1,"top":[],"tp":"2015-2016","trend":"up","value":"4.2","slugiddata":200042,"dKPIRSrs":false,"dNITIRSrs":false,"tps":"","dTHEMATICRSrs":false},{"_id":"200735","area":"IND001013","below":[],"indicator":99,"ius":"Post partum sterilizations to total female sterilizations:Percent:Total","rank":1,"src":6,"subgrp":1,"top":[],"tp":"2016-2017","trend":"up","value":"0.0","slugiddata":200735,"dKPIRSrs":false,"dNITIRSrs":false,"tps":"","dTHEMATICRSrs":false},{"_id":"207637","area":"IND001013","below":[],"indicator":101,"ius":"IUCD insertions in public plus private institutions to all family planning methods ( IUCD plus permanent):Percent:Total","rank":12,"src":6,"subgrp":1,"top":[],"tp":"2008-2009","trend":"na","value":"50.6","slugiddata":207637,"dKPIRSrs":false,"dNITIRSrs":false,"tps":"","dTHEMATICRSrs":true},{"_id":"208305","area":"IND001013","below":[],"indicator":101,"ius":"IUCD insertions in public plus private institutions to all family planning methods ( IUCD plus permanent):Percent:Total","rank":8,"src":6,"subgrp":1,"top":[],"tp":"2009-2010","trend":"up","value":"71.8","slugiddata":208305,"dKPIRSrs":false,"dNITIRSrs":false,"tps":"","dTHEMATICRSrs":true},{"_id":"208977","area":"IND001013","below":[],"indicator":101,"ius":"IUCD insertions in public plus private institutions to all family planning methods ( IUCD plus permanent):Percent:Total","rank":9,"src":6,"subgrp":1,"top":[],"tp":"2010-2011","trend":"dn","value":"70.3","slugiddata":208977,"dKPIRSrs":false,"dNITIRSrs":false,"tps":"","dTHEMATICRSrs":true},{"_id":"209658","area":"IND001013","below":[],"indicator":101,"ius":"IUCD insertions in public plus private institutions to all family planning methods ( IUCD plus permanent):Percent:Total","rank":10,"src":6,"subgrp":1,"top":[],"tp":"2011-2012","trend":"dn","value":"60.1","slugiddata":209658,"dKPIRSrs":false,"dNITIRSrs":false,"tps":"","dTHEMATICRSrs":true},{"_id":"210356","area":"IND001013","below":[],"indicator":101,"ius":"IUCD insertions in public plus private institutions to all family planning methods ( IUCD plus permanent):Percent:Total","rank":9,"src":6,"subgrp":1,"top":[],"tp":"2012-2013","trend":"up","value":"65.8","slugiddata":210356,"dKPIRSrs":false,"dNITIRSrs":false,"tps":"","dTHEMATICRSrs":true},{"_id":"211056","area":"IND001013","below":[],"indicator":101,"ius":"IUCD insertions in public plus private institutions to all family planning methods ( IUCD plus permanent):Percent:Total","rank":7,"src":6,"subgrp":1,"top":[],"tp":"2013-2014","trend":"up","value":"72.1","slugiddata":211056,"dKPIRSrs":false,"dNITIRSrs":false,"tps":"","dTHEMATICRSrs":true},{"_id":"211752","area":"IND001013","below":[],"indicator":101,"ius":"IUCD insertions in public plus private institutions to all family planning methods ( IUCD plus permanent):Percent:Total","rank":16,"src":6,"subgrp":1,"top":[],"tp":"2014-2015","trend":"dn","value":"47.4","slugiddata":211752,"dKPIRSrs":false,"dNITIRSrs":false,"tps":"","dTHEMATICRSrs":true},{"_id":"212463","area":"IND001013","below":[],"indicator":101,"ius":"IUCD insertions in public plus private institutions to all family planning methods ( IUCD plus permanent):Percent:Total","rank":5,"src":6,"subgrp":1,"top":[],"tp":"2015-2016","trend":"up","value":"79.0","slugiddata":212463,"dKPIRSrs":false,"dNITIRSrs":false,"tps":"","dTHEMATICRSrs":true},{"_id":"213176","area":"IND001013","below":[],"indicator":101,"ius":"IUCD insertions in public plus private institutions to all family planning methods ( IUCD plus permanent):Percent:Total","rank":3,"src":6,"subgrp":1,"top":[],"tp":"2016-2017","trend":"up","value":"81.5","slugiddata":213176,"dKPIRSrs":false,"dNITIRSrs":false,"tps":"","dTHEMATICRSrs":true},{"_id":"213856","area":"IND001013","below":[],"indicator":102,"ius":"Newborns given BCG to reported live birth:Percent:Total","rank":21,"src":6,"subgrp":1,"top":[],"tp":"2008-2009","trend":"na","value":"90.1","slugiddata":213856,"dKPIRSrs":false,"dNITIRSrs":false,"tps":"","dTHEMATICRSrs":true},{"_id":"214521","area":"IND001013","below":[],"indicator":102,"ius":"Newborns given BCG to reported live birth:Percent:Total","rank":13,"src":6,"subgrp":1,"top":[],"tp":"2009-2010","trend":"up","value":"124.4","slugiddata":214521,"dKPIRSrs":false,"dNITIRSrs":false,"tps":"","dTHEMATICRSrs":true},{"_id":"215193","area":"IND001013","below":[],"indicator":102,"ius":"Newborns given BCG to reported live birth:Percent:Total","rank":2,"src":6,"subgrp":1,"top":[],"tp":"2010-2011","trend":"up","value":"295.3","slugiddata":215193,"dKPIRSrs":false,"dNITIRSrs":false,"tps":"","dTHEMATICRSrs":true},{"_id":"215874","area":"IND001013","below":[],"indicator":102,"ius":"Newborns given BCG to reported live birth:Percent:Total","rank":1,"src":6,"subgrp":1,"top":[],"tp":"2011-2012","trend":"dn","value":"168.1","slugiddata":215874,"dKPIRSrs":false,"dNITIRSrs":false,"tps":"","dTHEMATICRSrs":true},{"_id":"216573","area":"IND001013","below":[],"indicator":102,"ius":"Newborns given BCG to reported live birth:Percent:Total","rank":1,"src":6,"subgrp":1,"top":[],"tp":"2012-2013","trend":"dn","value":"149.2","slugiddata":216573,"dKPIRSrs":false,"dNITIRSrs":false,"tps":"","dTHEMATICRSrs":true},{"_id":"217273","area":"IND001013","below":[],"indicator":102,"ius":"Newborns given BCG to reported live birth:Percent:Total","rank":1,"src":6,"subgrp":1,"top":[],"tp":"2013-2014","trend":"up","value":"161.3","slugiddata":217273,"dKPIRSrs":false,"dNITIRSrs":false,"tps":"","dTHEMATICRSrs":true},{"_id":"217970","area":"IND001013","below":[],"indicator":102,"ius":"Newborns given BCG to reported live birth:Percent:Total","rank":2,"src":6,"subgrp":1,"top":[],"tp":"2014-2015","trend":"dn","value":"143.5","slugiddata":217970,"dKPIRSrs":false,"dNITIRSrs":false,"tps":"","dTHEMATICRSrs":true},{"_id":"218681","area":"IND001013","below":[],"indicator":102,"ius":"Newborns given BCG to reported live birth:Percent:Total","rank":1,"src":6,"subgrp":1,"top":[],"tp":"2015-2016","trend":"up","value":"152.1","slugiddata":218681,"dKPIRSrs":false,"dNITIRSrs":false,"tps":"","dTHEMATICRSrs":true},{"_id":"219394","area":"IND001013","below":[],"indicator":102,"ius":"Newborns given BCG to reported live birth:Percent:Total","rank":1,"src":6,"subgrp":1,"top":[],"tp":"2016-2017","trend":"up","value":"193.5","slugiddata":219394,"dKPIRSrs":false,"dNITIRSrs":false,"tps":"","dTHEMATICRSrs":true},{"_id":"220074","area":"IND001013","below":[],"indicator":103,"ius":"Infants 0 to 11 months old who received measles vaccine to reported live births:Percent:Total","rank":18,"src":6,"subgrp":1,"top":[],"tp":"2008-2009","trend":"na","value":"97.7","slugiddata":220074,"dKPIRSrs":false,"dNITIRSrs":false,"tps":"","dTHEMATICRSrs":true},{"_id":"220739","area":"IND001013","below":[],"indicator":103,"ius":"Infants 0 to 11 months old who received measles vaccine to reported live births:Percent:Total","rank":13,"src":6,"subgrp":1,"top":[],"tp":"2009-2010","trend":"up","value":"141.1","slugiddata":220739,"dKPIRSrs":false,"dNITIRSrs":false,"tps":"","dTHEMATICRSrs":true},{"_id":"221411","area":"IND001013","below":[],"indicator":103,"ius":"Infants 0 to 11 months old who received measles vaccine to reported live births:Percent:Total","rank":2,"src":6,"subgrp":1,"top":[],"tp":"2010-2011","trend":"up","value":"347.5","slugiddata":221411,"dKPIRSrs":false,"dNITIRSrs":false,"tps":"","dTHEMATICRSrs":true},{"_id":"222092","area":"IND001013","below":[],"indicator":103,"ius":"Infants 0 to 11 months old who received measles vaccine to reported live births:Percent:Total","rank":1,"src":6,"subgrp":1,"top":[],"tp":"2011-2012","trend":"dn","value":"303.1","slugiddata":222092,"dKPIRSrs":false,"dNITIRSrs":false,"tps":"","dTHEMATICRSrs":true},{"_id":"222791","area":"IND001013","below":[],"indicator":103,"ius":"Infants 0 to 11 months old who received measles vaccine to reported live births:Percent:Total","rank":1,"src":6,"subgrp":1,"top":[],"tp":"2012-2013","trend":"dn","value":"274.4","slugiddata":222791,"dKPIRSrs":false,"dNITIRSrs":false,"tps":"","dTHEMATICRSrs":true},{"_id":"223491","area":"IND001013","below":[],"indicator":103,"ius":"Infants 0 to 11 months old who received measles vaccine to reported live births:Percent:Total","rank":2,"src":6,"subgrp":1,"top":[],"tp":"2013-2014","trend":"dn","value":"230.6","slugiddata":223491,"dKPIRSrs":false,"dNITIRSrs":false,"tps":"","dTHEMATICRSrs":true},{"_id":"224188","area":"IND001013","below":[],"indicator":103,"ius":"Infants 0 to 11 months old who received measles vaccine to reported live births:Percent:Total","rank":3,"src":6,"subgrp":1,"top":[],"tp":"2014-2015","trend":"up","value":"263.8","slugiddata":224188,"dKPIRSrs":false,"dNITIRSrs":false,"tps":"","dTHEMATICRSrs":true},{"_id":"224899","area":"IND001013","below":[],"indicator":103,"ius":"Infants 0 to 11 months old who received measles vaccine to reported live births:Percent:Total","rank":2,"src":6,"subgrp":1,"top":[],"tp":"2015-2016","trend":"up","value":"294.8","slugiddata":224899,"dKPIRSrs":false,"dNITIRSrs":false,"tps":"","dTHEMATICRSrs":true},{"_id":"225612","area":"IND001013","below":[],"indicator":103,"ius":"Infants 0 to 11 months old who received measles vaccine to reported live births:Percent:Total","rank":1,"src":6,"subgrp":1,"top":[],"tp":"2016-2017","trend":"up","value":"328.9","slugiddata":225612,"dKPIRSrs":false,"dNITIRSrs":false,"tps":"","dTHEMATICRSrs":true},{"_id":"232398","area":"IND001013","below":[],"indicator":14,"ius":"Institutional delivery:Percent:Total","rank":11,"src":6,"subgrp":1,"top":[],"tp":"2008-2009","trend":"na","value":"72.9","slugiddata":232398,"dKPIRSrs":false,"dNITIRSrs":false,"tps":"","dTHEMATICRSrs":false},{"_id":"233067","area":"IND001013","below":[],"indicator":14,"ius":"Institutional delivery:Percent:Total","rank":12,"src":6,"subgrp":1,"top":[],"tp":"2009-2010","trend":"dn","value":"63.5","slugiddata":233067,"dKPIRSrs":false,"dNITIRSrs":false,"tps":"","dTHEMATICRSrs":false},{"_id":"233739","area":"IND001013","below":[],"indicator":14,"ius":"Institutional delivery:Percent:Total","rank":12,"src":6,"subgrp":1,"top":[],"tp":"2010-2011","trend":"up","value":"71.8","slugiddata":233739,"dKPIRSrs":false,"dNITIRSrs":false,"tps":"","dTHEMATICRSrs":false},{"_id":"234420","area":"IND001013","below":[],"indicator":14,"ius":"Institutional delivery:Percent:Total","rank":14,"src":6,"subgrp":1,"top":[],"tp":"2011-2012","trend":"up","value":"78.7","slugiddata":234420,"dKPIRSrs":false,"dNITIRSrs":false,"tps":"","dTHEMATICRSrs":false},{"_id":"235119","area":"IND001013","below":[],"indicator":14,"ius":"Institutional delivery:Percent:Total","rank":14,"src":6,"subgrp":1,"top":[],"tp":"2012-2013","trend":"up","value":"83.3","slugiddata":235119,"dKPIRSrs":false,"dNITIRSrs":false,"tps":"","dTHEMATICRSrs":false},{"_id":"235819","area":"IND001013","below":[],"indicator":14,"ius":"Institutional delivery:Percent:Total","rank":12,"src":6,"subgrp":1,"top":[],"tp":"2013-2014","trend":"up","value":"89.6","slugiddata":235819,"dKPIRSrs":false,"dNITIRSrs":false,"tps":"","dTHEMATICRSrs":false},{"_id":"236516","area":"IND001013","below":[],"indicator":14,"ius":"Institutional delivery:Percent:Total","rank":11,"src":6,"subgrp":1,"top":[],"tp":"2014-2015","trend":"up","value":"92.8","slugiddata":236516,"dKPIRSrs":false,"dNITIRSrs":false,"tps":"","dTHEMATICRSrs":false},{"_id":"237227","area":"IND001013","below":[],"indicator":14,"ius":"Institutional delivery:Percent:Total","rank":11,"src":6,"subgrp":1,"top":[],"tp":"2015-2016","trend":"dn","value":"91.6","slugiddata":237227,"dKPIRSrs":false,"dNITIRSrs":false,"tps":"","dTHEMATICRSrs":false},{"_id":"237940","area":"IND001013","below":[],"indicator":14,"ius":"Institutional delivery:Percent:Total","rank":13,"src":6,"subgrp":1,"top":[],"tp":"2016-2017","trend":"dn","value":"89.3","slugiddata":237940,"dKPIRSrs":false,"dNITIRSrs":false,"tps":"","dTHEMATICRSrs":false},{"_id":"238624","area":"IND001013","below":[],"indicator":11,"ius":"Institutional delivery in public/government health facility:Percent:Total","rank":1,"src":6,"subgrp":1,"top":[],"tp":"2008-2009","trend":"na","value":"100.0","slugiddata":238624,"dKPIRSrs":false,"dNITIRSrs":false,"tps":"","dTHEMATICRSrs":false},{"_id":"239293","area":"IND001013","below":[],"indicator":11,"ius":"Institutional delivery in public/government health facility:Percent:Total","rank":1,"src":6,"subgrp":1,"top":[],"tp":"2009-2010","trend":"eq","value":"100.0","slugiddata":239293,"dKPIRSrs":false,"dNITIRSrs":false,"tps":"","dTHEMATICRSrs":false},{"_id":"239965","area":"IND001013","below":[],"indicator":11,"ius":"Institutional delivery in public/government health facility:Percent:Total","rank":2,"src":6,"subgrp":1,"top":[],"tp":"2010-2011","trend":"dn","value":"99.5","slugiddata":239965,"dKPIRSrs":false,"dNITIRSrs":false,"tps":"","dTHEMATICRSrs":false},{"_id":"240646","area":"IND001013","below":[],"indicator":11,"ius":"Institutional delivery in public/government health facility:Percent:Total","rank":1,"src":6,"subgrp":1,"top":[],"tp":"2011-2012","trend":"up","value":"100.0","slugiddata":240646,"dKPIRSrs":false,"dNITIRSrs":false,"tps":"","dTHEMATICRSrs":false},{"_id":"241345","area":"IND001013","below":[],"indicator":11,"ius":"Institutional delivery in public/government health facility:Percent:Total","rank":1,"src":6,"subgrp":1,"top":[],"tp":"2012-2013","trend":"eq","value":"100.0","slugiddata":241345,"dKPIRSrs":false,"dNITIRSrs":false,"tps":"","dTHEMATICRSrs":false},{"_id":"242045","area":"IND001013","below":[],"indicator":11,"ius":"Institutional delivery in public/government health facility:Percent:Total","rank":1,"src":6,"subgrp":1,"top":[],"tp":"2013-2014","trend":"eq","value":"100.0","slugiddata":242045,"dKPIRSrs":false,"dNITIRSrs":false,"tps":"","dTHEMATICRSrs":false},{"_id":"242742","area":"IND001013","below":[],"indicator":11,"ius":"Institutional delivery in public/government health facility:Percent:Total","rank":1,"src":6,"subgrp":1,"top":[],"tp":"2014-2015","trend":"eq","value":"100.0","slugiddata":242742,"dKPIRSrs":false,"dNITIRSrs":false,"tps":"","dTHEMATICRSrs":false},{"_id":"243453","area":"IND001013","below":[],"indicator":11,"ius":"Institutional delivery in public/government health facility:Percent:Total","rank":1,"src":6,"subgrp":1,"top":[],"tp":"2015-2016","trend":"eq","value":"100.0","slugiddata":243453,"dKPIRSrs":false,"dNITIRSrs":false,"tps":"","dTHEMATICRSrs":false},{"_id":"244166","area":"IND001013","below":[],"indicator":11,"ius":"Institutional delivery in public/government health facility:Percent:Total","rank":1,"src":6,"subgrp":1,"top":[],"tp":"2016-2017","trend":"eq","value":"100.0","slugiddata":244166,"dKPIRSrs":false,"dNITIRSrs":false,"tps":"","dTHEMATICRSrs":false},{"_id":"251452","area":"IND001013","below":[],"indicator":105,"ius":"Adolescent counselled:Number:Total","rank":16,"src":6,"subgrp":1,"top":[],"tp":"2009-2010","trend":"na","value":"30.0","slugiddata":251452,"dKPIRSrs":false,"dNITIRSrs":false,"tps":"","dTHEMATICRSrs":true},{"_id":"251938","area":"IND001013","below":[],"indicator":105,"ius":"Adolescent counselled:Number:Total","rank":14,"src":6,"subgrp":1,"top":[],"tp":"2010-2011","trend":"up","value":"423.0","slugiddata":251938,"dKPIRSrs":false,"dNITIRSrs":false,"tps":"","dTHEMATICRSrs":true},{"_id":"252488","area":"IND001013","below":[],"indicator":105,"ius":"Adolescent counselled:Number:Total","rank":14,"src":6,"subgrp":1,"top":[],"tp":"2011-2012","trend":"up","value":"790.0","slugiddata":252488,"dKPIRSrs":false,"dNITIRSrs":false,"tps":"","dTHEMATICRSrs":true},{"_id":"253124","area":"IND001013","below":[],"indicator":105,"ius":"Adolescent counselled:Number:Total","rank":12,"src":6,"subgrp":1,"top":[],"tp":"2012-2013","trend":"up","value":"1459.0","slugiddata":253124,"dKPIRSrs":false,"dNITIRSrs":false,"tps":"","dTHEMATICRSrs":true},{"_id":"253786","area":"IND001013","below":[],"indicator":105,"ius":"Adolescent counselled:Number:Total","rank":20,"src":6,"subgrp":1,"top":[],"tp":"2013-2014","trend":"dn","value":"848.0","slugiddata":253786,"dKPIRSrs":false,"dNITIRSrs":false,"tps":"","dTHEMATICRSrs":true},{"_id":"254477","area":"IND001013","below":[],"indicator":105,"ius":"Adolescent counselled:Number:Total","rank":17,"src":6,"subgrp":1,"top":[],"tp":"2014-2015","trend":"up","value":"928.0","slugiddata":254477,"dKPIRSrs":false,"dNITIRSrs":false,"tps":"","dTHEMATICRSrs":true},{"_id":"255186","area":"IND001013","below":[],"indicator":105,"ius":"Adolescent counselled:Number:Total","rank":15,"src":6,"subgrp":1,"top":[],"tp":"2015-2016","trend":"up","value":"2496.0","slugiddata":255186,"dKPIRSrs":false,"dNITIRSrs":false,"tps":"","dTHEMATICRSrs":true},{"_id":"255896","area":"IND001013","below":[],"indicator":105,"ius":"Adolescent counselled:Number:Total","rank":11,"src":6,"subgrp":1,"top":[],"tp":"2016-2017","trend":"up","value":"2875.0","slugiddata":255896,"dKPIRSrs":false,"dNITIRSrs":false,"tps":"","dTHEMATICRSrs":true},{"_id":"262844","area":"IND001013","below":[],"indicator":88,"ius":"1st trimester registration to total ANC registrations:Percent:Total","rank":7,"src":6,"subgrp":1,"top":[],"tp":"2017-2018","trend":"up","value":"81.4","slugiddata":262844,"dKPIRSrs":false,"dNITIRSrs":true,"tps":"","dTHEMATICRSrs":false},{"_id":"263580","area":"IND001013","below":[],"indicator":48,"ius":"Mothers who had at least 4 antenatal care visits:Percent:Total","rank":7,"src":6,"subgrp":1,"top":[],"tp":"2017-2018","trend":"na","value":"71.5","slugiddata":263580,"dKPIRSrs":false,"dNITIRSrs":true,"tps":"","dTHEMATICRSrs":false},{"_id":"264315","area":"IND001013","below":[],"indicator":12,"ius":"Home delivery conducted by skilled health personnel:Percent:Total","rank":12,"src":6,"subgrp":1,"top":[],"tp":"2017-2018","trend":"dn","value":"3.3","slugiddata":264315,"dKPIRSrs":false,"dNITIRSrs":true,"tps":"","dTHEMATICRSrs":false},{"_id":"265043","area":"IND001013","below":[],"indicator":112,"ius":"Newborns having weight less than 2.5 kg to newborns weighed at birth:Percent:Total","rank":7,"src":6,"subgrp":1,"top":[],"tp":"2017-2018","trend":"eq","value":"2.2","slugiddata":265043,"dKPIRSrs":true,"dNITIRSrs":true,"tps":"","dTHEMATICRSrs":false},{"_id":"265779","area":"IND001013","below":[],"indicator":111,"ius":"Newborns breastfed within 1 hour of birth to total live birth:Percent:Total","rank":2,"src":6,"subgrp":1,"top":[],"tp":"2017-2018","trend":"dn","value":"99.6","slugiddata":265779,"dKPIRSrs":false,"dNITIRSrs":true,"tps":"","dTHEMATICRSrs":false},{"_id":"266515","area":"IND001013","below":[],"indicator":109,"ius":"Percentage of institutional deliveries out of total ANC registration:Percent:Total","rank":22,"src":6,"subgrp":1,"top":[],"tp":"2017-2018","trend":"dn","value":"24.0","slugiddata":266515,"dKPIRSrs":false,"dNITIRSrs":true,"tps":"","dTHEMATICRSrs":false},{"_id":"267251","area":"IND001013","below":[],"indicator":108,"ius":"Percentage of PW having Hb level<11 (tested cases) (7.1 to 10.9) against total ANC registration:Percent:Total","rank":15,"src":6,"subgrp":1,"top":[],"tp":"2017-2018","trend":"dn","value":"73.4","slugiddata":267251,"dKPIRSrs":false,"dNITIRSrs":true,"tps":"","dTHEMATICRSrs":false},{"_id":"267987","area":"IND001013","below":[],"indicator":113,"ius":"Percentage of PW having Hb level<7 (tested cases) against total ANC registration:Percent:Total","rank":16,"src":6,"subgrp":1,"top":[],"tp":"2017-2018","trend":"dn","value":"4.2","slugiddata":267987,"dKPIRSrs":false,"dNITIRSrs":true,"tps":"","dTHEMATICRSrs":false},{"_id":"268723","area":"IND001013","below":[],"indicator":110,"ius":"Proportion of live babies weighed at birth:Percent:Total","rank":9,"src":6,"subgrp":1,"top":[],"tp":"2017-2018","trend":"up","value":"98.9","slugiddata":268723,"dKPIRSrs":false,"dNITIRSrs":true,"tps":"","dTHEMATICRSrs":false},{"_id":"269428","area":"IND001013","below":[],"indicator":108,"ius":"Percentage of PW having Hb level<11 (tested cases) (7.1 to 10.9) against total ANC registration:Percent:Total","rank":18,"src":6,"subgrp":1,"top":[],"tp":"2008-2009","trend":"na","value":"29.5","slugiddata":269428,"dKPIRSrs":false,"dNITIRSrs":true,"tps":"","dTHEMATICRSrs":false},{"_id":"270097","area":"IND001013","below":[],"indicator":108,"ius":"Percentage of PW having Hb level<11 (tested cases) (7.1 to 10.9) against total ANC registration:Percent:Total","rank":15,"src":6,"subgrp":1,"top":[],"tp":"2009-2010","trend":"up","value":"26.4","slugiddata":270097,"dKPIRSrs":false,"dNITIRSrs":true,"tps":"","dTHEMATICRSrs":false},{"_id":"270769","area":"IND001013","below":[],"indicator":108,"ius":"Percentage of PW having Hb level<11 (tested cases) (7.1 to 10.9) against total ANC registration:Percent:Total","rank":11,"src":6,"subgrp":1,"top":[],"tp":"2010-2011","trend":"up","value":"20.9","slugiddata":270769,"dKPIRSrs":false,"dNITIRSrs":true,"tps":"","dTHEMATICRSrs":false},{"_id":"271449","area":"IND001013","below":[],"indicator":108,"ius":"Percentage of PW having Hb level<11 (tested cases) (7.1 to 10.9) against total ANC registration:Percent:Total","rank":13,"src":6,"subgrp":1,"top":[],"tp":"2011-2012","trend":"dn","value":"36.2","slugiddata":271449,"dKPIRSrs":false,"dNITIRSrs":true,"tps":"","dTHEMATICRSrs":false},{"_id":"272148","area":"IND001013","below":[],"indicator":108,"ius":"Percentage of PW having Hb level<11 (tested cases) (7.1 to 10.9) against total ANC registration:Percent:Total","rank":10,"src":6,"subgrp":1,"top":[],"tp":"2012-2013","trend":"dn","value":"45.5","slugiddata":272148,"dKPIRSrs":false,"dNITIRSrs":true,"tps":"","dTHEMATICRSrs":false},{"_id":"272848","area":"IND001013","below":[],"indicator":108,"ius":"Percentage of PW having Hb level<11 (tested cases) (7.1 to 10.9) against total ANC registration:Percent:Total","rank":10,"src":6,"subgrp":1,"top":[],"tp":"2013-2014","trend":"up","value":"41.7","slugiddata":272848,"dKPIRSrs":false,"dNITIRSrs":true,"tps":"","dTHEMATICRSrs":false},{"_id":"273545","area":"IND001013","below":[],"indicator":108,"ius":"Percentage of PW having Hb level<11 (tested cases) (7.1 to 10.9) against total ANC registration:Percent:Total","rank":11,"src":6,"subgrp":1,"top":[],"tp":"2014-2015","trend":"dn","value":"43.4","slugiddata":273545,"dKPIRSrs":false,"dNITIRSrs":true,"tps":"","dTHEMATICRSrs":false},{"_id":"274256","area":"IND001013","below":[],"indicator":108,"ius":"Percentage of PW having Hb level<11 (tested cases) (7.1 to 10.9) against total ANC registration:Percent:Total","rank":9,"src":6,"subgrp":1,"top":[],"tp":"2015-2016","trend":"dn","value":"47.2","slugiddata":274256,"dKPIRSrs":false,"dNITIRSrs":true,"tps":"","dTHEMATICRSrs":false},{"_id":"274969","area":"IND001013","below":[],"indicator":108,"ius":"Percentage of PW having Hb level<11 (tested cases) (7.1 to 10.9) against total ANC registration:Percent:Total","rank":9,"src":6,"subgrp":1,"top":[],"tp":"2016-2017","trend":"eq","value":"47.2","slugiddata":274969,"dKPIRSrs":false,"dNITIRSrs":true,"tps":"","dTHEMATICRSrs":false},{"_id":"275653","area":"IND001013","below":[],"indicator":113,"ius":"Percentage of PW having Hb level<7 (tested cases) against total ANC registration:Percent:Total","rank":16,"src":6,"subgrp":1,"top":[],"tp":"2008-2009","trend":"na","value":"5.7","slugiddata":275653,"dKPIRSrs":false,"dNITIRSrs":true,"tps":"","dTHEMATICRSrs":false},{"_id":"276322","area":"IND001013","below":[],"indicator":113,"ius":"Percentage of PW having Hb level<7 (tested cases) against total ANC registration:Percent:Total","rank":5,"src":6,"subgrp":1,"top":[],"tp":"2009-2010","trend":"up","value":"2.0","slugiddata":276322,"dKPIRSrs":false,"dNITIRSrs":true,"tps":"","dTHEMATICRSrs":false},{"_id":"276994","area":"IND001013","below":[],"indicator":113,"ius":"Percentage of PW having Hb level<7 (tested cases) against total ANC registration:Percent:Total","rank":7,"src":6,"subgrp":1,"top":[],"tp":"2010-2011","trend":"dn","value":"2.6","slugiddata":276994,"dKPIRSrs":false,"dNITIRSrs":true,"tps":"","dTHEMATICRSrs":false},{"_id":"277674","area":"IND001013","below":[],"indicator":113,"ius":"Percentage of PW having Hb level<7 (tested cases) against total ANC registration:Percent:Total","rank":5,"src":6,"subgrp":1,"top":[],"tp":"2011-2012","trend":"up","value":"1.4","slugiddata":277674,"dKPIRSrs":false,"dNITIRSrs":true,"tps":"","dTHEMATICRSrs":false},{"_id":"278373","area":"IND001013","below":[],"indicator":113,"ius":"Percentage of PW having Hb level<7 (tested cases) against total ANC registration:Percent:Total","rank":5,"src":6,"subgrp":1,"top":[],"tp":"2012-2013","trend":"up","value":"0.5","slugiddata":278373,"dKPIRSrs":false,"dNITIRSrs":true,"tps":"","dTHEMATICRSrs":false},{"_id":"279073","area":"IND001013","below":[],"indicator":113,"ius":"Percentage of PW having Hb level<7 (tested cases) against total ANC registration:Percent:Total","rank":1,"src":6,"subgrp":1,"top":[],"tp":"2013-2014","trend":"up","value":"0.0","slugiddata":279073,"dKPIRSrs":false,"dNITIRSrs":true,"tps":"","dTHEMATICRSrs":false},{"_id":"279770","area":"IND001013","below":[],"indicator":113,"ius":"Percentage of PW having Hb level<7 (tested cases) against total ANC registration:Percent:Total","rank":1,"src":6,"subgrp":1,"top":[],"tp":"2014-2015","trend":"eq","value":"0.0","slugiddata":279770,"dKPIRSrs":false,"dNITIRSrs":true,"tps":"","dTHEMATICRSrs":false},{"_id":"280481","area":"IND001013","below":[],"indicator":113,"ius":"Percentage of PW having Hb level<7 (tested cases) against total ANC registration:Percent:Total","rank":5,"src":6,"subgrp":1,"top":[],"tp":"2015-2016","trend":"dn","value":"1.1","slugiddata":280481,"dKPIRSrs":false,"dNITIRSrs":true,"tps":"","dTHEMATICRSrs":false},{"_id":"281194","area":"IND001013","below":[],"indicator":113,"ius":"Percentage of PW having Hb level<7 (tested cases) against total ANC registration:Percent:Total","rank":13,"src":6,"subgrp":1,"top":[],"tp":"2016-2017","trend":"dn","value":"2.9","slugiddata":281194,"dKPIRSrs":false,"dNITIRSrs":true,"tps":"","dTHEMATICRSrs":false},{"_id":"281878","area":"IND001013","below":[],"indicator":109,"ius":"Percentage of institutional deliveries out of total ANC registration:Percent:Total","rank":3,"src":6,"subgrp":1,"top":[],"tp":"2008-2009","trend":"na","value":"80.2","slugiddata":281878,"dKPIRSrs":false,"dNITIRSrs":true,"tps":"","dTHEMATICRSrs":false},{"_id":"282547","area":"IND001013","below":[],"indicator":109,"ius":"Percentage of institutional deliveries out of total ANC registration:Percent:Total","rank":10,"src":6,"subgrp":1,"top":[],"tp":"2009-2010","trend":"dn","value":"36.2","slugiddata":282547,"dKPIRSrs":false,"dNITIRSrs":true,"tps":"","dTHEMATICRSrs":false},{"_id":"283219","area":"IND001013","below":[],"indicator":109,"ius":"Percentage of institutional deliveries out of total ANC registration:Percent:Total","rank":20,"src":6,"subgrp":1,"top":[],"tp":"2010-2011","trend":"dn","value":"19.5","slugiddata":283219,"dKPIRSrs":false,"dNITIRSrs":true,"tps":"","dTHEMATICRSrs":false},{"_id":"283899","area":"IND001013","below":[],"indicator":109,"ius":"Percentage of institutional deliveries out of total ANC registration:Percent:Total","rank":18,"src":6,"subgrp":1,"top":[],"tp":"2011-2012","trend":"up","value":"24.2","slugiddata":283899,"dKPIRSrs":false,"dNITIRSrs":true,"tps":"","dTHEMATICRSrs":false},{"_id":"284598","area":"IND001013","below":[],"indicator":109,"ius":"Percentage of institutional deliveries out of total ANC registration:Percent:Total","rank":21,"src":6,"subgrp":1,"top":[],"tp":"2012-2013","trend":"up","value":"25.9","slugiddata":284598,"dKPIRSrs":false,"dNITIRSrs":true,"tps":"","dTHEMATICRSrs":false},{"_id":"285298","area":"IND001013","below":[],"indicator":109,"ius":"Percentage of institutional deliveries out of total ANC registration:Percent:Total","rank":19,"src":6,"subgrp":1,"top":[],"tp":"2013-2014","trend":"up","value":"31.8","slugiddata":285298,"dKPIRSrs":false,"dNITIRSrs":true,"tps":"","dTHEMATICRSrs":false},{"_id":"285995","area":"IND001013","below":[],"indicator":109,"ius":"Percentage of institutional deliveries out of total ANC registration:Percent:Total","rank":21,"src":6,"subgrp":1,"top":[],"tp":"2014-2015","trend":"dn","value":"29.5","slugiddata":285995,"dKPIRSrs":false,"dNITIRSrs":true,"tps":"","dTHEMATICRSrs":false},{"_id":"286706","area":"IND001013","below":[],"indicator":109,"ius":"Percentage of institutional deliveries out of total ANC registration:Percent:Total","rank":22,"src":6,"subgrp":1,"top":[],"tp":"2015-2016","trend":"dn","value":"26.8","slugiddata":286706,"dKPIRSrs":false,"dNITIRSrs":true,"tps":"","dTHEMATICRSrs":false},{"_id":"287419","area":"IND001013","below":[],"indicator":109,"ius":"Percentage of institutional deliveries out of total ANC registration:Percent:Total","rank":21,"src":6,"subgrp":1,"top":[],"tp":"2016-2017","trend":"dn","value":"24.6","slugiddata":287419,"dKPIRSrs":false,"dNITIRSrs":true,"tps":"","dTHEMATICRSrs":false},{"_id":"288099","area":"IND001013","below":[],"indicator":110,"ius":"Proportion of live babies weighed at birth:Percent:Total","rank":9,"src":6,"subgrp":1,"top":[],"tp":"2008-2009","trend":"na","value":"64.8","slugiddata":288099,"dKPIRSrs":false,"dNITIRSrs":true,"tps":"","dTHEMATICRSrs":false},{"_id":"288764","area":"IND001013","below":[],"indicator":110,"ius":"Proportion of live babies weighed at birth:Percent:Total","rank":14,"src":6,"subgrp":1,"top":[],"tp":"2009-2010","trend":"dn","value":"53.9","slugiddata":288764,"dKPIRSrs":false,"dNITIRSrs":true,"tps":"","dTHEMATICRSrs":false},{"_id":"289436","area":"IND001013","below":[],"indicator":110,"ius":"Proportion of live babies weighed at birth:Percent:Total","rank":9,"src":6,"subgrp":1,"top":[],"tp":"2010-2011","trend":"up","value":"83.0","slugiddata":289436,"dKPIRSrs":false,"dNITIRSrs":true,"tps":"","dTHEMATICRSrs":false},{"_id":"290117","area":"IND001013","below":[],"indicator":110,"ius":"Proportion of live babies weighed at birth:Percent:Total","rank":15,"src":6,"subgrp":1,"top":[],"tp":"2011-2012","trend":"dn","value":"69.6","slugiddata":290117,"dKPIRSrs":false,"dNITIRSrs":true,"tps":"","dTHEMATICRSrs":false},{"_id":"290816","area":"IND001013","below":[],"indicator":110,"ius":"Proportion of live babies weighed at birth:Percent:Total","rank":11,"src":6,"subgrp":1,"top":[],"tp":"2012-2013","trend":"up","value":"88.6","slugiddata":290816,"dKPIRSrs":false,"dNITIRSrs":true,"tps":"","dTHEMATICRSrs":false},{"_id":"291516","area":"IND001013","below":[],"indicator":110,"ius":"Proportion of live babies weighed at birth:Percent:Total","rank":7,"src":6,"subgrp":1,"top":[],"tp":"2013-2014","trend":"up","value":"95.5","slugiddata":291516,"dKPIRSrs":false,"dNITIRSrs":true,"tps":"","dTHEMATICRSrs":false},{"_id":"292213","area":"IND001013","below":[],"indicator":110,"ius":"Proportion of live babies weighed at birth:Percent:Total","rank":8,"src":6,"subgrp":1,"top":[],"tp":"2014-2015","trend":"dn","value":"95.0","slugiddata":292213,"dKPIRSrs":false,"dNITIRSrs":true,"tps":"","dTHEMATICRSrs":false},{"_id":"292924","area":"IND001013","below":[],"indicator":110,"ius":"Proportion of live babies weighed at birth:Percent:Total","rank":7,"src":6,"subgrp":1,"top":[],"tp":"2015-2016","trend":"up","value":"95.3","slugiddata":292924,"dKPIRSrs":false,"dNITIRSrs":true,"tps":"","dTHEMATICRSrs":false},{"_id":"293637","area":"IND001013","below":[],"indicator":110,"ius":"Proportion of live babies weighed at birth:Percent:Total","rank":9,"src":6,"subgrp":1,"top":[],"tp":"2016-2017","trend":"up","value":"97.6","slugiddata":293637,"dKPIRSrs":false,"dNITIRSrs":true,"tps":"","dTHEMATICRSrs":false},{"_id":"294397","area":"IND001013","below":[],"indicator":89,"ius":"Pregnant women received TT2 or Booster to total ANC registration:Percent:Total","rank":9,"src":6,"subgrp":1,"top":[],"tp":"2017-2018","trend":"up","value":"92.4","slugiddata":294397,"dKPIRSrs":false,"dNITIRSrs":false,"tps":"","dTHEMATICRSrs":true},{"_id":"295133","area":"IND001013","below":[],"indicator":92,"ius":"Women discharged in less than 48 hours of delivery to total reported deliveries at public institutions:Percent:Total","rank":19,"src":6,"subgrp":1,"top":[],"tp":"2017-2018","trend":"up","value":"74.0","slugiddata":295133,"dKPIRSrs":false,"dNITIRSrs":false,"tps":"","dTHEMATICRSrs":true},{"_id":"295869","area":"IND001013","below":[],"indicator":14,"ius":"Institutional delivery:Percent:Total","rank":12,"src":6,"subgrp":1,"top":[],"tp":"2017-2018","trend":"up","value":"92.3","slugiddata":295869,"dKPIRSrs":false,"dNITIRSrs":false,"tps":"","dTHEMATICRSrs":false},{"_id":"297341","area":"IND001013","below":[],"indicator":93,"ius":"Home deliveries to total reported deliveries:Percent:Total","rank":12,"src":6,"subgrp":1,"top":[],"tp":"2017-2018","trend":"up","value":"7.7","slugiddata":297341,"dKPIRSrs":true,"dNITIRSrs":false,"tps":"","dTHEMATICRSrs":true},{"_id":"298077","area":"IND001013","below":[],"indicator":2,"ius":"Births delivered by caesarean section:Percent:Total","rank":9,"src":6,"subgrp":1,"top":[],"tp":"2017-2018","trend":"up","value":"26.0","slugiddata":298077,"dKPIRSrs":false,"dNITIRSrs":false,"tps":"","dTHEMATICRSrs":false},{"_id":"298813","area":"IND001013","below":[],"indicator":11,"ius":"Institutional delivery in public/government health facility:Percent:Total","rank":1,"src":6,"subgrp":1,"top":[],"tp":"2017-2018","trend":"eq","value":"100.0","slugiddata":298813,"dKPIRSrs":false,"dNITIRSrs":false,"tps":"","dTHEMATICRSrs":false},{"_id":"300274","area":"IND001013","below":[],"indicator":96,"ius":"MTPs conducted at public institutions to total MTPs:Percent:Total","rank":1,"src":6,"subgrp":1,"top":[],"tp":"2017-2018","trend":"eq","value":"100.0","slugiddata":300274,"dKPIRSrs":false,"dNITIRSrs":false,"tps":"","dTHEMATICRSrs":true},{"_id":"301685","area":"IND001013","below":[],"indicator":98,"ius":"Male sterilization (vasectomies) to total sterilization:Percent:Total","rank":16,"src":6,"subgrp":1,"top":[],"tp":"2017-2018","trend":"dn","value":"0.0","slugiddata":301685,"dKPIRSrs":false,"dNITIRSrs":false,"tps":"","dTHEMATICRSrs":true},{"_id":"302405","area":"IND001013","below":[],"indicator":99,"ius":"Post partum sterilizations to total female sterilizations:Percent:Total","rank":13,"src":6,"subgrp":1,"top":[],"tp":"2017-2018","trend":"dn","value":"20.8","slugiddata":302405,"dKPIRSrs":false,"dNITIRSrs":false,"tps":"","dTHEMATICRSrs":false},{"_id":"303870","area":"IND001013","below":[],"indicator":101,"ius":"IUCD insertions in public plus private institutions to all family planning methods ( IUCD plus permanent):Percent:Total","rank":2,"src":6,"subgrp":1,"top":[],"tp":"2017-2018","trend":"up","value":"89.5","slugiddata":303870,"dKPIRSrs":false,"dNITIRSrs":false,"tps":"","dTHEMATICRSrs":true},{"_id":"304606","area":"IND001013","below":[],"indicator":102,"ius":"Newborns given BCG to reported live birth:Percent:Total","rank":1,"src":6,"subgrp":1,"top":[],"tp":"2017-2018","trend":"dn","value":"189.2","slugiddata":304606,"dKPIRSrs":false,"dNITIRSrs":false,"tps":"","dTHEMATICRSrs":true},{"_id":"305342","area":"IND001013","below":[],"indicator":103,"ius":"Infants 0 to 11 months old who received measles vaccine to reported live births:Percent:Total","rank":1,"src":6,"subgrp":1,"top":[],"tp":"2017-2018","trend":"up","value":"360.4","slugiddata":305342,"dKPIRSrs":false,"dNITIRSrs":false,"tps":"","dTHEMATICRSrs":true},{"_id":"307551","area":"IND001013","below":[],"indicator":119,"ius":"Cases of Pregnant women with obstetric complications and attended to reported deliveries:Percent:Total","rank":16,"src":6,"subgrp":1,"top":[],"tp":"2008-2009","trend":"na","value":"0.1","slugiddata":307551,"dKPIRSrs":false,"dNITIRSrs":false,"tps":"","dTHEMATICRSrs":false},{"_id":"308220","area":"IND001013","below":[],"indicator":119,"ius":"Cases of Pregnant women with obstetric complications and attended to reported deliveries:Percent:Total","rank":17,"src":6,"subgrp":1,"top":[],"tp":"2009-2010","trend":"up","value":"0.9","slugiddata":308220,"dKPIRSrs":false,"dNITIRSrs":false,"tps":"","dTHEMATICRSrs":false},{"_id":"308892","area":"IND001013","below":[],"indicator":119,"ius":"Cases of Pregnant women with obstetric complications and attended to reported deliveries:Percent:Total","rank":18,"src":6,"subgrp":1,"top":[],"tp":"2010-2011","trend":"dn","value":"0.7","slugiddata":308892,"dKPIRSrs":false,"dNITIRSrs":false,"tps":"","dTHEMATICRSrs":false},{"_id":"309573","area":"IND001013","below":[],"indicator":119,"ius":"Cases of Pregnant women with obstetric complications and attended to reported deliveries:Percent:Total","rank":22,"src":6,"subgrp":1,"top":[],"tp":"2011-2012","trend":"dn","value":"0.0","slugiddata":309573,"dKPIRSrs":false,"dNITIRSrs":false,"tps":"","dTHEMATICRSrs":false},{"_id":"310272","area":"IND001013","below":[],"indicator":119,"ius":"Cases of Pregnant women with obstetric complications and attended to reported deliveries:Percent:Total","rank":18,"src":6,"subgrp":1,"top":[],"tp":"2012-2013","trend":"up","value":"1.0","slugiddata":310272,"dKPIRSrs":false,"dNITIRSrs":false,"tps":"","dTHEMATICRSrs":false},{"_id":"310972","area":"IND001013","below":[],"indicator":119,"ius":"Cases of Pregnant women with obstetric complications and attended to reported deliveries:Percent:Total","rank":20,"src":6,"subgrp":1,"top":[],"tp":"2013-2014","trend":"dn","value":"0.0","slugiddata":310972,"dKPIRSrs":false,"dNITIRSrs":false,"tps":"","dTHEMATICRSrs":false},{"_id":"311669","area":"IND001013","below":[],"indicator":119,"ius":"Cases of Pregnant women with obstetric complications and attended to reported deliveries:Percent:Total","rank":22,"src":6,"subgrp":1,"top":[],"tp":"2014-2015","trend":"eq","value":"0.0","slugiddata":311669,"dKPIRSrs":false,"dNITIRSrs":false,"tps":"","dTHEMATICRSrs":false},{"_id":"312380","area":"IND001013","below":[],"indicator":119,"ius":"Cases of Pregnant women with obstetric complications and attended to reported deliveries:Percent:Total","rank":17,"src":6,"subgrp":1,"top":[],"tp":"2015-2016","trend":"up","value":"3.6","slugiddata":312380,"dKPIRSrs":false,"dNITIRSrs":false,"tps":"","dTHEMATICRSrs":false},{"_id":"313093","area":"IND001013","below":[],"indicator":119,"ius":"Cases of Pregnant women with obstetric complications and attended to reported deliveries:Percent:Total","rank":20,"src":6,"subgrp":1,"top":[],"tp":"2016-2017","trend":"dn","value":"0.0","slugiddata":313093,"dKPIRSrs":false,"dNITIRSrs":false,"tps":"","dTHEMATICRSrs":false},{"_id":"313808","area":"IND001013","below":[],"indicator":119,"ius":"Cases of Pregnant women with obstetric complications and attended to reported deliveries:Percent:Total","rank":2,"src":6,"subgrp":1,"top":[],"tp":"2017-2018","trend":"up","value":"9.7","slugiddata":313808,"dKPIRSrs":false,"dNITIRSrs":false,"tps":"","dTHEMATICRSrs":false},{"_id":"314544","area":"IND001013","below":[],"indicator":118,"ius":"Pregnant women given 180 IFA to total ANC registration:Percent:Total","rank":17,"src":6,"subgrp":1,"top":[],"tp":"2017-2018","trend":"na","value":"73.3","slugiddata":314544,"dKPIRSrs":false,"dNITIRSrs":false,"tps":"","dTHEMATICRSrs":false},{"_id":"315280","area":"IND001013","below":[],"indicator":88,"ius":"1st trimester registration to total ANC registrations:Percent:Total","rank":6,"src":6,"subgrp":1,"top":[],"tp":"Apr-Sep_2018","trend":"up","value":"84.4","slugiddata":315280,"dKPIRSrs":false,"dNITIRSrs":true,"tps":"","dTHEMATICRSrs":false},{"_id":"316019","area":"IND001013","below":[],"indicator":48,"ius":"Mothers who had at least 4 antenatal care visits:Percent:Total","rank":6,"src":6,"subgrp":1,"top":[],"tp":"Apr-Sep_2018","trend":"up","value":"83.9","slugiddata":316019,"dKPIRSrs":false,"dNITIRSrs":true,"tps":"","dTHEMATICRSrs":false},{"_id":"316758","area":"IND001013","below":[],"indicator":89,"ius":"Pregnant women received TT2 or Booster to total ANC registration:Percent:Total","rank":16,"src":6,"subgrp":1,"top":[],"tp":"Apr-Sep_2018","trend":"dn","value":"85.4","slugiddata":316758,"dKPIRSrs":false,"dNITIRSrs":false,"tps":"","dTHEMATICRSrs":true},{"_id":"317497","area":"IND001013","below":[],"indicator":118,"ius":"Pregnant women given 180 IFA to total ANC registration:Percent:Total","rank":20,"src":6,"subgrp":1,"top":[],"tp":"Apr-Sep_2018","trend":"dn","value":"26.8","slugiddata":317497,"dKPIRSrs":false,"dNITIRSrs":false,"tps":"","dTHEMATICRSrs":false},{"_id":"318236","area":"IND001013","below":[],"indicator":108,"ius":"Percentage of PW having Hb level<11 (tested cases) (7.1 to 10.9) against total ANC registration:Percent:Total","rank":11,"src":6,"subgrp":1,"top":[],"tp":"Apr-Sep_2018","trend":"dn","value":"75.9","slugiddata":318236,"dKPIRSrs":false,"dNITIRSrs":true,"tps":"","dTHEMATICRSrs":false},{"_id":"319713","area":"IND001013","below":[],"indicator":113,"ius":"Percentage of PW having Hb level<7 (tested cases) against total ANC registration:Percent:Total","rank":8,"src":6,"subgrp":1,"top":[],"tp":"Apr-Sep_2018","trend":"up","value":"1.5","slugiddata":319713,"dKPIRSrs":false,"dNITIRSrs":true,"tps":"","dTHEMATICRSrs":false},{"_id":"320452","area":"IND001013","below":[],"indicator":91,"ius":"New cases detected at institution for hypertension to total ANC registrations:Percent:Total","rank":5,"src":6,"subgrp":1,"top":[],"tp":"Apr-Sep_2018","trend":"dn","value":"0.9","slugiddata":320452,"dKPIRSrs":false,"dNITIRSrs":false,"tps":"","dTHEMATICRSrs":true},{"_id":"321188","area":"IND001013","below":[],"indicator":12,"ius":"Home delivery conducted by skilled health personnel:Percent:Total","rank":15,"src":6,"subgrp":1,"top":[],"tp":"Apr-Sep_2018","trend":"dn","value":"0.0","slugiddata":321188,"dKPIRSrs":false,"dNITIRSrs":true,"tps":"","dTHEMATICRSrs":false},{"_id":"321911","area":"IND001013","below":[],"indicator":92,"ius":"Women discharged in less than 48 hours of delivery to total reported deliveries at public institutions:Percent:Total","rank":19,"src":6,"subgrp":1,"top":[],"tp":"Apr-Sep_2018","trend":"up","value":"71.8","slugiddata":321911,"dKPIRSrs":false,"dNITIRSrs":false,"tps":"","dTHEMATICRSrs":true},{"_id":"322650","area":"IND001013","below":[],"indicator":109,"ius":"Percentage of institutional deliveries out of total ANC registration:Percent:Total","rank":21,"src":6,"subgrp":1,"top":[],"tp":"Apr-Sep_2018","trend":"up","value":"27.5","slugiddata":322650,"dKPIRSrs":false,"dNITIRSrs":true,"tps":"","dTHEMATICRSrs":false},{"_id":"323389","area":"IND001013","below":[],"indicator":14,"ius":"Institutional delivery:Percent:Total","rank":13,"src":6,"subgrp":1,"top":[],"tp":"Apr-Sep_2018","trend":"dn","value":"91.9","slugiddata":323389,"dKPIRSrs":false,"dNITIRSrs":false,"tps":"","dTHEMATICRSrs":false},{"_id":"324867","area":"IND001013","below":[],"indicator":93,"ius":"Home deliveries to total reported deliveries:Percent:Total","rank":13,"src":6,"subgrp":1,"top":[],"tp":"Apr-Sep_2018","trend":"dn","value":"8.1","slugiddata":324867,"dKPIRSrs":true,"dNITIRSrs":false,"tps":"","dTHEMATICRSrs":true},{"_id":"325606","area":"IND001013","below":[],"indicator":2,"ius":"Births delivered by caesarean section:Percent:Total","rank":9,"src":6,"subgrp":1,"top":[],"tp":"Apr-Sep_2018","trend":"up","value":"29.1","slugiddata":325606,"dKPIRSrs":false,"dNITIRSrs":false,"tps":"","dTHEMATICRSrs":false},{"_id":"326345","area":"IND001013","below":[],"indicator":11,"ius":"Institutional delivery in public/government health facility:Percent:Total","rank":1,"src":6,"subgrp":1,"top":[],"tp":"Apr-Sep_2018","trend":"eq","value":"100.0","slugiddata":326345,"dKPIRSrs":false,"dNITIRSrs":false,"tps":"","dTHEMATICRSrs":false},{"_id":"327823","area":"IND001013","below":[],"indicator":110,"ius":"Proportion of live babies weighed at birth:Percent:Total","rank":6,"src":6,"subgrp":1,"top":[],"tp":"Apr-Sep_2018","trend":"up","value":"100.0","slugiddata":327823,"dKPIRSrs":false,"dNITIRSrs":true,"tps":"","dTHEMATICRSrs":false},{"_id":"328562","area":"IND001013","below":[],"indicator":112,"ius":"Newborns having weight less than 2.5 kg to newborns weighed at birth:Percent:Total","rank":8,"src":6,"subgrp":1,"top":[],"tp":"Apr-Sep_2018","trend":"dn","value":"2.7","slugiddata":328562,"dKPIRSrs":true,"dNITIRSrs":true,"tps":"","dTHEMATICRSrs":false},{"_id":"329301","area":"IND001013","below":[],"indicator":111,"ius":"Newborns breastfed within 1 hour of birth to total live birth:Percent:Total","rank":2,"src":6,"subgrp":1,"top":[],"tp":"Apr-Sep_2018","trend":"up","value":"100.0","slugiddata":329301,"dKPIRSrs":false,"dNITIRSrs":true,"tps":"","dTHEMATICRSrs":false},{"_id":"330779","area":"IND001013","below":[],"indicator":119,"ius":"Cases of Pregnant women with obstetric complications and attended to reported deliveries:Percent:Total","rank":3,"src":6,"subgrp":1,"top":[],"tp":"Apr-Sep_2018","trend":"up","value":"14.8","slugiddata":330779,"dKPIRSrs":false,"dNITIRSrs":false,"tps":"","dTHEMATICRSrs":false},{"_id":"332887","area":"IND001013","below":[],"indicator":98,"ius":"Male sterilization (vasectomies) to total sterilization:Percent:Total","rank":8,"src":6,"subgrp":1,"top":[],"tp":"Apr-Sep_2018","trend":"eq","value":"0.0","slugiddata":332887,"dKPIRSrs":false,"dNITIRSrs":false,"tps":"","dTHEMATICRSrs":true},{"_id":"333598","area":"IND001013","below":[],"indicator":99,"ius":"Post partum sterilizations to total female sterilizations:Percent:Total","rank":10,"src":6,"subgrp":1,"top":[],"tp":"Apr-Sep_2018","trend":"dn","value":"27.3","slugiddata":333598,"dKPIRSrs":false,"dNITIRSrs":false,"tps":"","dTHEMATICRSrs":false},{"_id":"335060","area":"IND001013","below":[],"indicator":101,"ius":"IUCD insertions in public plus private institutions to all family planning methods ( IUCD plus permanent):Percent:Total","rank":12,"src":6,"subgrp":1,"top":[],"tp":"Apr-Sep_2018","trend":"dn","value":"80.7","slugiddata":335060,"dKPIRSrs":false,"dNITIRSrs":false,"tps":"","dTHEMATICRSrs":true},{"_id":"335799","area":"IND001013","below":[],"indicator":102,"ius":"Newborns given BCG to reported live birth:Percent:Total","rank":19,"src":6,"subgrp":1,"top":[],"tp":"Apr-Sep_2018","trend":"dn","value":"97.6","slugiddata":335799,"dKPIRSrs":false,"dNITIRSrs":false,"tps":"","dTHEMATICRSrs":true},{"_id":"336538","area":"IND001013","below":[],"indicator":103,"ius":"Infants 0 to 11 months old who received measles vaccine to reported live births:Percent:Total","rank":2,"src":6,"subgrp":1,"top":[],"tp":"Apr-Sep_2018","trend":"dn","value":"319.6","slugiddata":336538,"dKPIRSrs":false,"dNITIRSrs":false,"tps":"","dTHEMATICRSrs":true},{"_id":"386612","area":"IND001013","below":[],"indicator":10,"ius":"Current Usage FP - Female sterilization:Percent:Total","rank":16,"src":1,"subgrp":1,"top":[],"tp":"2015-2016","trend":"na","value":"16.0","slugiddata":386612,"dKPIRSrs":false,"dNITIRSrs":false,"tps":"","dTHEMATICRSrs":true},{"_id":"387235","area":"IND001013","below":[],"indicator":53,"ius":"Unmet Need for FP - Unmet need for spacing:Percent:Total","rank":2,"src":1,"subgrp":1,"top":[],"tp":"2015-2016","trend":"na","value":"3.0","slugiddata":387235,"dKPIRSrs":false,"dNITIRSrs":false,"tps":"","dTHEMATICRSrs":true},{"_id":"387858","area":"IND001013","below":[],"indicator":48,"ius":"Mothers who had at least 4 antenatal care visits:Percent:Total","rank":2,"src":1,"subgrp":1,"top":[],"tp":"2015-2016","trend":"na","value":"96.4","slugiddata":387858,"dKPIRSrs":false,"dNITIRSrs":false,"tps":"","dTHEMATICRSrs":true},{"_id":"388481","area":"IND001013","below":[],"indicator":33,"ius":"Mothers who received post-natal check-up within 48 hrs. of delivery:Percent:Total","rank":14,"src":1,"subgrp":1,"top":[],"tp":"2015-2016","trend":"na","value":"77.0","slugiddata":388481,"dKPIRSrs":false,"dNITIRSrs":false,"tps":"","dTHEMATICRSrs":false},{"_id":"389727","area":"IND001013","below":[],"indicator":12,"ius":"Home delivery conducted by skilled health personnel:Percent:Total","rank":15,"src":1,"subgrp":1,"top":[],"tp":"2015-2016","trend":"na","value":"0.9","slugiddata":389727,"dKPIRSrs":false,"dNITIRSrs":false,"tps":"","dTHEMATICRSrs":false},{"_id":"390973","area":"IND001013","below":[],"indicator":2,"ius":"Births delivered by caesarean section:Percent:Total","rank":5,"src":1,"subgrp":1,"top":[],"tp":"2015-2016","trend":"na","value":"42.3","slugiddata":390973,"dKPIRSrs":false,"dNITIRSrs":false,"tps":"","dTHEMATICRSrs":true},{"_id":"393674","area":"IND001013","below":[],"indicator":58,"ius":"Children who are severely wasted (weight-for-height)/severe acute malnourished (SAM):Percent:Total","rank":7,"src":1,"subgrp":1,"top":[],"tp":"2015-2016","trend":"na","value":"3.8","slugiddata":393674,"dKPIRSrs":false,"dNITIRSrs":true,"tps":"","dTHEMATICRSrs":true},{"_id":"394297","area":"IND001013","below":[],"indicator":56,"ius":"Children who are underweight (weight-for-age):Percent:Total","rank":7,"src":1,"subgrp":1,"top":[],"tp":"2015-2016","trend":"na","value":"11.1","slugiddata":394297,"dKPIRSrs":false,"dNITIRSrs":true,"tps":"","dTHEMATICRSrs":true},{"_id":"394920","area":"IND001013","below":[],"indicator":28,"ius":"Children aged (6-59 months) who are anaemic (<11.0 g/dl):Percent:Total","rank":5,"src":1,"subgrp":1,"top":[],"tp":"2015-2016","trend":"na","value":"36.6","slugiddata":394920,"dKPIRSrs":false,"dNITIRSrs":false,"tps":"","dTHEMATICRSrs":true},{"_id":"396361","area":"IND001013","below":[],"indicator":1,"ius":"Current Usage FP - Any modern method:Percent:Total","rank":18,"src":1,"subgrp":1,"top":[],"tp":"2015-2016","trend":"na","value":"32.9","slugiddata":396361,"dKPIRSrs":true,"dNITIRSrs":false,"tps":"","dTHEMATICRSrs":true},{"_id":"396984","area":"IND001013","below":[],"indicator":9,"ius":"Current Usage FP - Copper-T/IUD/PPIUD:Percent:Total","rank":13,"src":1,"subgrp":1,"top":[],"tp":"2015-2016","trend":"na","value":"1.3","slugiddata":396984,"dKPIRSrs":true,"dNITIRSrs":false,"tps":"","dTHEMATICRSrs":true},{"_id":"397607","area":"IND001013","below":[],"indicator":51,"ius":"Unmet Need for FP - Total unmet need:Percent:Total","rank":5,"src":1,"subgrp":1,"top":[],"tp":"2015-2016","trend":"na","value":"8.0","slugiddata":397607,"dKPIRSrs":true,"dNITIRSrs":false,"tps":"","dTHEMATICRSrs":true},{"_id":"398230","area":"IND001013","below":[],"indicator":44,"ius":"Mothers who had antenatal check-up in the first trimester:Percent:Total","rank":2,"src":1,"subgrp":1,"top":[],"tp":"2015-2016","trend":"na","value":"88.9","slugiddata":398230,"dKPIRSrs":true,"dNITIRSrs":false,"tps":"","dTHEMATICRSrs":true},{"_id":"398853","area":"IND001013","below":[],"indicator":45,"ius":"Mothers who had full antenatal care:Percent:Total","rank":12,"src":1,"subgrp":1,"top":[],"tp":"2015-2016","trend":"na","value":"20.0","slugiddata":398853,"dKPIRSrs":true,"dNITIRSrs":false,"tps":"","dTHEMATICRSrs":false},{"_id":"399476","area":"IND001013","below":[],"indicator":59,"ius":"Children who received a health check after birth from a doctor/nurse/LHV/ANM/midwife/other health personnel within 2 days of birth:Percent:Total","rank":21,"src":1,"subgrp":1,"top":[],"tp":"2015-2016","trend":"na","value":"5.1","slugiddata":399476,"dKPIRSrs":true,"dNITIRSrs":false,"tps":"","dTHEMATICRSrs":true},{"_id":"400099","area":"IND001013","below":[],"indicator":14,"ius":"Institutional delivery:Percent:Total","rank":7,"src":1,"subgrp":1,"top":[],"tp":"2015-2016","trend":"na","value":"92.1","slugiddata":400099,"dKPIRSrs":true,"dNITIRSrs":false,"tps":"","dTHEMATICRSrs":true},{"_id":"400722","area":"IND001013","below":[],"indicator":11,"ius":"Institutional delivery in public/government health facility:Percent:Total","rank":10,"src":1,"subgrp":1,"top":[],"tp":"2015-2016","trend":"na","value":"78.3","slugiddata":400722,"dKPIRSrs":true,"dNITIRSrs":false,"tps":"","dTHEMATICRSrs":true},{"_id":"401343","area":"IND001013","below":[],"indicator":5,"ius":"Children fully immunized:Percent:Total","rank":17,"src":1,"subgrp":1,"top":[],"tp":"2015-2016","trend":"na","value":"69.9","slugiddata":401343,"dKPIRSrs":true,"dNITIRSrs":true,"tps":"","dTHEMATICRSrs":true},{"_id":"402225","area":"IND001013","below":[],"indicator":7,"ius":"Children with acute respiratory infection or fever in last 2 weeks and sought advice/treatment/taken to a health facility:Percent:Total","rank":8,"src":1,"subgrp":1,"top":[],"tp":"2015-2016","trend":"na","value":"77.9","slugiddata":402225,"dKPIRSrs":true,"dNITIRSrs":true,"tps":"","dTHEMATICRSrs":true},{"_id":"402763","area":"IND001013","below":[],"indicator":6,"ius":"Children breastfed within one hour of birth:Percent:Total","rank":13,"src":1,"subgrp":1,"top":[],"tp":"2015-2016","trend":"na","value":"44.2","slugiddata":402763,"dKPIRSrs":true,"dNITIRSrs":false,"tps":"","dTHEMATICRSrs":true},{"_id":"403329","area":"IND001013","below":[],"indicator":4,"ius":"Children under age 6 months exclusively breastfed:Percent:Total","rank":10,"src":1,"subgrp":1,"top":[],"tp":"2015-2016","trend":"na","value":"55.8","slugiddata":403329,"dKPIRSrs":true,"dNITIRSrs":false,"tps":"","dTHEMATICRSrs":false},{"_id":"403781","area":"IND001013","below":[],"indicator":42,"ius":"Pregnant women aged (15-49 years) who are anaemic (<11.0 g/dl):Percent:Total","rank":14,"src":1,"subgrp":1,"top":[],"tp":"2015-2016","trend":"na","value":"38.7","slugiddata":403781,"dKPIRSrs":true,"dNITIRSrs":false,"tps":"","dTHEMATICRSrs":true},{"_id":"405445","area":"IND001013","below":[],"indicator":57,"ius":"Children who are wasted (weight-for-height)/moderate acute malnourished (MAM):Percent:Total","rank":9,"src":1,"subgrp":1,"top":[],"tp":"2015-2016","trend":"na","value":"8.5","slugiddata":405445,"dKPIRSrs":false,"dNITIRSrs":true,"tps":"","dTHEMATICRSrs":false},{"_id":"406827","area":"IND001013","below":[],"indicator":116,"ius":"Children who are stunted (height-for-age):Percent:Total","rank":8,"src":1,"subgrp":1,"top":[],"tp":"2015-2016","trend":"na","value":"22.8","slugiddata":406827,"dKPIRSrs":false,"dNITIRSrs":true,"tps":"","dTHEMATICRSrs":false},{"_id":"407484","area":"IND001013","below":[],"indicator":114,"ius":"Breastfeeding children receiving adequate diet (6-23 months):Percent:Total","rank":20,"src":1,"subgrp":1,"top":[],"tp":"2015-2016","trend":"na","value":"16.8","slugiddata":407484,"dKPIRSrs":false,"dNITIRSrs":true,"tps":"","dTHEMATICRSrs":false},{"_id":"79118","area":"IND001013","below":[],"indicator":88,"ius":"1st trimester registration to total ANC registrations:Percent:Total","rank":2,"src":6,"subgrp":1,"top":[],"tp":"2008-2009","trend":"na","value":"68.8","slugiddata":79118,"dKPIRSrs":false,"dNITIRSrs":true,"tps":"","dTHEMATICRSrs":false},{"_id":"79787","area":"IND001013","below":[],"indicator":88,"ius":"1st trimester registration to total ANC registrations:Percent:Total","rank":4,"src":6,"subgrp":1,"top":[],"tp":"2009-2010","trend":"dn","value":"56.1","slugiddata":79787,"dKPIRSrs":false,"dNITIRSrs":true,"tps":"","dTHEMATICRSrs":false},{"_id":"80459","area":"IND001013","below":[],"indicator":88,"ius":"1st trimester registration to total ANC registrations:Percent:Total","rank":1,"src":6,"subgrp":1,"top":[],"tp":"2010-2011","trend":"up","value":"74.8","slugiddata":80459,"dKPIRSrs":false,"dNITIRSrs":true,"tps":"","dTHEMATICRSrs":false},{"_id":"81139","area":"IND001013","below":[],"indicator":88,"ius":"1st trimester registration to total ANC registrations:Percent:Total","rank":4,"src":6,"subgrp":1,"top":[],"tp":"2011-2012","trend":"dn","value":"63.8","slugiddata":81139,"dKPIRSrs":false,"dNITIRSrs":true,"tps":"","dTHEMATICRSrs":false},{"_id":"81838","area":"IND001013","below":[],"indicator":88,"ius":"1st trimester registration to total ANC registrations:Percent:Total","rank":9,"src":6,"subgrp":1,"top":[],"tp":"2012-2013","trend":"dn","value":"59.5","slugiddata":81838,"dKPIRSrs":false,"dNITIRSrs":true,"tps":"","dTHEMATICRSrs":false},{"_id":"82538","area":"IND001013","below":[],"indicator":88,"ius":"1st trimester registration to total ANC registrations:Percent:Total","rank":10,"src":6,"subgrp":1,"top":[],"tp":"2013-2014","trend":"up","value":"60.0","slugiddata":82538,"dKPIRSrs":false,"dNITIRSrs":true,"tps":"","dTHEMATICRSrs":false},{"_id":"83235","area":"IND001013","below":[],"indicator":88,"ius":"1st trimester registration to total ANC registrations:Percent:Total","rank":12,"src":6,"subgrp":1,"top":[],"tp":"2014-2015","trend":"dn","value":"58.1","slugiddata":83235,"dKPIRSrs":false,"dNITIRSrs":true,"tps":"","dTHEMATICRSrs":false},{"_id":"83946","area":"IND001013","below":[],"indicator":88,"ius":"1st trimester registration to total ANC registrations:Percent:Total","rank":12,"src":6,"subgrp":1,"top":[],"tp":"2015-2016","trend":"up","value":"59.6","slugiddata":83946,"dKPIRSrs":false,"dNITIRSrs":true,"tps":"","dTHEMATICRSrs":false},{"_id":"84659","area":"IND001013","below":[],"indicator":88,"ius":"1st trimester registration to total ANC registrations:Percent:Total","rank":9,"src":6,"subgrp":1,"top":[],"tp":"2016-2017","trend":"up","value":"72.0","slugiddata":84659,"dKPIRSrs":false,"dNITIRSrs":true,"tps":"","dTHEMATICRSrs":false},{"_id":"85343","area":"IND001013","below":[],"indicator":46,"ius":"Mothers who received 3 or more antenatal care:Percent:Total","rank":4,"src":6,"subgrp":1,"top":[],"tp":"2008-2009","trend":"na","value":"57.2","slugiddata":85343,"dKPIRSrs":false,"dNITIRSrs":false,"tps":"","dTHEMATICRSrs":false},{"_id":"86012","area":"IND001013","below":[],"indicator":46,"ius":"Mothers who received 3 or more antenatal care:Percent:Total","rank":2,"src":6,"subgrp":1,"top":[],"tp":"2009-2010","trend":"up","value":"71.8","slugiddata":86012,"dKPIRSrs":false,"dNITIRSrs":false,"tps":"","dTHEMATICRSrs":false},{"_id":"86684","area":"IND001013","below":[],"indicator":46,"ius":"Mothers who received 3 or more antenatal care:Percent:Total","rank":3,"src":6,"subgrp":1,"top":[],"tp":"2010-2011","trend":"up","value":"75.8","slugiddata":86684,"dKPIRSrs":false,"dNITIRSrs":false,"tps":"","dTHEMATICRSrs":false},{"_id":"87364","area":"IND001013","below":[],"indicator":46,"ius":"Mothers who received 3 or more antenatal care:Percent:Total","rank":11,"src":6,"subgrp":1,"top":[],"tp":"2011-2012","trend":"dn","value":"52.9","slugiddata":87364,"dKPIRSrs":false,"dNITIRSrs":false,"tps":"","dTHEMATICRSrs":false},{"_id":"88063","area":"IND001013","below":[],"indicator":46,"ius":"Mothers who received 3 or more antenatal care:Percent:Total","rank":8,"src":6,"subgrp":1,"top":[],"tp":"2012-2013","trend":"up","value":"67.4","slugiddata":88063,"dKPIRSrs":false,"dNITIRSrs":false,"tps":"","dTHEMATICRSrs":false},{"_id":"88763","area":"IND001013","below":[],"indicator":46,"ius":"Mothers who received 3 or more antenatal care:Percent:Total","rank":8,"src":6,"subgrp":1,"top":[],"tp":"2013-2014","trend":"up","value":"74.5","slugiddata":88763,"dKPIRSrs":false,"dNITIRSrs":false,"tps":"","dTHEMATICRSrs":false},{"_id":"89460","area":"IND001013","below":[],"indicator":46,"ius":"Mothers who received 3 or more antenatal care:Percent:Total","rank":9,"src":6,"subgrp":1,"top":[],"tp":"2014-2015","trend":"up","value":"77.6","slugiddata":89460,"dKPIRSrs":false,"dNITIRSrs":false,"tps":"","dTHEMATICRSrs":false},{"_id":"90171","area":"IND001013","below":[],"indicator":46,"ius":"Mothers who received 3 or more antenatal care:Percent:Total","rank":8,"src":6,"subgrp":1,"top":[],"tp":"2015-2016","trend":"up","value":"82.9","slugiddata":90171,"dKPIRSrs":false,"dNITIRSrs":false,"tps":"","dTHEMATICRSrs":false},{"_id":"90884","area":"IND001013","below":[],"indicator":46,"ius":"Mothers who received 3 or more antenatal care:Percent:Total","rank":8,"src":6,"subgrp":1,"top":[],"tp":"2016-2017","trend":"up","value":"86.3","slugiddata":90884,"dKPIRSrs":false,"dNITIRSrs":false,"tps":"","dTHEMATICRSrs":false},{"_id":"91568","area":"IND001013","below":[],"indicator":89,"ius":"Pregnant women received TT2 or Booster to total ANC registration:Percent:Total","rank":2,"src":6,"subgrp":1,"top":[],"tp":"2008-2009","trend":"na","value":"115.7","slugiddata":91568,"dKPIRSrs":false,"dNITIRSrs":false,"tps":"","dTHEMATICRSrs":true},{"_id":"92237","area":"IND001013","below":[],"indicator":89,"ius":"Pregnant women received TT2 or Booster to total ANC registration:Percent:Total","rank":1,"src":6,"subgrp":1,"top":[],"tp":"2009-2010","trend":"dn","value":"93.1","slugiddata":92237,"dKPIRSrs":false,"dNITIRSrs":false,"tps":"","dTHEMATICRSrs":true},{"_id":"92909","area":"IND001013","below":[],"indicator":89,"ius":"Pregnant women received TT2 or Booster to total ANC registration:Percent:Total","rank":2,"src":6,"subgrp":1,"top":[],"tp":"2010-2011","trend":"dn","value":"92.0","slugiddata":92909,"dKPIRSrs":false,"dNITIRSrs":false,"tps":"","dTHEMATICRSrs":true},{"_id":"93589","area":"IND001013","below":[],"indicator":89,"ius":"Pregnant women received TT2 or Booster to total ANC registration:Percent:Total","rank":4,"src":6,"subgrp":1,"top":[],"tp":"2011-2012","trend":"dn","value":"71.4","slugiddata":93589,"dKPIRSrs":false,"dNITIRSrs":false,"tps":"","dTHEMATICRSrs":true},{"_id":"94288","area":"IND001013","below":[],"indicator":89,"ius":"Pregnant women received TT2 or Booster to total ANC registration:Percent:Total","rank":8,"src":6,"subgrp":1,"top":[],"tp":"2012-2013","trend":"up","value":"74.1","slugiddata":94288,"dKPIRSrs":false,"dNITIRSrs":false,"tps":"","dTHEMATICRSrs":true},{"_id":"94988","area":"IND001013","below":[],"indicator":89,"ius":"Pregnant women received TT2 or Booster to total ANC registration:Percent:Total","rank":8,"src":6,"subgrp":1,"top":[],"tp":"2013-2014","trend":"up","value":"77.0","slugiddata":94988,"dKPIRSrs":false,"dNITIRSrs":false,"tps":"","dTHEMATICRSrs":true},{"_id":"95685","area":"IND001013","below":[],"indicator":89,"ius":"Pregnant women received TT2 or Booster to total ANC registration:Percent:Total","rank":8,"src":6,"subgrp":1,"top":[],"tp":"2014-2015","trend":"up","value":"79.3","slugiddata":95685,"dKPIRSrs":false,"dNITIRSrs":false,"tps":"","dTHEMATICRSrs":true},{"_id":"96396","area":"IND001013","below":[],"indicator":89,"ius":"Pregnant women received TT2 or Booster to total ANC registration:Percent:Total","rank":13,"src":6,"subgrp":1,"top":[],"tp":"2015-2016","trend":"up","value":"80.2","slugiddata":96396,"dKPIRSrs":false,"dNITIRSrs":false,"tps":"","dTHEMATICRSrs":true},{"_id":"97109","area":"IND001013","below":[],"indicator":89,"ius":"Pregnant women received TT2 or Booster to total ANC registration:Percent:Total","rank":7,"src":6,"subgrp":1,"top":[],"tp":"2016-2017","trend":"up","value":"86.1","slugiddata":97109,"dKPIRSrs":false,"dNITIRSrs":false,"tps":"","dTHEMATICRSrs":true}]