[{"_id":"104193","area":"IND007002","below":[],"indicator":91,"ius":"New cases detected at institution for hypertension to total ANC registrations:Percent:Total","rank":9,"src":6,"subgrp":1,"top":[],"tp":"2009-2010","trend":"na","value":"4.8","slugiddata":104193,"dKPIRSrs":false,"dNITIRSrs":false,"tps":"","dTHEMATICRSrs":true},{"_id":"104865","area":"IND007002","below":[],"indicator":91,"ius":"New cases detected at institution for hypertension to total ANC registrations:Percent:Total","rank":5,"src":6,"subgrp":1,"top":[],"tp":"2010-2011","trend":"up","value":"2.8","slugiddata":104865,"dKPIRSrs":false,"dNITIRSrs":false,"tps":"","dTHEMATICRSrs":true},{"_id":"105543","area":"IND007002","below":[],"indicator":91,"ius":"New cases detected at institution for hypertension to total ANC registrations:Percent:Total","rank":3,"src":6,"subgrp":1,"top":[],"tp":"2011-2012","trend":"up","value":"1.7","slugiddata":105543,"dKPIRSrs":false,"dNITIRSrs":false,"tps":"","dTHEMATICRSrs":true},{"_id":"106235","area":"IND007002","below":[],"indicator":91,"ius":"New cases detected at institution for hypertension to total ANC registrations:Percent:Total","rank":4,"src":6,"subgrp":1,"top":[],"tp":"2012-2013","trend":"dn","value":"1.8","slugiddata":106235,"dKPIRSrs":false,"dNITIRSrs":false,"tps":"","dTHEMATICRSrs":true},{"_id":"106935","area":"IND007002","below":[],"indicator":91,"ius":"New cases detected at institution for hypertension to total ANC registrations:Percent:Total","rank":2,"src":6,"subgrp":1,"top":[],"tp":"2013-2014","trend":"up","value":"0.9","slugiddata":106935,"dKPIRSrs":false,"dNITIRSrs":false,"tps":"","dTHEMATICRSrs":true},{"_id":"107632","area":"IND007002","below":[],"indicator":91,"ius":"New cases detected at institution for hypertension to total ANC registrations:Percent:Total","rank":2,"src":6,"subgrp":1,"top":[],"tp":"2014-2015","trend":"dn","value":"1.2","slugiddata":107632,"dKPIRSrs":false,"dNITIRSrs":false,"tps":"","dTHEMATICRSrs":true},{"_id":"108343","area":"IND007002","below":[],"indicator":91,"ius":"New cases detected at institution for hypertension to total ANC registrations:Percent:Total","rank":2,"src":6,"subgrp":1,"top":[],"tp":"2015-2016","trend":"up","value":"0.9","slugiddata":108343,"dKPIRSrs":false,"dNITIRSrs":false,"tps":"","dTHEMATICRSrs":true},{"_id":"109056","area":"IND007002","below":[],"indicator":91,"ius":"New cases detected at institution for hypertension to total ANC registrations:Percent:Total","rank":3,"src":6,"subgrp":1,"top":[],"tp":"2016-2017","trend":"dn","value":"1.0","slugiddata":109056,"dKPIRSrs":false,"dNITIRSrs":false,"tps":"","dTHEMATICRSrs":true},{"_id":"110399","area":"IND007002","below":[],"indicator":12,"ius":"Home delivery conducted by skilled health personnel:Percent:Total","rank":7,"src":6,"subgrp":1,"top":[],"tp":"2009-2010","trend":"na","value":"5.3","slugiddata":110399,"dKPIRSrs":false,"dNITIRSrs":true,"tps":"","dTHEMATICRSrs":false},{"_id":"111063","area":"IND007002","below":[],"indicator":12,"ius":"Home delivery conducted by skilled health personnel:Percent:Total","rank":7,"src":6,"subgrp":1,"top":[],"tp":"2010-2011","trend":"dn","value":"0.0","slugiddata":111063,"dKPIRSrs":false,"dNITIRSrs":true,"tps":"","dTHEMATICRSrs":false},{"_id":"111735","area":"IND007002","below":[],"indicator":12,"ius":"Home delivery conducted by skilled health personnel:Percent:Total","rank":11,"src":6,"subgrp":1,"top":[],"tp":"2011-2012","trend":"up","value":"0.8","slugiddata":111735,"dKPIRSrs":false,"dNITIRSrs":true,"tps":"","dTHEMATICRSrs":false},{"_id":"112425","area":"IND007002","below":[],"indicator":12,"ius":"Home delivery conducted by skilled health personnel:Percent:Total","rank":9,"src":6,"subgrp":1,"top":[],"tp":"2012-2013","trend":"up","value":"2.1","slugiddata":112425,"dKPIRSrs":false,"dNITIRSrs":true,"tps":"","dTHEMATICRSrs":false},{"_id":"113121","area":"IND007002","below":[],"indicator":12,"ius":"Home delivery conducted by skilled health personnel:Percent:Total","rank":6,"src":6,"subgrp":1,"top":[],"tp":"2013-2014","trend":"up","value":"11.7","slugiddata":113121,"dKPIRSrs":false,"dNITIRSrs":true,"tps":"","dTHEMATICRSrs":false},{"_id":"113812","area":"IND007002","below":[],"indicator":12,"ius":"Home delivery conducted by skilled health personnel:Percent:Total","rank":5,"src":6,"subgrp":1,"top":[],"tp":"2014-2015","trend":"dn","value":"7.6","slugiddata":113812,"dKPIRSrs":false,"dNITIRSrs":true,"tps":"","dTHEMATICRSrs":false},{"_id":"114512","area":"IND007002","below":[],"indicator":12,"ius":"Home delivery conducted by skilled health personnel:Percent:Total","rank":7,"src":6,"subgrp":1,"top":[],"tp":"2015-2016","trend":"dn","value":"2.7","slugiddata":114512,"dKPIRSrs":false,"dNITIRSrs":true,"tps":"","dTHEMATICRSrs":false},{"_id":"115202","area":"IND007002","below":[],"indicator":12,"ius":"Home delivery conducted by skilled health personnel:Percent:Total","rank":8,"src":6,"subgrp":1,"top":[],"tp":"2016-2017","trend":"dn","value":"0.3","slugiddata":115202,"dKPIRSrs":false,"dNITIRSrs":true,"tps":"","dTHEMATICRSrs":false},{"_id":"122661","area":"IND007002","below":[],"indicator":92,"ius":"Women discharged in less than 48 hours of delivery to total reported deliveries at public institutions:Percent:Total","rank":4,"src":6,"subgrp":1,"top":[],"tp":"2009-2010","trend":"na","value":"66.8","slugiddata":122661,"dKPIRSrs":false,"dNITIRSrs":false,"tps":"","dTHEMATICRSrs":true},{"_id":"123333","area":"IND007002","below":[],"indicator":92,"ius":"Women discharged in less than 48 hours of delivery to total reported deliveries at public institutions:Percent:Total","rank":3,"src":6,"subgrp":1,"top":[],"tp":"2010-2011","trend":"up","value":"47.4","slugiddata":123333,"dKPIRSrs":false,"dNITIRSrs":false,"tps":"","dTHEMATICRSrs":true},{"_id":"124012","area":"IND007002","below":[],"indicator":92,"ius":"Women discharged in less than 48 hours of delivery to total reported deliveries at public institutions:Percent:Total","rank":3,"src":6,"subgrp":1,"top":[],"tp":"2011-2012","trend":"up","value":"38.9","slugiddata":124012,"dKPIRSrs":false,"dNITIRSrs":false,"tps":"","dTHEMATICRSrs":true},{"_id":"124704","area":"IND007002","below":[],"indicator":92,"ius":"Women discharged in less than 48 hours of delivery to total reported deliveries at public institutions:Percent:Total","rank":8,"src":6,"subgrp":1,"top":[],"tp":"2012-2013","trend":"dn","value":"67.1","slugiddata":124704,"dKPIRSrs":false,"dNITIRSrs":false,"tps":"","dTHEMATICRSrs":true},{"_id":"125404","area":"IND007002","below":[],"indicator":92,"ius":"Women discharged in less than 48 hours of delivery to total reported deliveries at public institutions:Percent:Total","rank":6,"src":6,"subgrp":1,"top":[],"tp":"2013-2014","trend":"up","value":"60.8","slugiddata":125404,"dKPIRSrs":false,"dNITIRSrs":false,"tps":"","dTHEMATICRSrs":true},{"_id":"126101","area":"IND007002","below":[],"indicator":92,"ius":"Women discharged in less than 48 hours of delivery to total reported deliveries at public institutions:Percent:Total","rank":7,"src":6,"subgrp":1,"top":[],"tp":"2014-2015","trend":"dn","value":"68.1","slugiddata":126101,"dKPIRSrs":false,"dNITIRSrs":false,"tps":"","dTHEMATICRSrs":true},{"_id":"126812","area":"IND007002","below":[],"indicator":92,"ius":"Women discharged in less than 48 hours of delivery to total reported deliveries at public institutions:Percent:Total","rank":6,"src":6,"subgrp":1,"top":[],"tp":"2015-2016","trend":"up","value":"57.3","slugiddata":126812,"dKPIRSrs":false,"dNITIRSrs":false,"tps":"","dTHEMATICRSrs":true},{"_id":"127525","area":"IND007002","below":[],"indicator":92,"ius":"Women discharged in less than 48 hours of delivery to total reported deliveries at public institutions:Percent:Total","rank":3,"src":6,"subgrp":1,"top":[],"tp":"2016-2017","trend":"up","value":"39.3","slugiddata":127525,"dKPIRSrs":false,"dNITIRSrs":false,"tps":"","dTHEMATICRSrs":true},{"_id":"135115","area":"IND007002","below":[],"indicator":93,"ius":"Home deliveries to total reported deliveries:Percent:Total","rank":4,"src":6,"subgrp":1,"top":[],"tp":"2009-2010","trend":"na","value":"4.8","slugiddata":135115,"dKPIRSrs":true,"dNITIRSrs":false,"tps":"","dTHEMATICRSrs":true},{"_id":"135787","area":"IND007002","below":[],"indicator":93,"ius":"Home deliveries to total reported deliveries:Percent:Total","rank":5,"src":6,"subgrp":1,"top":[],"tp":"2010-2011","trend":"dn","value":"5.0","slugiddata":135787,"dKPIRSrs":true,"dNITIRSrs":false,"tps":"","dTHEMATICRSrs":true},{"_id":"136466","area":"IND007002","below":[],"indicator":93,"ius":"Home deliveries to total reported deliveries:Percent:Total","rank":10,"src":6,"subgrp":1,"top":[],"tp":"2011-2012","trend":"dn","value":"14.7","slugiddata":136466,"dKPIRSrs":true,"dNITIRSrs":false,"tps":"","dTHEMATICRSrs":true},{"_id":"137158","area":"IND007002","below":[],"indicator":93,"ius":"Home deliveries to total reported deliveries:Percent:Total","rank":8,"src":6,"subgrp":1,"top":[],"tp":"2012-2013","trend":"dn","value":"16.2","slugiddata":137158,"dKPIRSrs":true,"dNITIRSrs":false,"tps":"","dTHEMATICRSrs":true},{"_id":"137858","area":"IND007002","below":[],"indicator":93,"ius":"Home deliveries to total reported deliveries:Percent:Total","rank":9,"src":6,"subgrp":1,"top":[],"tp":"2013-2014","trend":"dn","value":"17.1","slugiddata":137858,"dKPIRSrs":true,"dNITIRSrs":false,"tps":"","dTHEMATICRSrs":true},{"_id":"138555","area":"IND007002","below":[],"indicator":93,"ius":"Home deliveries to total reported deliveries:Percent:Total","rank":10,"src":6,"subgrp":1,"top":[],"tp":"2014-2015","trend":"dn","value":"24.9","slugiddata":138555,"dKPIRSrs":true,"dNITIRSrs":false,"tps":"","dTHEMATICRSrs":true},{"_id":"139266","area":"IND007002","below":[],"indicator":93,"ius":"Home deliveries to total reported deliveries:Percent:Total","rank":9,"src":6,"subgrp":1,"top":[],"tp":"2015-2016","trend":"eq","value":"24.9","slugiddata":139266,"dKPIRSrs":true,"dNITIRSrs":false,"tps":"","dTHEMATICRSrs":true},{"_id":"139979","area":"IND007002","below":[],"indicator":93,"ius":"Home deliveries to total reported deliveries:Percent:Total","rank":9,"src":6,"subgrp":1,"top":[],"tp":"2016-2017","trend":"dn","value":"27.1","slugiddata":139979,"dKPIRSrs":true,"dNITIRSrs":false,"tps":"","dTHEMATICRSrs":true},{"_id":"141341","area":"IND007002","below":[],"indicator":2,"ius":"Births delivered by caesarean section:Percent:Total","rank":6,"src":6,"subgrp":1,"top":[],"tp":"2009-2010","trend":"na","value":"24.5","slugiddata":141341,"dKPIRSrs":false,"dNITIRSrs":false,"tps":"","dTHEMATICRSrs":false},{"_id":"142013","area":"IND007002","below":[],"indicator":2,"ius":"Births delivered by caesarean section:Percent:Total","rank":4,"src":6,"subgrp":1,"top":[],"tp":"2010-2011","trend":"up","value":"28.0","slugiddata":142013,"dKPIRSrs":false,"dNITIRSrs":false,"tps":"","dTHEMATICRSrs":false},{"_id":"142692","area":"IND007002","below":[],"indicator":2,"ius":"Births delivered by caesarean section:Percent:Total","rank":11,"src":6,"subgrp":1,"top":[],"tp":"2011-2012","trend":"dn","value":"7.0","slugiddata":142692,"dKPIRSrs":false,"dNITIRSrs":false,"tps":"","dTHEMATICRSrs":false},{"_id":"143384","area":"IND007002","below":[],"indicator":2,"ius":"Births delivered by caesarean section:Percent:Total","rank":11,"src":6,"subgrp":1,"top":[],"tp":"2012-2013","trend":"dn","value":"6.6","slugiddata":143384,"dKPIRSrs":false,"dNITIRSrs":false,"tps":"","dTHEMATICRSrs":false},{"_id":"144084","area":"IND007002","below":[],"indicator":2,"ius":"Births delivered by caesarean section:Percent:Total","rank":11,"src":6,"subgrp":1,"top":[],"tp":"2013-2014","trend":"up","value":"7.4","slugiddata":144084,"dKPIRSrs":false,"dNITIRSrs":false,"tps":"","dTHEMATICRSrs":false},{"_id":"144781","area":"IND007002","below":[],"indicator":2,"ius":"Births delivered by caesarean section:Percent:Total","rank":11,"src":6,"subgrp":1,"top":[],"tp":"2014-2015","trend":"up","value":"10.3","slugiddata":144781,"dKPIRSrs":false,"dNITIRSrs":false,"tps":"","dTHEMATICRSrs":false},{"_id":"145492","area":"IND007002","below":[],"indicator":2,"ius":"Births delivered by caesarean section:Percent:Total","rank":11,"src":6,"subgrp":1,"top":[],"tp":"2015-2016","trend":"dn","value":"9.9","slugiddata":145492,"dKPIRSrs":false,"dNITIRSrs":false,"tps":"","dTHEMATICRSrs":false},{"_id":"146205","area":"IND007002","below":[],"indicator":2,"ius":"Births delivered by caesarean section:Percent:Total","rank":11,"src":6,"subgrp":1,"top":[],"tp":"2016-2017","trend":"dn","value":"9.5","slugiddata":146205,"dKPIRSrs":false,"dNITIRSrs":false,"tps":"","dTHEMATICRSrs":false},{"_id":"147568","area":"IND007002","below":[],"indicator":33,"ius":"Mothers who received post-natal check-up within 48 hrs. of delivery:Percent:Total","rank":5,"src":6,"subgrp":1,"top":[],"tp":"2009-2010","trend":"na","value":"83.6","slugiddata":147568,"dKPIRSrs":false,"dNITIRSrs":false,"tps":"","dTHEMATICRSrs":true},{"_id":"148240","area":"IND007002","below":[],"indicator":33,"ius":"Mothers who received post-natal check-up within 48 hrs. of delivery:Percent:Total","rank":7,"src":6,"subgrp":1,"top":[],"tp":"2010-2011","trend":"dn","value":"75.8","slugiddata":148240,"dKPIRSrs":false,"dNITIRSrs":false,"tps":"","dTHEMATICRSrs":true},{"_id":"148919","area":"IND007002","below":[],"indicator":33,"ius":"Mothers who received post-natal check-up within 48 hrs. of delivery:Percent:Total","rank":11,"src":6,"subgrp":1,"top":[],"tp":"2011-2012","trend":"dn","value":"60.9","slugiddata":148919,"dKPIRSrs":false,"dNITIRSrs":false,"tps":"","dTHEMATICRSrs":true},{"_id":"149611","area":"IND007002","below":[],"indicator":33,"ius":"Mothers who received post-natal check-up within 48 hrs. of delivery:Percent:Total","rank":7,"src":6,"subgrp":1,"top":[],"tp":"2012-2013","trend":"up","value":"84.6","slugiddata":149611,"dKPIRSrs":false,"dNITIRSrs":false,"tps":"","dTHEMATICRSrs":true},{"_id":"150311","area":"IND007002","below":[],"indicator":33,"ius":"Mothers who received post-natal check-up within 48 hrs. of delivery:Percent:Total","rank":6,"src":6,"subgrp":1,"top":[],"tp":"2013-2014","trend":"up","value":"91.0","slugiddata":150311,"dKPIRSrs":false,"dNITIRSrs":false,"tps":"","dTHEMATICRSrs":true},{"_id":"151008","area":"IND007002","below":[],"indicator":33,"ius":"Mothers who received post-natal check-up within 48 hrs. of delivery:Percent:Total","rank":3,"src":6,"subgrp":1,"top":[],"tp":"2014-2015","trend":"up","value":"93.9","slugiddata":151008,"dKPIRSrs":false,"dNITIRSrs":false,"tps":"","dTHEMATICRSrs":true},{"_id":"151719","area":"IND007002","below":[],"indicator":33,"ius":"Mothers who received post-natal check-up within 48 hrs. of delivery:Percent:Total","rank":2,"src":6,"subgrp":1,"top":[],"tp":"2015-2016","trend":"dn","value":"92.8","slugiddata":151719,"dKPIRSrs":false,"dNITIRSrs":false,"tps":"","dTHEMATICRSrs":true},{"_id":"152432","area":"IND007002","below":[],"indicator":33,"ius":"Mothers who received post-natal check-up within 48 hrs. of delivery:Percent:Total","rank":3,"src":6,"subgrp":1,"top":[],"tp":"2016-2017","trend":"dn","value":"90.2","slugiddata":152432,"dKPIRSrs":false,"dNITIRSrs":false,"tps":"","dTHEMATICRSrs":true},{"_id":"153784","area":"IND007002","below":[],"indicator":112,"ius":"Newborns having weight less than 2.5 kg to newborns weighed at birth:Percent:Total","rank":5,"src":6,"subgrp":1,"top":[],"tp":"2009-2010","trend":"na","value":"21.6","slugiddata":153784,"dKPIRSrs":true,"dNITIRSrs":true,"tps":"","dTHEMATICRSrs":false},{"_id":"154455","area":"IND007002","below":[],"indicator":112,"ius":"Newborns having weight less than 2.5 kg to newborns weighed at birth:Percent:Total","rank":6,"src":6,"subgrp":1,"top":[],"tp":"2010-2011","trend":"dn","value":"24.3","slugiddata":154455,"dKPIRSrs":true,"dNITIRSrs":true,"tps":"","dTHEMATICRSrs":false},{"_id":"155133","area":"IND007002","below":[],"indicator":112,"ius":"Newborns having weight less than 2.5 kg to newborns weighed at birth:Percent:Total","rank":7,"src":6,"subgrp":1,"top":[],"tp":"2011-2012","trend":"up","value":"23.2","slugiddata":155133,"dKPIRSrs":true,"dNITIRSrs":true,"tps":"","dTHEMATICRSrs":false},{"_id":"155825","area":"IND007002","below":[],"indicator":112,"ius":"Newborns having weight less than 2.5 kg to newborns weighed at birth:Percent:Total","rank":8,"src":6,"subgrp":1,"top":[],"tp":"2012-2013","trend":"dn","value":"24.0","slugiddata":155825,"dKPIRSrs":true,"dNITIRSrs":true,"tps":"","dTHEMATICRSrs":false},{"_id":"156525","area":"IND007002","below":[],"indicator":112,"ius":"Newborns having weight less than 2.5 kg to newborns weighed at birth:Percent:Total","rank":9,"src":6,"subgrp":1,"top":[],"tp":"2013-2014","trend":"up","value":"21.9","slugiddata":156525,"dKPIRSrs":true,"dNITIRSrs":true,"tps":"","dTHEMATICRSrs":false},{"_id":"157222","area":"IND007002","below":[],"indicator":112,"ius":"Newborns having weight less than 2.5 kg to newborns weighed at birth:Percent:Total","rank":7,"src":6,"subgrp":1,"top":[],"tp":"2014-2015","trend":"up","value":"20.8","slugiddata":157222,"dKPIRSrs":true,"dNITIRSrs":true,"tps":"","dTHEMATICRSrs":false},{"_id":"157933","area":"IND007002","below":[],"indicator":112,"ius":"Newborns having weight less than 2.5 kg to newborns weighed at birth:Percent:Total","rank":7,"src":6,"subgrp":1,"top":[],"tp":"2015-2016","trend":"up","value":"19.8","slugiddata":157933,"dKPIRSrs":true,"dNITIRSrs":true,"tps":"","dTHEMATICRSrs":false},{"_id":"158646","area":"IND007002","below":[],"indicator":112,"ius":"Newborns having weight less than 2.5 kg to newborns weighed at birth:Percent:Total","rank":7,"src":6,"subgrp":1,"top":[],"tp":"2016-2017","trend":"eq","value":"19.8","slugiddata":158646,"dKPIRSrs":true,"dNITIRSrs":true,"tps":"","dTHEMATICRSrs":false},{"_id":"160000","area":"IND007002","below":[],"indicator":111,"ius":"Newborns breastfed within 1 hour of birth to total live birth:Percent:Total","rank":3,"src":6,"subgrp":1,"top":[],"tp":"2009-2010","trend":"na","value":"75.8","slugiddata":160000,"dKPIRSrs":false,"dNITIRSrs":true,"tps":"","dTHEMATICRSrs":false},{"_id":"160672","area":"IND007002","below":[],"indicator":111,"ius":"Newborns breastfed within 1 hour of birth to total live birth:Percent:Total","rank":4,"src":6,"subgrp":1,"top":[],"tp":"2010-2011","trend":"dn","value":"63.7","slugiddata":160672,"dKPIRSrs":false,"dNITIRSrs":true,"tps":"","dTHEMATICRSrs":false},{"_id":"161351","area":"IND007002","below":[],"indicator":111,"ius":"Newborns breastfed within 1 hour of birth to total live birth:Percent:Total","rank":6,"src":6,"subgrp":1,"top":[],"tp":"2011-2012","trend":"up","value":"66.6","slugiddata":161351,"dKPIRSrs":false,"dNITIRSrs":true,"tps":"","dTHEMATICRSrs":false},{"_id":"162043","area":"IND007002","below":[],"indicator":111,"ius":"Newborns breastfed within 1 hour of birth to total live birth:Percent:Total","rank":2,"src":6,"subgrp":1,"top":[],"tp":"2012-2013","trend":"up","value":"80.3","slugiddata":162043,"dKPIRSrs":false,"dNITIRSrs":true,"tps":"","dTHEMATICRSrs":false},{"_id":"162743","area":"IND007002","below":[],"indicator":111,"ius":"Newborns breastfed within 1 hour of birth to total live birth:Percent:Total","rank":4,"src":6,"subgrp":1,"top":[],"tp":"2013-2014","trend":"dn","value":"79.7","slugiddata":162743,"dKPIRSrs":false,"dNITIRSrs":true,"tps":"","dTHEMATICRSrs":false},{"_id":"163440","area":"IND007002","below":[],"indicator":111,"ius":"Newborns breastfed within 1 hour of birth to total live birth:Percent:Total","rank":3,"src":6,"subgrp":1,"top":[],"tp":"2014-2015","trend":"up","value":"82.9","slugiddata":163440,"dKPIRSrs":false,"dNITIRSrs":true,"tps":"","dTHEMATICRSrs":false},{"_id":"164151","area":"IND007002","below":[],"indicator":111,"ius":"Newborns breastfed within 1 hour of birth to total live birth:Percent:Total","rank":1,"src":6,"subgrp":1,"top":[],"tp":"2015-2016","trend":"up","value":"83.5","slugiddata":164151,"dKPIRSrs":false,"dNITIRSrs":true,"tps":"","dTHEMATICRSrs":false},{"_id":"164864","area":"IND007002","below":[],"indicator":111,"ius":"Newborns breastfed within 1 hour of birth to total live birth:Percent:Total","rank":1,"src":6,"subgrp":1,"top":[],"tp":"2016-2017","trend":"up","value":"89.2","slugiddata":164864,"dKPIRSrs":false,"dNITIRSrs":true,"tps":"","dTHEMATICRSrs":false},{"_id":"166207","area":"IND007002","below":[],"indicator":94,"ius":"Newborns visited within 24hrs of home delivery to total reported home deliveries:Percent:Total","rank":1,"src":6,"subgrp":1,"top":[],"tp":"2009-2010","trend":"na","value":"28.6","slugiddata":166207,"dKPIRSrs":false,"dNITIRSrs":false,"tps":"","dTHEMATICRSrs":false},{"_id":"166871","area":"IND007002","below":[],"indicator":94,"ius":"Newborns visited within 24hrs of home delivery to total reported home deliveries:Percent:Total","rank":4,"src":6,"subgrp":1,"top":[],"tp":"2010-2011","trend":"dn","value":"23.3","slugiddata":166871,"dKPIRSrs":false,"dNITIRSrs":false,"tps":"","dTHEMATICRSrs":false},{"_id":"167543","area":"IND007002","below":[],"indicator":94,"ius":"Newborns visited within 24hrs of home delivery to total reported home deliveries:Percent:Total","rank":11,"src":6,"subgrp":1,"top":[],"tp":"2011-2012","trend":"dn","value":"3.7","slugiddata":167543,"dKPIRSrs":false,"dNITIRSrs":false,"tps":"","dTHEMATICRSrs":false},{"_id":"168233","area":"IND007002","below":[],"indicator":94,"ius":"Newborns visited within 24hrs of home delivery to total reported home deliveries:Percent:Total","rank":10,"src":6,"subgrp":1,"top":[],"tp":"2012-2013","trend":"up","value":"6.9","slugiddata":168233,"dKPIRSrs":false,"dNITIRSrs":false,"tps":"","dTHEMATICRSrs":false},{"_id":"168929","area":"IND007002","below":[],"indicator":94,"ius":"Newborns visited within 24hrs of home delivery to total reported home deliveries:Percent:Total","rank":9,"src":6,"subgrp":1,"top":[],"tp":"2013-2014","trend":"up","value":"27.2","slugiddata":168929,"dKPIRSrs":false,"dNITIRSrs":false,"tps":"","dTHEMATICRSrs":false},{"_id":"169620","area":"IND007002","below":[],"indicator":94,"ius":"Newborns visited within 24hrs of home delivery to total reported home deliveries:Percent:Total","rank":9,"src":6,"subgrp":1,"top":[],"tp":"2014-2015","trend":"up","value":"42.8","slugiddata":169620,"dKPIRSrs":false,"dNITIRSrs":false,"tps":"","dTHEMATICRSrs":false},{"_id":"170320","area":"IND007002","below":[],"indicator":94,"ius":"Newborns visited within 24hrs of home delivery to total reported home deliveries:Percent:Total","rank":9,"src":6,"subgrp":1,"top":[],"tp":"2015-2016","trend":"up","value":"48.3","slugiddata":170320,"dKPIRSrs":false,"dNITIRSrs":false,"tps":"","dTHEMATICRSrs":false},{"_id":"171010","area":"IND007002","below":[],"indicator":94,"ius":"Newborns visited within 24hrs of home delivery to total reported home deliveries:Percent:Total","rank":7,"src":6,"subgrp":1,"top":[],"tp":"2016-2017","trend":"up","value":"50.0","slugiddata":171010,"dKPIRSrs":false,"dNITIRSrs":false,"tps":"","dTHEMATICRSrs":false},{"_id":"177921","area":"IND007002","below":[],"indicator":96,"ius":"MTPs conducted at public institutions to total MTPs:Percent:Total","rank":4,"src":6,"subgrp":1,"top":[],"tp":"2009-2010","trend":"na","value":"54.6","slugiddata":177921,"dKPIRSrs":false,"dNITIRSrs":false,"tps":"","dTHEMATICRSrs":true},{"_id":"178564","area":"IND007002","below":[],"indicator":96,"ius":"MTPs conducted at public institutions to total MTPs:Percent:Total","rank":4,"src":6,"subgrp":1,"top":[],"tp":"2010-2011","trend":"up","value":"67.9","slugiddata":178564,"dKPIRSrs":false,"dNITIRSrs":false,"tps":"","dTHEMATICRSrs":true},{"_id":"179209","area":"IND007002","below":[],"indicator":96,"ius":"MTPs conducted at public institutions to total MTPs:Percent:Total","rank":2,"src":6,"subgrp":1,"top":[],"tp":"2011-2012","trend":"up","value":"84.2","slugiddata":179209,"dKPIRSrs":false,"dNITIRSrs":false,"tps":"","dTHEMATICRSrs":true},{"_id":"179872","area":"IND007002","below":[],"indicator":96,"ius":"MTPs conducted at public institutions to total MTPs:Percent:Total","rank":2,"src":6,"subgrp":1,"top":[],"tp":"2012-2013","trend":"up","value":"84.3","slugiddata":179872,"dKPIRSrs":false,"dNITIRSrs":false,"tps":"","dTHEMATICRSrs":true},{"_id":"180531","area":"IND007002","below":[],"indicator":96,"ius":"MTPs conducted at public institutions to total MTPs:Percent:Total","rank":3,"src":6,"subgrp":1,"top":[],"tp":"2013-2014","trend":"dn","value":"58.6","slugiddata":180531,"dKPIRSrs":false,"dNITIRSrs":false,"tps":"","dTHEMATICRSrs":true},{"_id":"181197","area":"IND007002","below":[],"indicator":96,"ius":"MTPs conducted at public institutions to total MTPs:Percent:Total","rank":5,"src":6,"subgrp":1,"top":[],"tp":"2014-2015","trend":"dn","value":"44.8","slugiddata":181197,"dKPIRSrs":false,"dNITIRSrs":false,"tps":"","dTHEMATICRSrs":true},{"_id":"181875","area":"IND007002","below":[],"indicator":96,"ius":"MTPs conducted at public institutions to total MTPs:Percent:Total","rank":6,"src":6,"subgrp":1,"top":[],"tp":"2015-2016","trend":"dn","value":"41.5","slugiddata":181875,"dKPIRSrs":false,"dNITIRSrs":false,"tps":"","dTHEMATICRSrs":true},{"_id":"182555","area":"IND007002","below":[],"indicator":96,"ius":"MTPs conducted at public institutions to total MTPs:Percent:Total","rank":6,"src":6,"subgrp":1,"top":[],"tp":"2016-2017","trend":"dn","value":"37.2","slugiddata":182555,"dKPIRSrs":false,"dNITIRSrs":false,"tps":"","dTHEMATICRSrs":true},{"_id":"189773","area":"IND007002","below":[],"indicator":98,"ius":"Male sterilization (vasectomies) to total sterilization:Percent:Total","rank":1,"src":6,"subgrp":1,"top":[],"tp":"2009-2010","trend":"na","value":"51.5","slugiddata":189773,"dKPIRSrs":false,"dNITIRSrs":false,"tps":"","dTHEMATICRSrs":true},{"_id":"190437","area":"IND007002","below":[],"indicator":98,"ius":"Male sterilization (vasectomies) to total sterilization:Percent:Total","rank":2,"src":6,"subgrp":1,"top":[],"tp":"2010-2011","trend":"dn","value":"33.9","slugiddata":190437,"dKPIRSrs":false,"dNITIRSrs":false,"tps":"","dTHEMATICRSrs":true},{"_id":"191104","area":"IND007002","below":[],"indicator":98,"ius":"Male sterilization (vasectomies) to total sterilization:Percent:Total","rank":8,"src":6,"subgrp":1,"top":[],"tp":"2011-2012","trend":"dn","value":"3.5","slugiddata":191104,"dKPIRSrs":false,"dNITIRSrs":false,"tps":"","dTHEMATICRSrs":true},{"_id":"191784","area":"IND007002","below":[],"indicator":98,"ius":"Male sterilization (vasectomies) to total sterilization:Percent:Total","rank":11,"src":6,"subgrp":1,"top":[],"tp":"2012-2013","trend":"dn","value":"0.6","slugiddata":191784,"dKPIRSrs":false,"dNITIRSrs":false,"tps":"","dTHEMATICRSrs":true},{"_id":"192472","area":"IND007002","below":[],"indicator":98,"ius":"Male sterilization (vasectomies) to total sterilization:Percent:Total","rank":11,"src":6,"subgrp":1,"top":[],"tp":"2013-2014","trend":"dn","value":"0.0","slugiddata":192472,"dKPIRSrs":false,"dNITIRSrs":false,"tps":"","dTHEMATICRSrs":true},{"_id":"193155","area":"IND007002","below":[],"indicator":98,"ius":"Male sterilization (vasectomies) to total sterilization:Percent:Total","rank":6,"src":6,"subgrp":1,"top":[],"tp":"2014-2015","trend":"up","value":"2.7","slugiddata":193155,"dKPIRSrs":false,"dNITIRSrs":false,"tps":"","dTHEMATICRSrs":true},{"_id":"193851","area":"IND007002","below":[],"indicator":98,"ius":"Male sterilization (vasectomies) to total sterilization:Percent:Total","rank":4,"src":6,"subgrp":1,"top":[],"tp":"2015-2016","trend":"up","value":"7.4","slugiddata":193851,"dKPIRSrs":false,"dNITIRSrs":false,"tps":"","dTHEMATICRSrs":true},{"_id":"194546","area":"IND007002","below":[],"indicator":98,"ius":"Male sterilization (vasectomies) to total sterilization:Percent:Total","rank":5,"src":6,"subgrp":1,"top":[],"tp":"2016-2017","trend":"dn","value":"3.8","slugiddata":194546,"dKPIRSrs":false,"dNITIRSrs":false,"tps":"","dTHEMATICRSrs":true},{"_id":"195871","area":"IND007002","below":[],"indicator":99,"ius":"Post partum sterilizations to total female sterilizations:Percent:Total","rank":5,"src":6,"subgrp":1,"top":[],"tp":"2009-2010","trend":"na","value":"14.3","slugiddata":195871,"dKPIRSrs":false,"dNITIRSrs":false,"tps":"","dTHEMATICRSrs":false},{"_id":"196533","area":"IND007002","below":[],"indicator":99,"ius":"Post partum sterilizations to total female sterilizations:Percent:Total","rank":3,"src":6,"subgrp":1,"top":[],"tp":"2010-2011","trend":"dn","value":"17.0","slugiddata":196533,"dKPIRSrs":false,"dNITIRSrs":false,"tps":"","dTHEMATICRSrs":false},{"_id":"197196","area":"IND007002","below":[],"indicator":99,"ius":"Post partum sterilizations to total female sterilizations:Percent:Total","rank":1,"src":6,"subgrp":1,"top":[],"tp":"2011-2012","trend":"up","value":"8.2","slugiddata":197196,"dKPIRSrs":false,"dNITIRSrs":false,"tps":"","dTHEMATICRSrs":false},{"_id":"197876","area":"IND007002","below":[],"indicator":99,"ius":"Post partum sterilizations to total female sterilizations:Percent:Total","rank":11,"src":6,"subgrp":1,"top":[],"tp":"2012-2013","trend":"dn","value":"34.8","slugiddata":197876,"dKPIRSrs":false,"dNITIRSrs":false,"tps":"","dTHEMATICRSrs":false},{"_id":"198563","area":"IND007002","below":[],"indicator":99,"ius":"Post partum sterilizations to total female sterilizations:Percent:Total","rank":6,"src":6,"subgrp":1,"top":[],"tp":"2013-2014","trend":"up","value":"22.7","slugiddata":198563,"dKPIRSrs":false,"dNITIRSrs":false,"tps":"","dTHEMATICRSrs":false},{"_id":"199246","area":"IND007002","below":[],"indicator":99,"ius":"Post partum sterilizations to total female sterilizations:Percent:Total","rank":2,"src":6,"subgrp":1,"top":[],"tp":"2014-2015","trend":"up","value":"11.4","slugiddata":199246,"dKPIRSrs":false,"dNITIRSrs":false,"tps":"","dTHEMATICRSrs":false},{"_id":"199942","area":"IND007002","below":[],"indicator":99,"ius":"Post partum sterilizations to total female sterilizations:Percent:Total","rank":3,"src":6,"subgrp":1,"top":[],"tp":"2015-2016","trend":"dn","value":"15.0","slugiddata":199942,"dKPIRSrs":false,"dNITIRSrs":false,"tps":"","dTHEMATICRSrs":false},{"_id":"200635","area":"IND007002","below":[],"indicator":99,"ius":"Post partum sterilizations to total female sterilizations:Percent:Total","rank":7,"src":6,"subgrp":1,"top":[],"tp":"2016-2017","trend":"dn","value":"28.0","slugiddata":200635,"dKPIRSrs":false,"dNITIRSrs":false,"tps":"","dTHEMATICRSrs":false},{"_id":"208214","area":"IND007002","below":[],"indicator":101,"ius":"IUCD insertions in public plus private institutions to all family planning methods ( IUCD plus permanent):Percent:Total","rank":6,"src":6,"subgrp":1,"top":[],"tp":"2009-2010","trend":"na","value":"60.5","slugiddata":208214,"dKPIRSrs":false,"dNITIRSrs":false,"tps":"","dTHEMATICRSrs":true},{"_id":"208886","area":"IND007002","below":[],"indicator":101,"ius":"IUCD insertions in public plus private institutions to all family planning methods ( IUCD plus permanent):Percent:Total","rank":4,"src":6,"subgrp":1,"top":[],"tp":"2010-2011","trend":"up","value":"70.9","slugiddata":208886,"dKPIRSrs":false,"dNITIRSrs":false,"tps":"","dTHEMATICRSrs":true},{"_id":"209565","area":"IND007002","below":[],"indicator":101,"ius":"IUCD insertions in public plus private institutions to all family planning methods ( IUCD plus permanent):Percent:Total","rank":2,"src":6,"subgrp":1,"top":[],"tp":"2011-2012","trend":"up","value":"92.8","slugiddata":209565,"dKPIRSrs":false,"dNITIRSrs":false,"tps":"","dTHEMATICRSrs":true},{"_id":"210256","area":"IND007002","below":[],"indicator":101,"ius":"IUCD insertions in public plus private institutions to all family planning methods ( IUCD plus permanent):Percent:Total","rank":3,"src":6,"subgrp":1,"top":[],"tp":"2012-2013","trend":"dn","value":"89.8","slugiddata":210256,"dKPIRSrs":false,"dNITIRSrs":false,"tps":"","dTHEMATICRSrs":true},{"_id":"210956","area":"IND007002","below":[],"indicator":101,"ius":"IUCD insertions in public plus private institutions to all family planning methods ( IUCD plus permanent):Percent:Total","rank":3,"src":6,"subgrp":1,"top":[],"tp":"2013-2014","trend":"up","value":"94.3","slugiddata":210956,"dKPIRSrs":false,"dNITIRSrs":false,"tps":"","dTHEMATICRSrs":true},{"_id":"211652","area":"IND007002","below":[],"indicator":101,"ius":"IUCD insertions in public plus private institutions to all family planning methods ( IUCD plus permanent):Percent:Total","rank":3,"src":6,"subgrp":1,"top":[],"tp":"2014-2015","trend":"up","value":"95.7","slugiddata":211652,"dKPIRSrs":false,"dNITIRSrs":false,"tps":"","dTHEMATICRSrs":true},{"_id":"212363","area":"IND007002","below":[],"indicator":101,"ius":"IUCD insertions in public plus private institutions to all family planning methods ( IUCD plus permanent):Percent:Total","rank":3,"src":6,"subgrp":1,"top":[],"tp":"2015-2016","trend":"dn","value":"94.6","slugiddata":212363,"dKPIRSrs":false,"dNITIRSrs":false,"tps":"","dTHEMATICRSrs":true},{"_id":"213076","area":"IND007002","below":[],"indicator":101,"ius":"IUCD insertions in public plus private institutions to all family planning methods ( IUCD plus permanent):Percent:Total","rank":2,"src":6,"subgrp":1,"top":[],"tp":"2016-2017","trend":"up","value":"96.8","slugiddata":213076,"dKPIRSrs":false,"dNITIRSrs":false,"tps":"","dTHEMATICRSrs":true},{"_id":"214430","area":"IND007002","below":[],"indicator":102,"ius":"Newborns given BCG to reported live birth:Percent:Total","rank":7,"src":6,"subgrp":1,"top":[],"tp":"2009-2010","trend":"na","value":"133.4","slugiddata":214430,"dKPIRSrs":false,"dNITIRSrs":false,"tps":"","dTHEMATICRSrs":true},{"_id":"215102","area":"IND007002","below":[],"indicator":102,"ius":"Newborns given BCG to reported live birth:Percent:Total","rank":7,"src":6,"subgrp":1,"top":[],"tp":"2010-2011","trend":"dn","value":"115.2","slugiddata":215102,"dKPIRSrs":false,"dNITIRSrs":false,"tps":"","dTHEMATICRSrs":true},{"_id":"215781","area":"IND007002","below":[],"indicator":102,"ius":"Newborns given BCG to reported live birth:Percent:Total","rank":3,"src":6,"subgrp":1,"top":[],"tp":"2011-2012","trend":"up","value":"189.6","slugiddata":215781,"dKPIRSrs":false,"dNITIRSrs":false,"tps":"","dTHEMATICRSrs":true},{"_id":"216473","area":"IND007002","below":[],"indicator":102,"ius":"Newborns given BCG to reported live birth:Percent:Total","rank":2,"src":6,"subgrp":1,"top":[],"tp":"2012-2013","trend":"up","value":"195.6","slugiddata":216473,"dKPIRSrs":false,"dNITIRSrs":false,"tps":"","dTHEMATICRSrs":true},{"_id":"217173","area":"IND007002","below":[],"indicator":102,"ius":"Newborns given BCG to reported live birth:Percent:Total","rank":2,"src":6,"subgrp":1,"top":[],"tp":"2013-2014","trend":"dn","value":"182.7","slugiddata":217173,"dKPIRSrs":false,"dNITIRSrs":false,"tps":"","dTHEMATICRSrs":true},{"_id":"217870","area":"IND007002","below":[],"indicator":102,"ius":"Newborns given BCG to reported live birth:Percent:Total","rank":2,"src":6,"subgrp":1,"top":[],"tp":"2014-2015","trend":"dn","value":"176.8","slugiddata":217870,"dKPIRSrs":false,"dNITIRSrs":false,"tps":"","dTHEMATICRSrs":true},{"_id":"218581","area":"IND007002","below":[],"indicator":102,"ius":"Newborns given BCG to reported live birth:Percent:Total","rank":2,"src":6,"subgrp":1,"top":[],"tp":"2015-2016","trend":"dn","value":"165.9","slugiddata":218581,"dKPIRSrs":false,"dNITIRSrs":false,"tps":"","dTHEMATICRSrs":true},{"_id":"219294","area":"IND007002","below":[],"indicator":102,"ius":"Newborns given BCG to reported live birth:Percent:Total","rank":2,"src":6,"subgrp":1,"top":[],"tp":"2016-2017","trend":"dn","value":"155.8","slugiddata":219294,"dKPIRSrs":false,"dNITIRSrs":false,"tps":"","dTHEMATICRSrs":true},{"_id":"220648","area":"IND007002","below":[],"indicator":103,"ius":"Infants 0 to 11 months old who received measles vaccine to reported live births:Percent:Total","rank":6,"src":6,"subgrp":1,"top":[],"tp":"2009-2010","trend":"na","value":"97.8","slugiddata":220648,"dKPIRSrs":false,"dNITIRSrs":false,"tps":"","dTHEMATICRSrs":true},{"_id":"221320","area":"IND007002","below":[],"indicator":103,"ius":"Infants 0 to 11 months old who received measles vaccine to reported live births:Percent:Total","rank":6,"src":6,"subgrp":1,"top":[],"tp":"2010-2011","trend":"dn","value":"72.1","slugiddata":221320,"dKPIRSrs":false,"dNITIRSrs":false,"tps":"","dTHEMATICRSrs":true},{"_id":"221999","area":"IND007002","below":[],"indicator":103,"ius":"Infants 0 to 11 months old who received measles vaccine to reported live births:Percent:Total","rank":4,"src":6,"subgrp":1,"top":[],"tp":"2011-2012","trend":"up","value":"186.7","slugiddata":221999,"dKPIRSrs":false,"dNITIRSrs":false,"tps":"","dTHEMATICRSrs":true},{"_id":"222691","area":"IND007002","below":[],"indicator":103,"ius":"Infants 0 to 11 months old who received measles vaccine to reported live births:Percent:Total","rank":3,"src":6,"subgrp":1,"top":[],"tp":"2012-2013","trend":"up","value":"209.0","slugiddata":222691,"dKPIRSrs":false,"dNITIRSrs":false,"tps":"","dTHEMATICRSrs":true},{"_id":"223391","area":"IND007002","below":[],"indicator":103,"ius":"Infants 0 to 11 months old who received measles vaccine to reported live births:Percent:Total","rank":3,"src":6,"subgrp":1,"top":[],"tp":"2013-2014","trend":"up","value":"224.5","slugiddata":223391,"dKPIRSrs":false,"dNITIRSrs":false,"tps":"","dTHEMATICRSrs":true},{"_id":"224088","area":"IND007002","below":[],"indicator":103,"ius":"Infants 0 to 11 months old who received measles vaccine to reported live births:Percent:Total","rank":2,"src":6,"subgrp":1,"top":[],"tp":"2014-2015","trend":"up","value":"271.9","slugiddata":224088,"dKPIRSrs":false,"dNITIRSrs":false,"tps":"","dTHEMATICRSrs":true},{"_id":"224799","area":"IND007002","below":[],"indicator":103,"ius":"Infants 0 to 11 months old who received measles vaccine to reported live births:Percent:Total","rank":3,"src":6,"subgrp":1,"top":[],"tp":"2015-2016","trend":"dn","value":"258.6","slugiddata":224799,"dKPIRSrs":false,"dNITIRSrs":false,"tps":"","dTHEMATICRSrs":true},{"_id":"225512","area":"IND007002","below":[],"indicator":103,"ius":"Infants 0 to 11 months old who received measles vaccine to reported live births:Percent:Total","rank":3,"src":6,"subgrp":1,"top":[],"tp":"2016-2017","trend":"up","value":"265.4","slugiddata":225512,"dKPIRSrs":false,"dNITIRSrs":false,"tps":"","dTHEMATICRSrs":true},{"_id":"232976","area":"IND007002","below":[],"indicator":14,"ius":"Institutional delivery:Percent:Total","rank":4,"src":6,"subgrp":1,"top":[],"tp":"2009-2010","trend":"na","value":"95.2","slugiddata":232976,"dKPIRSrs":false,"dNITIRSrs":false,"tps":"","dTHEMATICRSrs":false},{"_id":"233648","area":"IND007002","below":[],"indicator":14,"ius":"Institutional delivery:Percent:Total","rank":5,"src":6,"subgrp":1,"top":[],"tp":"2010-2011","trend":"dn","value":"95.0","slugiddata":233648,"dKPIRSrs":false,"dNITIRSrs":false,"tps":"","dTHEMATICRSrs":false},{"_id":"234327","area":"IND007002","below":[],"indicator":14,"ius":"Institutional delivery:Percent:Total","rank":10,"src":6,"subgrp":1,"top":[],"tp":"2011-2012","trend":"dn","value":"85.3","slugiddata":234327,"dKPIRSrs":false,"dNITIRSrs":false,"tps":"","dTHEMATICRSrs":false},{"_id":"235019","area":"IND007002","below":[],"indicator":14,"ius":"Institutional delivery:Percent:Total","rank":8,"src":6,"subgrp":1,"top":[],"tp":"2012-2013","trend":"dn","value":"83.8","slugiddata":235019,"dKPIRSrs":false,"dNITIRSrs":false,"tps":"","dTHEMATICRSrs":false},{"_id":"235719","area":"IND007002","below":[],"indicator":14,"ius":"Institutional delivery:Percent:Total","rank":9,"src":6,"subgrp":1,"top":[],"tp":"2013-2014","trend":"dn","value":"82.9","slugiddata":235719,"dKPIRSrs":false,"dNITIRSrs":false,"tps":"","dTHEMATICRSrs":false},{"_id":"236416","area":"IND007002","below":[],"indicator":14,"ius":"Institutional delivery:Percent:Total","rank":10,"src":6,"subgrp":1,"top":[],"tp":"2014-2015","trend":"dn","value":"75.1","slugiddata":236416,"dKPIRSrs":false,"dNITIRSrs":false,"tps":"","dTHEMATICRSrs":false},{"_id":"237127","area":"IND007002","below":[],"indicator":14,"ius":"Institutional delivery:Percent:Total","rank":9,"src":6,"subgrp":1,"top":[],"tp":"2015-2016","trend":"eq","value":"75.1","slugiddata":237127,"dKPIRSrs":false,"dNITIRSrs":false,"tps":"","dTHEMATICRSrs":false},{"_id":"237840","area":"IND007002","below":[],"indicator":14,"ius":"Institutional delivery:Percent:Total","rank":9,"src":6,"subgrp":1,"top":[],"tp":"2016-2017","trend":"dn","value":"72.9","slugiddata":237840,"dKPIRSrs":false,"dNITIRSrs":false,"tps":"","dTHEMATICRSrs":false},{"_id":"239202","area":"IND007002","below":[],"indicator":11,"ius":"Institutional delivery in public/government health facility:Percent:Total","rank":5,"src":6,"subgrp":1,"top":[],"tp":"2009-2010","trend":"na","value":"58.1","slugiddata":239202,"dKPIRSrs":false,"dNITIRSrs":false,"tps":"","dTHEMATICRSrs":false},{"_id":"239874","area":"IND007002","below":[],"indicator":11,"ius":"Institutional delivery in public/government health facility:Percent:Total","rank":9,"src":6,"subgrp":1,"top":[],"tp":"2010-2011","trend":"dn","value":"54.5","slugiddata":239874,"dKPIRSrs":false,"dNITIRSrs":false,"tps":"","dTHEMATICRSrs":false},{"_id":"240553","area":"IND007002","below":[],"indicator":11,"ius":"Institutional delivery in public/government health facility:Percent:Total","rank":2,"src":6,"subgrp":1,"top":[],"tp":"2011-2012","trend":"up","value":"96.6","slugiddata":240553,"dKPIRSrs":false,"dNITIRSrs":false,"tps":"","dTHEMATICRSrs":false},{"_id":"241245","area":"IND007002","below":[],"indicator":11,"ius":"Institutional delivery in public/government health facility:Percent:Total","rank":2,"src":6,"subgrp":1,"top":[],"tp":"2012-2013","trend":"eq","value":"96.6","slugiddata":241245,"dKPIRSrs":false,"dNITIRSrs":false,"tps":"","dTHEMATICRSrs":false},{"_id":"241945","area":"IND007002","below":[],"indicator":11,"ius":"Institutional delivery in public/government health facility:Percent:Total","rank":2,"src":6,"subgrp":1,"top":[],"tp":"2013-2014","trend":"dn","value":"95.6","slugiddata":241945,"dKPIRSrs":false,"dNITIRSrs":false,"tps":"","dTHEMATICRSrs":false},{"_id":"242642","area":"IND007002","below":[],"indicator":11,"ius":"Institutional delivery in public/government health facility:Percent:Total","rank":5,"src":6,"subgrp":1,"top":[],"tp":"2014-2015","trend":"dn","value":"86.3","slugiddata":242642,"dKPIRSrs":false,"dNITIRSrs":false,"tps":"","dTHEMATICRSrs":false},{"_id":"243353","area":"IND007002","below":[],"indicator":11,"ius":"Institutional delivery in public/government health facility:Percent:Total","rank":4,"src":6,"subgrp":1,"top":[],"tp":"2015-2016","trend":"up","value":"89.8","slugiddata":243353,"dKPIRSrs":false,"dNITIRSrs":false,"tps":"","dTHEMATICRSrs":false},{"_id":"244066","area":"IND007002","below":[],"indicator":11,"ius":"Institutional delivery in public/government health facility:Percent:Total","rank":4,"src":6,"subgrp":1,"top":[],"tp":"2016-2017","trend":"dn","value":"89.6","slugiddata":244066,"dKPIRSrs":false,"dNITIRSrs":false,"tps":"","dTHEMATICRSrs":false},{"_id":"251376","area":"IND007002","below":[],"indicator":105,"ius":"Adolescent counselled:Number:Total","rank":4,"src":6,"subgrp":1,"top":[],"tp":"2009-2010","trend":"na","value":"986.0","slugiddata":251376,"dKPIRSrs":false,"dNITIRSrs":false,"tps":"","dTHEMATICRSrs":true},{"_id":"251856","area":"IND007002","below":[],"indicator":105,"ius":"Adolescent counselled:Number:Total","rank":7,"src":6,"subgrp":1,"top":[],"tp":"2010-2011","trend":"up","value":"1253.0","slugiddata":251856,"dKPIRSrs":false,"dNITIRSrs":false,"tps":"","dTHEMATICRSrs":true},{"_id":"252403","area":"IND007002","below":[],"indicator":105,"ius":"Adolescent counselled:Number:Total","rank":6,"src":6,"subgrp":1,"top":[],"tp":"2011-2012","trend":"up","value":"2265.0","slugiddata":252403,"dKPIRSrs":false,"dNITIRSrs":false,"tps":"","dTHEMATICRSrs":true},{"_id":"253025","area":"IND007002","below":[],"indicator":105,"ius":"Adolescent counselled:Number:Total","rank":4,"src":6,"subgrp":1,"top":[],"tp":"2012-2013","trend":"up","value":"10619.0","slugiddata":253025,"dKPIRSrs":false,"dNITIRSrs":false,"tps":"","dTHEMATICRSrs":true},{"_id":"253686","area":"IND007002","below":[],"indicator":105,"ius":"Adolescent counselled:Number:Total","rank":3,"src":6,"subgrp":1,"top":[],"tp":"2013-2014","trend":"dn","value":"7594.0","slugiddata":253686,"dKPIRSrs":false,"dNITIRSrs":false,"tps":"","dTHEMATICRSrs":true},{"_id":"254377","area":"IND007002","below":[],"indicator":105,"ius":"Adolescent counselled:Number:Total","rank":3,"src":6,"subgrp":1,"top":[],"tp":"2014-2015","trend":"up","value":"8156.0","slugiddata":254377,"dKPIRSrs":false,"dNITIRSrs":false,"tps":"","dTHEMATICRSrs":true},{"_id":"255086","area":"IND007002","below":[],"indicator":105,"ius":"Adolescent counselled:Number:Total","rank":3,"src":6,"subgrp":1,"top":[],"tp":"2015-2016","trend":"dn","value":"6978.0","slugiddata":255086,"dKPIRSrs":false,"dNITIRSrs":false,"tps":"","dTHEMATICRSrs":true},{"_id":"255796","area":"IND007002","below":[],"indicator":105,"ius":"Adolescent counselled:Number:Total","rank":3,"src":6,"subgrp":1,"top":[],"tp":"2016-2017","trend":"up","value":"8689.0","slugiddata":255796,"dKPIRSrs":false,"dNITIRSrs":false,"tps":"","dTHEMATICRSrs":true},{"_id":"262744","area":"IND007002","below":[],"indicator":88,"ius":"1st trimester registration to total ANC registrations:Percent:Total","rank":4,"src":6,"subgrp":1,"top":[],"tp":"2017-2018","trend":"up","value":"42.8","slugiddata":262744,"dKPIRSrs":false,"dNITIRSrs":true,"tps":"","dTHEMATICRSrs":false},{"_id":"263480","area":"IND007002","below":[],"indicator":48,"ius":"Mothers who had at least 4 antenatal care visits:Percent:Total","rank":1,"src":6,"subgrp":1,"top":[],"tp":"2017-2018","trend":"na","value":"74.7","slugiddata":263480,"dKPIRSrs":false,"dNITIRSrs":true,"tps":"","dTHEMATICRSrs":false},{"_id":"264216","area":"IND007002","below":[],"indicator":12,"ius":"Home delivery conducted by skilled health personnel:Percent:Total","rank":9,"src":6,"subgrp":1,"top":[],"tp":"2017-2018","trend":"dn","value":"0.2","slugiddata":264216,"dKPIRSrs":false,"dNITIRSrs":true,"tps":"","dTHEMATICRSrs":false},{"_id":"264943","area":"IND007002","below":[],"indicator":112,"ius":"Newborns having weight less than 2.5 kg to newborns weighed at birth:Percent:Total","rank":6,"src":6,"subgrp":1,"top":[],"tp":"2017-2018","trend":"up","value":"18.0","slugiddata":264943,"dKPIRSrs":true,"dNITIRSrs":true,"tps":"","dTHEMATICRSrs":false},{"_id":"265679","area":"IND007002","below":[],"indicator":111,"ius":"Newborns breastfed within 1 hour of birth to total live birth:Percent:Total","rank":2,"src":6,"subgrp":1,"top":[],"tp":"2017-2018","trend":"dn","value":"88.0","slugiddata":265679,"dKPIRSrs":false,"dNITIRSrs":true,"tps":"","dTHEMATICRSrs":false},{"_id":"266415","area":"IND007002","below":[],"indicator":109,"ius":"Percentage of institutional deliveries out of total ANC registration:Percent:Total","rank":9,"src":6,"subgrp":1,"top":[],"tp":"2017-2018","trend":"up","value":"16.0","slugiddata":266415,"dKPIRSrs":false,"dNITIRSrs":true,"tps":"","dTHEMATICRSrs":false},{"_id":"267151","area":"IND007002","below":[],"indicator":108,"ius":"Percentage of PW having Hb level<11 (tested cases) (7.1 to 10.9) against total ANC registration:Percent:Total","rank":7,"src":6,"subgrp":1,"top":[],"tp":"2017-2018","trend":"up","value":"33.0","slugiddata":267151,"dKPIRSrs":false,"dNITIRSrs":true,"tps":"","dTHEMATICRSrs":false},{"_id":"267887","area":"IND007002","below":[],"indicator":113,"ius":"Percentage of PW having Hb level<7 (tested cases) against total ANC registration:Percent:Total","rank":6,"src":6,"subgrp":1,"top":[],"tp":"2017-2018","trend":"up","value":"1.3","slugiddata":267887,"dKPIRSrs":false,"dNITIRSrs":true,"tps":"","dTHEMATICRSrs":false},{"_id":"268623","area":"IND007002","below":[],"indicator":110,"ius":"Proportion of live babies weighed at birth:Percent:Total","rank":7,"src":6,"subgrp":1,"top":[],"tp":"2017-2018","trend":"up","value":"96.2","slugiddata":268623,"dKPIRSrs":false,"dNITIRSrs":true,"tps":"","dTHEMATICRSrs":false},{"_id":"270006","area":"IND007002","below":[],"indicator":108,"ius":"Percentage of PW having Hb level<11 (tested cases) (7.1 to 10.9) against total ANC registration:Percent:Total","rank":8,"src":6,"subgrp":1,"top":[],"tp":"2009-2010","trend":"na","value":"41.5","slugiddata":270006,"dKPIRSrs":false,"dNITIRSrs":true,"tps":"","dTHEMATICRSrs":false},{"_id":"270678","area":"IND007002","below":[],"indicator":108,"ius":"Percentage of PW having Hb level<11 (tested cases) (7.1 to 10.9) against total ANC registration:Percent:Total","rank":1,"src":6,"subgrp":1,"top":[],"tp":"2010-2011","trend":"up","value":"19.8","slugiddata":270678,"dKPIRSrs":false,"dNITIRSrs":true,"tps":"","dTHEMATICRSrs":false},{"_id":"271356","area":"IND007002","below":[],"indicator":108,"ius":"Percentage of PW having Hb level<11 (tested cases) (7.1 to 10.9) against total ANC registration:Percent:Total","rank":10,"src":6,"subgrp":1,"top":[],"tp":"2011-2012","trend":"dn","value":"51.3","slugiddata":271356,"dKPIRSrs":false,"dNITIRSrs":true,"tps":"","dTHEMATICRSrs":false},{"_id":"272048","area":"IND007002","below":[],"indicator":108,"ius":"Percentage of PW having Hb level<11 (tested cases) (7.1 to 10.9) against total ANC registration:Percent:Total","rank":10,"src":6,"subgrp":1,"top":[],"tp":"2012-2013","trend":"dn","value":"52.4","slugiddata":272048,"dKPIRSrs":false,"dNITIRSrs":true,"tps":"","dTHEMATICRSrs":false},{"_id":"272748","area":"IND007002","below":[],"indicator":108,"ius":"Percentage of PW having Hb level<11 (tested cases) (7.1 to 10.9) against total ANC registration:Percent:Total","rank":7,"src":6,"subgrp":1,"top":[],"tp":"2013-2014","trend":"up","value":"32.0","slugiddata":272748,"dKPIRSrs":false,"dNITIRSrs":true,"tps":"","dTHEMATICRSrs":false},{"_id":"273445","area":"IND007002","below":[],"indicator":108,"ius":"Percentage of PW having Hb level<11 (tested cases) (7.1 to 10.9) against total ANC registration:Percent:Total","rank":6,"src":6,"subgrp":1,"top":[],"tp":"2014-2015","trend":"dn","value":"34.1","slugiddata":273445,"dKPIRSrs":false,"dNITIRSrs":true,"tps":"","dTHEMATICRSrs":false},{"_id":"274156","area":"IND007002","below":[],"indicator":108,"ius":"Percentage of PW having Hb level<11 (tested cases) (7.1 to 10.9) against total ANC registration:Percent:Total","rank":8,"src":6,"subgrp":1,"top":[],"tp":"2015-2016","trend":"dn","value":"34.3","slugiddata":274156,"dKPIRSrs":false,"dNITIRSrs":true,"tps":"","dTHEMATICRSrs":false},{"_id":"274869","area":"IND007002","below":[],"indicator":108,"ius":"Percentage of PW having Hb level<11 (tested cases) (7.1 to 10.9) against total ANC registration:Percent:Total","rank":8,"src":6,"subgrp":1,"top":[],"tp":"2016-2017","trend":"dn","value":"34.8","slugiddata":274869,"dKPIRSrs":false,"dNITIRSrs":true,"tps":"","dTHEMATICRSrs":false},{"_id":"276231","area":"IND007002","below":[],"indicator":113,"ius":"Percentage of PW having Hb level<7 (tested cases) against total ANC registration:Percent:Total","rank":5,"src":6,"subgrp":1,"top":[],"tp":"2009-2010","trend":"na","value":"1.3","slugiddata":276231,"dKPIRSrs":false,"dNITIRSrs":true,"tps":"","dTHEMATICRSrs":false},{"_id":"276903","area":"IND007002","below":[],"indicator":113,"ius":"Percentage of PW having Hb level<7 (tested cases) against total ANC registration:Percent:Total","rank":5,"src":6,"subgrp":1,"top":[],"tp":"2010-2011","trend":"dn","value":"1.5","slugiddata":276903,"dKPIRSrs":false,"dNITIRSrs":true,"tps":"","dTHEMATICRSrs":false},{"_id":"277581","area":"IND007002","below":[],"indicator":113,"ius":"Percentage of PW having Hb level<7 (tested cases) against total ANC registration:Percent:Total","rank":5,"src":6,"subgrp":1,"top":[],"tp":"2011-2012","trend":"dn","value":"1.6","slugiddata":277581,"dKPIRSrs":false,"dNITIRSrs":true,"tps":"","dTHEMATICRSrs":false},{"_id":"278273","area":"IND007002","below":[],"indicator":113,"ius":"Percentage of PW having Hb level<7 (tested cases) against total ANC registration:Percent:Total","rank":6,"src":6,"subgrp":1,"top":[],"tp":"2012-2013","trend":"dn","value":"2.2","slugiddata":278273,"dKPIRSrs":false,"dNITIRSrs":true,"tps":"","dTHEMATICRSrs":false},{"_id":"278973","area":"IND007002","below":[],"indicator":113,"ius":"Percentage of PW having Hb level<7 (tested cases) against total ANC registration:Percent:Total","rank":7,"src":6,"subgrp":1,"top":[],"tp":"2013-2014","trend":"dn","value":"2.5","slugiddata":278973,"dKPIRSrs":false,"dNITIRSrs":true,"tps":"","dTHEMATICRSrs":false},{"_id":"279670","area":"IND007002","below":[],"indicator":113,"ius":"Percentage of PW having Hb level<7 (tested cases) against total ANC registration:Percent:Total","rank":8,"src":6,"subgrp":1,"top":[],"tp":"2014-2015","trend":"eq","value":"2.5","slugiddata":279670,"dKPIRSrs":false,"dNITIRSrs":true,"tps":"","dTHEMATICRSrs":false},{"_id":"280381","area":"IND007002","below":[],"indicator":113,"ius":"Percentage of PW having Hb level<7 (tested cases) against total ANC registration:Percent:Total","rank":4,"src":6,"subgrp":1,"top":[],"tp":"2015-2016","trend":"up","value":"1.4","slugiddata":280381,"dKPIRSrs":false,"dNITIRSrs":true,"tps":"","dTHEMATICRSrs":false},{"_id":"281094","area":"IND007002","below":[],"indicator":113,"ius":"Percentage of PW having Hb level<7 (tested cases) against total ANC registration:Percent:Total","rank":6,"src":6,"subgrp":1,"top":[],"tp":"2016-2017","trend":"eq","value":"1.4","slugiddata":281094,"dKPIRSrs":false,"dNITIRSrs":true,"tps":"","dTHEMATICRSrs":false},{"_id":"282456","area":"IND007002","below":[],"indicator":109,"ius":"Percentage of institutional deliveries out of total ANC registration:Percent:Total","rank":3,"src":6,"subgrp":1,"top":[],"tp":"2009-2010","trend":"na","value":"23.6","slugiddata":282456,"dKPIRSrs":false,"dNITIRSrs":true,"tps":"","dTHEMATICRSrs":false},{"_id":"283128","area":"IND007002","below":[],"indicator":109,"ius":"Percentage of institutional deliveries out of total ANC registration:Percent:Total","rank":3,"src":6,"subgrp":1,"top":[],"tp":"2010-2011","trend":"up","value":"26.6","slugiddata":283128,"dKPIRSrs":false,"dNITIRSrs":true,"tps":"","dTHEMATICRSrs":false},{"_id":"283806","area":"IND007002","below":[],"indicator":109,"ius":"Percentage of institutional deliveries out of total ANC registration:Percent:Total","rank":11,"src":6,"subgrp":1,"top":[],"tp":"2011-2012","trend":"dn","value":"11.1","slugiddata":283806,"dKPIRSrs":false,"dNITIRSrs":true,"tps":"","dTHEMATICRSrs":false},{"_id":"284498","area":"IND007002","below":[],"indicator":109,"ius":"Percentage of institutional deliveries out of total ANC registration:Percent:Total","rank":9,"src":6,"subgrp":1,"top":[],"tp":"2012-2013","trend":"dn","value":"11.0","slugiddata":284498,"dKPIRSrs":false,"dNITIRSrs":true,"tps":"","dTHEMATICRSrs":false},{"_id":"285198","area":"IND007002","below":[],"indicator":109,"ius":"Percentage of institutional deliveries out of total ANC registration:Percent:Total","rank":11,"src":6,"subgrp":1,"top":[],"tp":"2013-2014","trend":"dn","value":"8.2","slugiddata":285198,"dKPIRSrs":false,"dNITIRSrs":true,"tps":"","dTHEMATICRSrs":false},{"_id":"285895","area":"IND007002","below":[],"indicator":109,"ius":"Percentage of institutional deliveries out of total ANC registration:Percent:Total","rank":11,"src":6,"subgrp":1,"top":[],"tp":"2014-2015","trend":"eq","value":"8.2","slugiddata":285895,"dKPIRSrs":false,"dNITIRSrs":true,"tps":"","dTHEMATICRSrs":false},{"_id":"286606","area":"IND007002","below":[],"indicator":109,"ius":"Percentage of institutional deliveries out of total ANC registration:Percent:Total","rank":10,"src":6,"subgrp":1,"top":[],"tp":"2015-2016","trend":"up","value":"9.7","slugiddata":286606,"dKPIRSrs":false,"dNITIRSrs":true,"tps":"","dTHEMATICRSrs":false},{"_id":"287319","area":"IND007002","below":[],"indicator":109,"ius":"Percentage of institutional deliveries out of total ANC registration:Percent:Total","rank":11,"src":6,"subgrp":1,"top":[],"tp":"2016-2017","trend":"dn","value":"9.6","slugiddata":287319,"dKPIRSrs":false,"dNITIRSrs":true,"tps":"","dTHEMATICRSrs":false},{"_id":"288673","area":"IND007002","below":[],"indicator":110,"ius":"Proportion of live babies weighed at birth:Percent:Total","rank":3,"src":6,"subgrp":1,"top":[],"tp":"2009-2010","trend":"na","value":"95.6","slugiddata":288673,"dKPIRSrs":false,"dNITIRSrs":true,"tps":"","dTHEMATICRSrs":false},{"_id":"289345","area":"IND007002","below":[],"indicator":110,"ius":"Proportion of live babies weighed at birth:Percent:Total","rank":5,"src":6,"subgrp":1,"top":[],"tp":"2010-2011","trend":"dn","value":"92.3","slugiddata":289345,"dKPIRSrs":false,"dNITIRSrs":true,"tps":"","dTHEMATICRSrs":false},{"_id":"290024","area":"IND007002","below":[],"indicator":110,"ius":"Proportion of live babies weighed at birth:Percent:Total","rank":9,"src":6,"subgrp":1,"top":[],"tp":"2011-2012","trend":"dn","value":"75.0","slugiddata":290024,"dKPIRSrs":false,"dNITIRSrs":true,"tps":"","dTHEMATICRSrs":false},{"_id":"290716","area":"IND007002","below":[],"indicator":110,"ius":"Proportion of live babies weighed at birth:Percent:Total","rank":11,"src":6,"subgrp":1,"top":[],"tp":"2012-2013","trend":"up","value":"80.6","slugiddata":290716,"dKPIRSrs":false,"dNITIRSrs":true,"tps":"","dTHEMATICRSrs":false},{"_id":"291416","area":"IND007002","below":[],"indicator":110,"ius":"Proportion of live babies weighed at birth:Percent:Total","rank":10,"src":6,"subgrp":1,"top":[],"tp":"2013-2014","trend":"up","value":"86.6","slugiddata":291416,"dKPIRSrs":false,"dNITIRSrs":true,"tps":"","dTHEMATICRSrs":false},{"_id":"292113","area":"IND007002","below":[],"indicator":110,"ius":"Proportion of live babies weighed at birth:Percent:Total","rank":8,"src":6,"subgrp":1,"top":[],"tp":"2014-2015","trend":"up","value":"88.0","slugiddata":292113,"dKPIRSrs":false,"dNITIRSrs":true,"tps":"","dTHEMATICRSrs":false},{"_id":"292824","area":"IND007002","below":[],"indicator":110,"ius":"Proportion of live babies weighed at birth:Percent:Total","rank":7,"src":6,"subgrp":1,"top":[],"tp":"2015-2016","trend":"up","value":"91.4","slugiddata":292824,"dKPIRSrs":false,"dNITIRSrs":true,"tps":"","dTHEMATICRSrs":false},{"_id":"293537","area":"IND007002","below":[],"indicator":110,"ius":"Proportion of live babies weighed at birth:Percent:Total","rank":9,"src":6,"subgrp":1,"top":[],"tp":"2016-2017","trend":"up","value":"91.8","slugiddata":293537,"dKPIRSrs":false,"dNITIRSrs":true,"tps":"","dTHEMATICRSrs":false},{"_id":"294297","area":"IND007002","below":[],"indicator":89,"ius":"Pregnant women received TT2 or Booster to total ANC registration:Percent:Total","rank":1,"src":6,"subgrp":1,"top":[],"tp":"2017-2018","trend":"up","value":"50.7","slugiddata":294297,"dKPIRSrs":false,"dNITIRSrs":false,"tps":"","dTHEMATICRSrs":true},{"_id":"295033","area":"IND007002","below":[],"indicator":92,"ius":"Women discharged in less than 48 hours of delivery to total reported deliveries at public institutions:Percent:Total","rank":3,"src":6,"subgrp":1,"top":[],"tp":"2017-2018","trend":"up","value":"34.0","slugiddata":295033,"dKPIRSrs":false,"dNITIRSrs":false,"tps":"","dTHEMATICRSrs":true},{"_id":"295769","area":"IND007002","below":[],"indicator":14,"ius":"Institutional delivery:Percent:Total","rank":11,"src":6,"subgrp":1,"top":[],"tp":"2017-2018","trend":"up","value":"74.3","slugiddata":295769,"dKPIRSrs":false,"dNITIRSrs":false,"tps":"","dTHEMATICRSrs":false},{"_id":"297241","area":"IND007002","below":[],"indicator":93,"ius":"Home deliveries to total reported deliveries:Percent:Total","rank":11,"src":6,"subgrp":1,"top":[],"tp":"2017-2018","trend":"up","value":"25.7","slugiddata":297241,"dKPIRSrs":true,"dNITIRSrs":false,"tps":"","dTHEMATICRSrs":true},{"_id":"297977","area":"IND007002","below":[],"indicator":2,"ius":"Births delivered by caesarean section:Percent:Total","rank":11,"src":6,"subgrp":1,"top":[],"tp":"2017-2018","trend":"up","value":"9.8","slugiddata":297977,"dKPIRSrs":false,"dNITIRSrs":false,"tps":"","dTHEMATICRSrs":false},{"_id":"298713","area":"IND007002","below":[],"indicator":11,"ius":"Institutional delivery in public/government health facility:Percent:Total","rank":4,"src":6,"subgrp":1,"top":[],"tp":"2017-2018","trend":"up","value":"90.0","slugiddata":298713,"dKPIRSrs":false,"dNITIRSrs":false,"tps":"","dTHEMATICRSrs":false},{"_id":"300180","area":"IND007002","below":[],"indicator":96,"ius":"MTPs conducted at public institutions to total MTPs:Percent:Total","rank":6,"src":6,"subgrp":1,"top":[],"tp":"2017-2018","trend":"dn","value":"36.2","slugiddata":300180,"dKPIRSrs":false,"dNITIRSrs":false,"tps":"","dTHEMATICRSrs":true},{"_id":"301585","area":"IND007002","below":[],"indicator":98,"ius":"Male sterilization (vasectomies) to total sterilization:Percent:Total","rank":8,"src":6,"subgrp":1,"top":[],"tp":"2017-2018","trend":"dn","value":"1.2","slugiddata":301585,"dKPIRSrs":false,"dNITIRSrs":false,"tps":"","dTHEMATICRSrs":true},{"_id":"302305","area":"IND007002","below":[],"indicator":99,"ius":"Post partum sterilizations to total female sterilizations:Percent:Total","rank":3,"src":6,"subgrp":1,"top":[],"tp":"2017-2018","trend":"dn","value":"30.8","slugiddata":302305,"dKPIRSrs":false,"dNITIRSrs":false,"tps":"","dTHEMATICRSrs":false},{"_id":"303770","area":"IND007002","below":[],"indicator":101,"ius":"IUCD insertions in public plus private institutions to all family planning methods ( IUCD plus permanent):Percent:Total","rank":2,"src":6,"subgrp":1,"top":[],"tp":"2017-2018","trend":"dn","value":"94.8","slugiddata":303770,"dKPIRSrs":false,"dNITIRSrs":false,"tps":"","dTHEMATICRSrs":true},{"_id":"304506","area":"IND007002","below":[],"indicator":102,"ius":"Newborns given BCG to reported live birth:Percent:Total","rank":2,"src":6,"subgrp":1,"top":[],"tp":"2017-2018","trend":"dn","value":"150.2","slugiddata":304506,"dKPIRSrs":false,"dNITIRSrs":false,"tps":"","dTHEMATICRSrs":true},{"_id":"305242","area":"IND007002","below":[],"indicator":103,"ius":"Infants 0 to 11 months old who received measles vaccine to reported live births:Percent:Total","rank":3,"src":6,"subgrp":1,"top":[],"tp":"2017-2018","trend":"up","value":"293.6","slugiddata":305242,"dKPIRSrs":false,"dNITIRSrs":false,"tps":"","dTHEMATICRSrs":true},{"_id":"308129","area":"IND007002","below":[],"indicator":119,"ius":"Cases of Pregnant women with obstetric complications and attended to reported deliveries:Percent:Total","rank":5,"src":6,"subgrp":1,"top":[],"tp":"2009-2010","trend":"na","value":"31.2","slugiddata":308129,"dKPIRSrs":false,"dNITIRSrs":false,"tps":"","dTHEMATICRSrs":false},{"_id":"308801","area":"IND007002","below":[],"indicator":119,"ius":"Cases of Pregnant women with obstetric complications and attended to reported deliveries:Percent:Total","rank":9,"src":6,"subgrp":1,"top":[],"tp":"2010-2011","trend":"dn","value":"18.5","slugiddata":308801,"dKPIRSrs":false,"dNITIRSrs":false,"tps":"","dTHEMATICRSrs":false},{"_id":"309480","area":"IND007002","below":[],"indicator":119,"ius":"Cases of Pregnant women with obstetric complications and attended to reported deliveries:Percent:Total","rank":10,"src":6,"subgrp":1,"top":[],"tp":"2011-2012","trend":"up","value":"19.1","slugiddata":309480,"dKPIRSrs":false,"dNITIRSrs":false,"tps":"","dTHEMATICRSrs":false},{"_id":"310172","area":"IND007002","below":[],"indicator":119,"ius":"Cases of Pregnant women with obstetric complications and attended to reported deliveries:Percent:Total","rank":2,"src":6,"subgrp":1,"top":[],"tp":"2012-2013","trend":"up","value":"41.9","slugiddata":310172,"dKPIRSrs":false,"dNITIRSrs":false,"tps":"","dTHEMATICRSrs":false},{"_id":"310872","area":"IND007002","below":[],"indicator":119,"ius":"Cases of Pregnant women with obstetric complications and attended to reported deliveries:Percent:Total","rank":1,"src":6,"subgrp":1,"top":[],"tp":"2013-2014","trend":"up","value":"73.5","slugiddata":310872,"dKPIRSrs":false,"dNITIRSrs":false,"tps":"","dTHEMATICRSrs":false},{"_id":"311569","area":"IND007002","below":[],"indicator":119,"ius":"Cases of Pregnant women with obstetric complications and attended to reported deliveries:Percent:Total","rank":1,"src":6,"subgrp":1,"top":[],"tp":"2014-2015","trend":"dn","value":"53.2","slugiddata":311569,"dKPIRSrs":false,"dNITIRSrs":false,"tps":"","dTHEMATICRSrs":false},{"_id":"312280","area":"IND007002","below":[],"indicator":119,"ius":"Cases of Pregnant women with obstetric complications and attended to reported deliveries:Percent:Total","rank":1,"src":6,"subgrp":1,"top":[],"tp":"2015-2016","trend":"up","value":"57.6","slugiddata":312280,"dKPIRSrs":false,"dNITIRSrs":false,"tps":"","dTHEMATICRSrs":false},{"_id":"312993","area":"IND007002","below":[],"indicator":119,"ius":"Cases of Pregnant women with obstetric complications and attended to reported deliveries:Percent:Total","rank":1,"src":6,"subgrp":1,"top":[],"tp":"2016-2017","trend":"up","value":"74.3","slugiddata":312993,"dKPIRSrs":false,"dNITIRSrs":false,"tps":"","dTHEMATICRSrs":false},{"_id":"313708","area":"IND007002","below":[],"indicator":119,"ius":"Cases of Pregnant women with obstetric complications and attended to reported deliveries:Percent:Total","rank":1,"src":6,"subgrp":1,"top":[],"tp":"2017-2018","trend":"dn","value":"30.9","slugiddata":313708,"dKPIRSrs":false,"dNITIRSrs":false,"tps":"","dTHEMATICRSrs":false},{"_id":"314444","area":"IND007002","below":[],"indicator":118,"ius":"Pregnant women given 180 IFA to total ANC registration:Percent:Total","rank":1,"src":6,"subgrp":1,"top":[],"tp":"2017-2018","trend":"na","value":"108.0","slugiddata":314444,"dKPIRSrs":false,"dNITIRSrs":false,"tps":"","dTHEMATICRSrs":false},{"_id":"315180","area":"IND007002","below":[],"indicator":88,"ius":"1st trimester registration to total ANC registrations:Percent:Total","rank":1,"src":6,"subgrp":1,"top":[],"tp":"Apr-Sep_2018","trend":"up","value":"49.5","slugiddata":315180,"dKPIRSrs":false,"dNITIRSrs":true,"tps":"","dTHEMATICRSrs":false},{"_id":"315919","area":"IND007002","below":[],"indicator":48,"ius":"Mothers who had at least 4 antenatal care visits:Percent:Total","rank":1,"src":6,"subgrp":1,"top":[],"tp":"Apr-Sep_2018","trend":"dn","value":"73.0","slugiddata":315919,"dKPIRSrs":false,"dNITIRSrs":true,"tps":"","dTHEMATICRSrs":false},{"_id":"316658","area":"IND007002","below":[],"indicator":89,"ius":"Pregnant women received TT2 or Booster to total ANC registration:Percent:Total","rank":1,"src":6,"subgrp":1,"top":[],"tp":"Apr-Sep_2018","trend":"up","value":"63.6","slugiddata":316658,"dKPIRSrs":false,"dNITIRSrs":false,"tps":"","dTHEMATICRSrs":true},{"_id":"317397","area":"IND007002","below":[],"indicator":118,"ius":"Pregnant women given 180 IFA to total ANC registration:Percent:Total","rank":1,"src":6,"subgrp":1,"top":[],"tp":"Apr-Sep_2018","trend":"up","value":"138.5","slugiddata":317397,"dKPIRSrs":false,"dNITIRSrs":false,"tps":"","dTHEMATICRSrs":false},{"_id":"318136","area":"IND007002","below":[],"indicator":108,"ius":"Percentage of PW having Hb level<11 (tested cases) (7.1 to 10.9) against total ANC registration:Percent:Total","rank":5,"src":6,"subgrp":1,"top":[],"tp":"Apr-Sep_2018","trend":"up","value":"31.4","slugiddata":318136,"dKPIRSrs":false,"dNITIRSrs":true,"tps":"","dTHEMATICRSrs":false},{"_id":"319613","area":"IND007002","below":[],"indicator":113,"ius":"Percentage of PW having Hb level<7 (tested cases) against total ANC registration:Percent:Total","rank":6,"src":6,"subgrp":1,"top":[],"tp":"Apr-Sep_2018","trend":"up","value":"1.2","slugiddata":319613,"dKPIRSrs":false,"dNITIRSrs":true,"tps":"","dTHEMATICRSrs":false},{"_id":"320352","area":"IND007002","below":[],"indicator":91,"ius":"New cases detected at institution for hypertension to total ANC registrations:Percent:Total","rank":3,"src":6,"subgrp":1,"top":[],"tp":"Apr-Sep_2018","trend":"dn","value":"1.2","slugiddata":320352,"dKPIRSrs":false,"dNITIRSrs":false,"tps":"","dTHEMATICRSrs":true},{"_id":"321090","area":"IND007002","below":[],"indicator":12,"ius":"Home delivery conducted by skilled health personnel:Percent:Total","rank":6,"src":6,"subgrp":1,"top":[],"tp":"Apr-Sep_2018","trend":"eq","value":"0.2","slugiddata":321090,"dKPIRSrs":false,"dNITIRSrs":true,"tps":"","dTHEMATICRSrs":false},{"_id":"321811","area":"IND007002","below":[],"indicator":92,"ius":"Women discharged in less than 48 hours of delivery to total reported deliveries at public institutions:Percent:Total","rank":6,"src":6,"subgrp":1,"top":[],"tp":"Apr-Sep_2018","trend":"dn","value":"57.0","slugiddata":321811,"dKPIRSrs":false,"dNITIRSrs":false,"tps":"","dTHEMATICRSrs":true},{"_id":"322550","area":"IND007002","below":[],"indicator":109,"ius":"Percentage of institutional deliveries out of total ANC registration:Percent:Total","rank":10,"src":6,"subgrp":1,"top":[],"tp":"Apr-Sep_2018","trend":"dn","value":"12.6","slugiddata":322550,"dKPIRSrs":false,"dNITIRSrs":true,"tps":"","dTHEMATICRSrs":false},{"_id":"323289","area":"IND007002","below":[],"indicator":14,"ius":"Institutional delivery:Percent:Total","rank":11,"src":6,"subgrp":1,"top":[],"tp":"Apr-Sep_2018","trend":"dn","value":"66.6","slugiddata":323289,"dKPIRSrs":false,"dNITIRSrs":false,"tps":"","dTHEMATICRSrs":false},{"_id":"324767","area":"IND007002","below":[],"indicator":93,"ius":"Home deliveries to total reported deliveries:Percent:Total","rank":11,"src":6,"subgrp":1,"top":[],"tp":"Apr-Sep_2018","trend":"dn","value":"33.4","slugiddata":324767,"dKPIRSrs":true,"dNITIRSrs":false,"tps":"","dTHEMATICRSrs":true},{"_id":"325506","area":"IND007002","below":[],"indicator":2,"ius":"Births delivered by caesarean section:Percent:Total","rank":10,"src":6,"subgrp":1,"top":[],"tp":"Apr-Sep_2018","trend":"up","value":"12.3","slugiddata":325506,"dKPIRSrs":false,"dNITIRSrs":false,"tps":"","dTHEMATICRSrs":false},{"_id":"326245","area":"IND007002","below":[],"indicator":11,"ius":"Institutional delivery in public/government health facility:Percent:Total","rank":4,"src":6,"subgrp":1,"top":[],"tp":"Apr-Sep_2018","trend":"dn","value":"89.6","slugiddata":326245,"dKPIRSrs":false,"dNITIRSrs":false,"tps":"","dTHEMATICRSrs":false},{"_id":"327723","area":"IND007002","below":[],"indicator":110,"ius":"Proportion of live babies weighed at birth:Percent:Total","rank":7,"src":6,"subgrp":1,"top":[],"tp":"Apr-Sep_2018","trend":"dn","value":"93.8","slugiddata":327723,"dKPIRSrs":false,"dNITIRSrs":true,"tps":"","dTHEMATICRSrs":false},{"_id":"328462","area":"IND007002","below":[],"indicator":112,"ius":"Newborns having weight less than 2.5 kg to newborns weighed at birth:Percent:Total","rank":5,"src":6,"subgrp":1,"top":[],"tp":"Apr-Sep_2018","trend":"dn","value":"19.9","slugiddata":328462,"dKPIRSrs":true,"dNITIRSrs":true,"tps":"","dTHEMATICRSrs":false},{"_id":"329201","area":"IND007002","below":[],"indicator":111,"ius":"Newborns breastfed within 1 hour of birth to total live birth:Percent:Total","rank":1,"src":6,"subgrp":1,"top":[],"tp":"Apr-Sep_2018","trend":"dn","value":"87.6","slugiddata":329201,"dKPIRSrs":false,"dNITIRSrs":true,"tps":"","dTHEMATICRSrs":false},{"_id":"330679","area":"IND007002","below":[],"indicator":119,"ius":"Cases of Pregnant women with obstetric complications and attended to reported deliveries:Percent:Total","rank":1,"src":6,"subgrp":1,"top":[],"tp":"Apr-Sep_2018","trend":"up","value":"43.2","slugiddata":330679,"dKPIRSrs":false,"dNITIRSrs":false,"tps":"","dTHEMATICRSrs":false},{"_id":"331408","area":"IND007002","below":[],"indicator":96,"ius":"MTPs conducted at public institutions to total MTPs:Percent:Total","rank":5,"src":6,"subgrp":1,"top":[],"tp":"Apr-Sep_2018","trend":"up","value":"37.9","slugiddata":331408,"dKPIRSrs":false,"dNITIRSrs":false,"tps":"","dTHEMATICRSrs":true},{"_id":"332788","area":"IND007002","below":[],"indicator":98,"ius":"Male sterilization (vasectomies) to total sterilization:Percent:Total","rank":5,"src":6,"subgrp":1,"top":[],"tp":"Apr-Sep_2018","trend":"up","value":"2.7","slugiddata":332788,"dKPIRSrs":false,"dNITIRSrs":false,"tps":"","dTHEMATICRSrs":true},{"_id":"333499","area":"IND007002","below":[],"indicator":99,"ius":"Post partum sterilizations to total female sterilizations:Percent:Total","rank":1,"src":6,"subgrp":1,"top":[],"tp":"Apr-Sep_2018","trend":"up","value":"21.1","slugiddata":333499,"dKPIRSrs":false,"dNITIRSrs":false,"tps":"","dTHEMATICRSrs":false},{"_id":"334960","area":"IND007002","below":[],"indicator":101,"ius":"IUCD insertions in public plus private institutions to all family planning methods ( IUCD plus permanent):Percent:Total","rank":2,"src":6,"subgrp":1,"top":[],"tp":"Apr-Sep_2018","trend":"eq","value":"94.8","slugiddata":334960,"dKPIRSrs":false,"dNITIRSrs":false,"tps":"","dTHEMATICRSrs":true},{"_id":"335699","area":"IND007002","below":[],"indicator":102,"ius":"Newborns given BCG to reported live birth:Percent:Total","rank":1,"src":6,"subgrp":1,"top":[],"tp":"Apr-Sep_2018","trend":"up","value":"156.0","slugiddata":335699,"dKPIRSrs":false,"dNITIRSrs":false,"tps":"","dTHEMATICRSrs":true},{"_id":"336438","area":"IND007002","below":[],"indicator":103,"ius":"Infants 0 to 11 months old who received measles vaccine to reported live births:Percent:Total","rank":2,"src":6,"subgrp":1,"top":[],"tp":"Apr-Sep_2018","trend":"up","value":"338.7","slugiddata":336438,"dKPIRSrs":false,"dNITIRSrs":false,"tps":"","dTHEMATICRSrs":true},{"_id":"395367","area":"IND007002","below":[],"indicator":10,"ius":"Current Usage FP - Female sterilization:Percent:Total","rank":5,"src":1,"subgrp":1,"top":[],"tp":"2015-2016","trend":"na","value":"20.8","slugiddata":395367,"dKPIRSrs":false,"dNITIRSrs":false,"tps":"","dTHEMATICRSrs":true},{"_id":"395368","area":"IND007002","below":[],"indicator":53,"ius":"Unmet Need for FP - Unmet need for spacing:Percent:Total","rank":7,"src":1,"subgrp":1,"top":[],"tp":"2015-2016","trend":"na","value":"7.0","slugiddata":395368,"dKPIRSrs":false,"dNITIRSrs":false,"tps":"","dTHEMATICRSrs":true},{"_id":"395369","area":"IND007002","below":[],"indicator":48,"ius":"Mothers who had at least 4 antenatal care visits:Percent:Total","rank":5,"src":1,"subgrp":1,"top":[],"tp":"2015-2016","trend":"na","value":"71.6","slugiddata":395369,"dKPIRSrs":false,"dNITIRSrs":false,"tps":"","dTHEMATICRSrs":true},{"_id":"395370","area":"IND007002","below":[],"indicator":33,"ius":"Mothers who received post-natal check-up within 48 hrs. of delivery:Percent:Total","rank":8,"src":1,"subgrp":1,"top":[],"tp":"2015-2016","trend":"na","value":"49.3","slugiddata":395370,"dKPIRSrs":false,"dNITIRSrs":false,"tps":"","dTHEMATICRSrs":false},{"_id":"395372","area":"IND007002","below":[],"indicator":12,"ius":"Home delivery conducted by skilled health personnel:Percent:Total","rank":4,"src":1,"subgrp":1,"top":[],"tp":"2015-2016","trend":"na","value":"4.6","slugiddata":395372,"dKPIRSrs":false,"dNITIRSrs":false,"tps":"","dTHEMATICRSrs":false},{"_id":"395374","area":"IND007002","below":[],"indicator":2,"ius":"Births delivered by caesarean section:Percent:Total","rank":5,"src":1,"subgrp":1,"top":[],"tp":"2015-2016","trend":"na","value":"22.1","slugiddata":395374,"dKPIRSrs":false,"dNITIRSrs":false,"tps":"","dTHEMATICRSrs":true},{"_id":"395376","area":"IND007002","below":[],"indicator":3,"ius":"Children suffering from diarrhoea who received ORS:Percent:Total","rank":1,"src":1,"subgrp":1,"top":[],"tp":"2015-2016","trend":"na","value":"73.8","slugiddata":395376,"dKPIRSrs":false,"dNITIRSrs":true,"tps":"","dTHEMATICRSrs":true},{"_id":"395377","area":"IND007002","below":[],"indicator":60,"ius":"Children with diarrhoea in the last 2 weeks who received zinc:Percent:Total","rank":2,"src":1,"subgrp":1,"top":[],"tp":"2015-2016","trend":"na","value":"32.8","slugiddata":395377,"dKPIRSrs":false,"dNITIRSrs":true,"tps":"","dTHEMATICRSrs":true},{"_id":"395379","area":"IND007002","below":[],"indicator":58,"ius":"Children who are severely wasted (weight-for-height)/severe acute malnourished (SAM):Percent:Total","rank":6,"src":1,"subgrp":1,"top":[],"tp":"2015-2016","trend":"na","value":"6.8","slugiddata":395379,"dKPIRSrs":false,"dNITIRSrs":true,"tps":"","dTHEMATICRSrs":true},{"_id":"395380","area":"IND007002","below":[],"indicator":56,"ius":"Children who are underweight (weight-for-age):Percent:Total","rank":4,"src":1,"subgrp":1,"top":[],"tp":"2015-2016","trend":"na","value":"27.9","slugiddata":395380,"dKPIRSrs":false,"dNITIRSrs":true,"tps":"","dTHEMATICRSrs":true},{"_id":"395381","area":"IND007002","below":[],"indicator":28,"ius":"Children aged (6-59 months) who are anaemic (<11.0 g/dl):Percent:Total","rank":3,"src":1,"subgrp":1,"top":[],"tp":"2015-2016","trend":"na","value":"62.4","slugiddata":395381,"dKPIRSrs":false,"dNITIRSrs":false,"tps":"","dTHEMATICRSrs":true},{"_id":"404164","area":"IND007002","below":[],"indicator":1,"ius":"Current Usage FP - Any modern method:Percent:Total","rank":7,"src":1,"subgrp":1,"top":[],"tp":"2015-2016","trend":"na","value":"41.5","slugiddata":404164,"dKPIRSrs":true,"dNITIRSrs":false,"tps":"","dTHEMATICRSrs":true},{"_id":"404178","area":"IND007002","below":[],"indicator":44,"ius":"Mothers who had antenatal check-up in the first trimester:Percent:Total","rank":5,"src":1,"subgrp":1,"top":[],"tp":"2015-2016","trend":"na","value":"62.3","slugiddata":404178,"dKPIRSrs":true,"dNITIRSrs":false,"tps":"","dTHEMATICRSrs":true},{"_id":"404192","area":"IND007002","below":[],"indicator":45,"ius":"Mothers who had full antenatal care:Percent:Total","rank":7,"src":1,"subgrp":1,"top":[],"tp":"2015-2016","trend":"na","value":"32.7","slugiddata":404192,"dKPIRSrs":true,"dNITIRSrs":false,"tps":"","dTHEMATICRSrs":false},{"_id":"404206","area":"IND007002","below":[],"indicator":14,"ius":"Institutional delivery:Percent:Total","rank":3,"src":1,"subgrp":1,"top":[],"tp":"2015-2016","trend":"na","value":"89.2","slugiddata":404206,"dKPIRSrs":true,"dNITIRSrs":false,"tps":"","dTHEMATICRSrs":true},{"_id":"404220","area":"IND007002","below":[],"indicator":11,"ius":"Institutional delivery in public/government health facility:Percent:Total","rank":3,"src":1,"subgrp":1,"top":[],"tp":"2015-2016","trend":"na","value":"65.6","slugiddata":404220,"dKPIRSrs":true,"dNITIRSrs":false,"tps":"","dTHEMATICRSrs":true},{"_id":"404241","area":"IND007002","below":[],"indicator":5,"ius":"Children fully immunized:Percent:Total","rank":6,"src":1,"subgrp":1,"top":[],"tp":"2015-2016","trend":"na","value":"52.3","slugiddata":404241,"dKPIRSrs":true,"dNITIRSrs":true,"tps":"","dTHEMATICRSrs":true},{"_id":"404254","area":"IND007002","below":[],"indicator":19,"ius":"Children with diarrhoea in last 2 weeks and sought advice/treatment/taken to a health facility:Percent:Total","rank":2,"src":1,"subgrp":1,"top":[],"tp":"2015-2016","trend":"na","value":"79.9","slugiddata":404254,"dKPIRSrs":true,"dNITIRSrs":false,"tps":"","dTHEMATICRSrs":true},{"_id":"404259","area":"IND007002","below":[],"indicator":7,"ius":"Children with acute respiratory infection or fever in last 2 weeks and sought advice/treatment/taken to a health facility:Percent:Total","rank":3,"src":1,"subgrp":1,"top":[],"tp":"2015-2016","trend":"na","value":"74.5","slugiddata":404259,"dKPIRSrs":true,"dNITIRSrs":true,"tps":"","dTHEMATICRSrs":true},{"_id":"404269","area":"IND007002","below":[],"indicator":6,"ius":"Children breastfed within one hour of birth:Percent:Total","rank":5,"src":1,"subgrp":1,"top":[],"tp":"2015-2016","trend":"na","value":"29.1","slugiddata":404269,"dKPIRSrs":true,"dNITIRSrs":false,"tps":"","dTHEMATICRSrs":true},{"_id":"404284","area":"IND007002","below":[],"indicator":9,"ius":"Current Usage FP - Copper-T/IUD/PPIUD:Percent:Total","rank":8,"src":1,"subgrp":1,"top":[],"tp":"2015-2016","trend":"na","value":"2.7","slugiddata":404284,"dKPIRSrs":true,"dNITIRSrs":false,"tps":"","dTHEMATICRSrs":true},{"_id":"404298","area":"IND007002","below":[],"indicator":51,"ius":"Unmet Need for FP - Total unmet need:Percent:Total","rank":9,"src":1,"subgrp":1,"top":[],"tp":"2015-2016","trend":"na","value":"21.1","slugiddata":404298,"dKPIRSrs":true,"dNITIRSrs":false,"tps":"","dTHEMATICRSrs":true},{"_id":"404312","area":"IND007002","below":[],"indicator":59,"ius":"Children who received a health check after birth from a doctor/nurse/LHV/ANM/midwife/other health personnel within 2 days of birth:Percent:Total","rank":6,"src":1,"subgrp":1,"top":[],"tp":"2015-2016","trend":"na","value":"12.5","slugiddata":404312,"dKPIRSrs":true,"dNITIRSrs":false,"tps":"","dTHEMATICRSrs":true},{"_id":"406171","area":"IND007002","below":[],"indicator":57,"ius":"Children who are wasted (weight-for-height)/moderate acute malnourished (MAM):Percent:Total","rank":3,"src":1,"subgrp":1,"top":[],"tp":"2015-2016","trend":"na","value":"13.5","slugiddata":406171,"dKPIRSrs":false,"dNITIRSrs":true,"tps":"","dTHEMATICRSrs":false},{"_id":"49521","area":"IND007002","below":[],"indicator":12,"ius":"Home delivery conducted by skilled health personnel:Percent:Total","rank":7,"src":2,"subgrp":1,"top":[],"tp":"2002-2004","trend":"na","value":"14.3","slugiddata":49521,"dKPIRSrs":false,"dNITIRSrs":false,"tps":"","dTHEMATICRSrs":false},{"_id":"49530","area":"IND007002","below":[],"indicator":14,"ius":"Institutional delivery:Percent:Total","rank":2,"src":2,"subgrp":1,"top":[],"tp":"2002-2004","trend":"na","value":"73.8","slugiddata":49530,"dKPIRSrs":false,"dNITIRSrs":false,"tps":"","dTHEMATICRSrs":false},{"_id":"49548","area":"IND007002","below":[],"indicator":44,"ius":"Mothers who had antenatal check-up in the first trimester:Percent:Total","rank":5,"src":2,"subgrp":1,"top":[],"tp":"2002-2004","trend":"na","value":"44.3","slugiddata":49548,"dKPIRSrs":false,"dNITIRSrs":false,"tps":"","dTHEMATICRSrs":false},{"_id":"49557","area":"IND007002","below":[],"indicator":45,"ius":"Mothers who had full antenatal care:Percent:Total","rank":6,"src":2,"subgrp":1,"top":[],"tp":"2002-2004","trend":"na","value":"35.1","slugiddata":49557,"dKPIRSrs":false,"dNITIRSrs":false,"tps":"","dTHEMATICRSrs":false},{"_id":"49566","area":"IND007002","below":[],"indicator":36,"ius":"Percentage of pregnancy resulted in live birth:Percent:Total","rank":9,"src":2,"subgrp":1,"top":[],"tp":"2002-2004","trend":"na","value":"80.5","slugiddata":49566,"dKPIRSrs":false,"dNITIRSrs":false,"tps":"","dTHEMATICRSrs":true},{"_id":"49584","area":"IND007002","below":[],"indicator":52,"ius":"Unmet Need for FP - Unmet need for limiting:Percent:Total","rank":7,"src":2,"subgrp":1,"top":[],"tp":"2002-2004","trend":"na","value":"13.4","slugiddata":49584,"dKPIRSrs":false,"dNITIRSrs":false,"tps":"","dTHEMATICRSrs":false},{"_id":"49593","area":"IND007002","below":[],"indicator":53,"ius":"Unmet Need for FP - Unmet need for spacing:Percent:Total","rank":6,"src":2,"subgrp":1,"top":[],"tp":"2002-2004","trend":"na","value":"4.9","slugiddata":49593,"dKPIRSrs":false,"dNITIRSrs":false,"tps":"","dTHEMATICRSrs":false},{"_id":"51404","area":"IND007002","below":[],"indicator":51,"ius":"Unmet Need for FP - Total unmet need:Percent:Total","rank":7,"src":2,"subgrp":1,"top":[],"tp":"2002-2004","trend":"na","value":"18.4","slugiddata":51404,"dKPIRSrs":false,"dNITIRSrs":false,"tps":"","dTHEMATICRSrs":false},{"_id":"55835","area":"IND007002","below":[],"indicator":79,"ius":"Children aged (6-35 months) exclusively breastfed for at least 6 months:Percent:Total","rank":7,"src":2,"subgrp":1,"top":[],"tp":"2002-2004","trend":"na","value":"9.9","slugiddata":55835,"dKPIRSrs":false,"dNITIRSrs":false,"tps":"","dTHEMATICRSrs":false},{"_id":"55844","area":"IND007002","below":[],"indicator":5,"ius":"Children fully immunized:Percent:Total","rank":6,"src":2,"subgrp":1,"top":[],"tp":"2002-2004","trend":"na","value":"56.4","slugiddata":55844,"dKPIRSrs":false,"dNITIRSrs":false,"tps":"","dTHEMATICRSrs":false},{"_id":"55862","area":"IND007002","below":[],"indicator":1,"ius":"Current Usage FP - Any modern method:Percent:Total","rank":5,"src":2,"subgrp":1,"top":[],"tp":"2002-2004","trend":"na","value":"56.0","slugiddata":55862,"dKPIRSrs":false,"dNITIRSrs":false,"tps":"","dTHEMATICRSrs":false},{"_id":"55871","area":"IND007002","below":[],"indicator":9,"ius":"Current Usage FP - Copper-T/IUD/PPIUD:Percent:Total","rank":2,"src":2,"subgrp":1,"top":[],"tp":"2002-2004","trend":"na","value":"7.4","slugiddata":55871,"dKPIRSrs":false,"dNITIRSrs":false,"tps":"","dTHEMATICRSrs":false},{"_id":"55880","area":"IND007002","below":[],"indicator":10,"ius":"Current Usage FP - Female sterilization:Percent:Total","rank":6,"src":2,"subgrp":1,"top":[],"tp":"2002-2004","trend":"na","value":"22.0","slugiddata":55880,"dKPIRSrs":false,"dNITIRSrs":false,"tps":"","dTHEMATICRSrs":false},{"_id":"55889","area":"IND007002","below":[],"indicator":81,"ius":"Currently married women married below 18 years:Percent:Total","rank":3,"src":2,"subgrp":1,"top":[],"tp":"2002-2004","trend":"na","value":"4.4","slugiddata":55889,"dKPIRSrs":false,"dNITIRSrs":false,"tps":"","dTHEMATICRSrs":true},{"_id":"57561","area":"IND007002","below":[],"indicator":46,"ius":"Mothers who received 3 or more antenatal care:Percent:Total","rank":1,"src":2,"subgrp":1,"top":[],"tp":"2002-2004","trend":"na","value":"83.3","slugiddata":57561,"dKPIRSrs":false,"dNITIRSrs":false,"tps":"","dTHEMATICRSrs":false},{"_id":"59523","area":"IND007002","below":[],"indicator":46,"ius":"Mothers who received 3 or more antenatal care:Percent:Total","rank":3,"src":2,"subgrp":1,"top":[],"tp":"2007-2008","trend":"dn","value":"74.2","slugiddata":59523,"dKPIRSrs":false,"dNITIRSrs":false,"tps":"","dTHEMATICRSrs":false},{"_id":"60440","area":"IND007002","below":[],"indicator":36,"ius":"Percentage of pregnancy resulted in live birth:Percent:Total","rank":5,"src":2,"subgrp":1,"top":[],"tp":"2007-2008","trend":"up","value":"85.5","slugiddata":60440,"dKPIRSrs":false,"dNITIRSrs":false,"tps":"","dTHEMATICRSrs":true},{"_id":"61875","area":"IND007002","below":[],"indicator":12,"ius":"Home delivery conducted by skilled health personnel:Percent:Total","rank":7,"src":2,"subgrp":1,"top":[],"tp":"2007-2008","trend":"dn","value":"1.7","slugiddata":61875,"dKPIRSrs":false,"dNITIRSrs":false,"tps":"","dTHEMATICRSrs":false},{"_id":"61893","area":"IND007002","below":[],"indicator":10,"ius":"Current Usage FP - Female sterilization:Percent:Total","rank":6,"src":2,"subgrp":1,"top":[],"tp":"2007-2008","trend":"dn","value":"21.7","slugiddata":61893,"dKPIRSrs":false,"dNITIRSrs":false,"tps":"","dTHEMATICRSrs":false},{"_id":"64082","area":"IND007002","below":[],"indicator":51,"ius":"Unmet Need for FP - Total unmet need:Percent:Total","rank":3,"src":2,"subgrp":1,"top":[],"tp":"2007-2008","trend":"up","value":"13.3","slugiddata":64082,"dKPIRSrs":false,"dNITIRSrs":false,"tps":"","dTHEMATICRSrs":false},{"_id":"65542","area":"IND007002","below":[],"indicator":52,"ius":"Unmet Need for FP - Unmet need for limiting:Percent:Total","rank":4,"src":2,"subgrp":1,"top":[],"tp":"2007-2008","trend":"up","value":"10.9","slugiddata":65542,"dKPIRSrs":false,"dNITIRSrs":false,"tps":"","dTHEMATICRSrs":false},{"_id":"65551","area":"IND007002","below":[],"indicator":53,"ius":"Unmet Need for FP - Unmet need for spacing:Percent:Total","rank":1,"src":2,"subgrp":1,"top":[],"tp":"2007-2008","trend":"up","value":"2.4","slugiddata":65551,"dKPIRSrs":false,"dNITIRSrs":false,"tps":"","dTHEMATICRSrs":false},{"_id":"66719","area":"IND007002","below":[],"indicator":6,"ius":"Children breastfed within one hour of birth:Percent:Total","rank":9,"src":2,"subgrp":1,"top":[],"tp":"2007-2008","trend":"na","value":"24.7","slugiddata":66719,"dKPIRSrs":false,"dNITIRSrs":false,"tps":"","dTHEMATICRSrs":false},{"_id":"67342","area":"IND007002","below":[],"indicator":5,"ius":"Children fully immunized:Percent:Total","rank":5,"src":2,"subgrp":1,"top":[],"tp":"2007-2008","trend":"up","value":"67.9","slugiddata":67342,"dKPIRSrs":false,"dNITIRSrs":false,"tps":"","dTHEMATICRSrs":false},{"_id":"67965","area":"IND007002","below":[],"indicator":7,"ius":"Children with acute respiratory infection or fever in last 2 weeks and sought advice/treatment/taken to a health facility:Percent:Total","rank":8,"src":2,"subgrp":1,"top":[],"tp":"2007-2008","trend":"na","value":"82.5","slugiddata":67965,"dKPIRSrs":false,"dNITIRSrs":false,"tps":"","dTHEMATICRSrs":false},{"_id":"68623","area":"IND007002","below":[],"indicator":19,"ius":"Children with diarrhoea in last 2 weeks and sought advice/treatment/taken to a health facility:Percent:Total","rank":2,"src":2,"subgrp":1,"top":[],"tp":"2007-2008","trend":"na","value":"86.2","slugiddata":68623,"dKPIRSrs":false,"dNITIRSrs":false,"tps":"","dTHEMATICRSrs":false},{"_id":"69246","area":"IND007002","below":[],"indicator":1,"ius":"Current Usage FP - Any modern method:Percent:Total","rank":5,"src":2,"subgrp":1,"top":[],"tp":"2007-2008","trend":"dn","value":"53.8","slugiddata":69246,"dKPIRSrs":false,"dNITIRSrs":false,"tps":"","dTHEMATICRSrs":false},{"_id":"69869","area":"IND007002","below":[],"indicator":9,"ius":"Current Usage FP - Copper-T/IUD/PPIUD:Percent:Total","rank":3,"src":2,"subgrp":1,"top":[],"tp":"2007-2008","trend":"dn","value":"5.0","slugiddata":69869,"dKPIRSrs":false,"dNITIRSrs":false,"tps":"","dTHEMATICRSrs":false},{"_id":"70492","area":"IND007002","below":[],"indicator":81,"ius":"Currently married women married below 18 years:Percent:Total","rank":6,"src":2,"subgrp":1,"top":[],"tp":"2007-2008","trend":"dn","value":"7.6","slugiddata":70492,"dKPIRSrs":false,"dNITIRSrs":false,"tps":"","dTHEMATICRSrs":true},{"_id":"71148","area":"IND007002","below":[],"indicator":14,"ius":"Institutional delivery:Percent:Total","rank":3,"src":2,"subgrp":1,"top":[],"tp":"2007-2008","trend":"up","value":"73.9","slugiddata":71148,"dKPIRSrs":false,"dNITIRSrs":false,"tps":"","dTHEMATICRSrs":false},{"_id":"71771","area":"IND007002","below":[],"indicator":44,"ius":"Mothers who had antenatal check-up in the first trimester:Percent:Total","rank":6,"src":2,"subgrp":1,"top":[],"tp":"2007-2008","trend":"up","value":"55.1","slugiddata":71771,"dKPIRSrs":false,"dNITIRSrs":false,"tps":"","dTHEMATICRSrs":false},{"_id":"72394","area":"IND007002","below":[],"indicator":45,"ius":"Mothers who had full antenatal care:Percent:Total","rank":4,"src":2,"subgrp":1,"top":[],"tp":"2007-2008","trend":"up","value":"36.4","slugiddata":72394,"dKPIRSrs":false,"dNITIRSrs":false,"tps":"","dTHEMATICRSrs":false},{"_id":"74225","area":"IND007002","below":[],"indicator":93,"ius":"Home deliveries to total reported deliveries:Percent:Total","rank":2,"src":2,"subgrp":1,"top":[],"tp":"2007-2008","trend":"na","value":"24.6","slugiddata":74225,"dKPIRSrs":false,"dNITIRSrs":false,"tps":"","dTHEMATICRSrs":false},{"_id":"79696","area":"IND007002","below":[],"indicator":88,"ius":"1st trimester registration to total ANC registrations:Percent:Total","rank":2,"src":6,"subgrp":1,"top":[],"tp":"2009-2010","trend":"na","value":"31.0","slugiddata":79696,"dKPIRSrs":false,"dNITIRSrs":true,"tps":"","dTHEMATICRSrs":false},{"_id":"80368","area":"IND007002","below":[],"indicator":88,"ius":"1st trimester registration to total ANC registrations:Percent:Total","rank":3,"src":6,"subgrp":1,"top":[],"tp":"2010-2011","trend":"dn","value":"28.7","slugiddata":80368,"dKPIRSrs":false,"dNITIRSrs":true,"tps":"","dTHEMATICRSrs":false},{"_id":"81046","area":"IND007002","below":[],"indicator":88,"ius":"1st trimester registration to total ANC registrations:Percent:Total","rank":7,"src":6,"subgrp":1,"top":[],"tp":"2011-2012","trend":"dn","value":"27.2","slugiddata":81046,"dKPIRSrs":false,"dNITIRSrs":true,"tps":"","dTHEMATICRSrs":false},{"_id":"81738","area":"IND007002","below":[],"indicator":88,"ius":"1st trimester registration to total ANC registrations:Percent:Total","rank":8,"src":6,"subgrp":1,"top":[],"tp":"2012-2013","trend":"up","value":"30.5","slugiddata":81738,"dKPIRSrs":false,"dNITIRSrs":true,"tps":"","dTHEMATICRSrs":false},{"_id":"82438","area":"IND007002","below":[],"indicator":88,"ius":"1st trimester registration to total ANC registrations:Percent:Total","rank":8,"src":6,"subgrp":1,"top":[],"tp":"2013-2014","trend":"dn","value":"24.1","slugiddata":82438,"dKPIRSrs":false,"dNITIRSrs":true,"tps":"","dTHEMATICRSrs":false},{"_id":"83135","area":"IND007002","below":[],"indicator":88,"ius":"1st trimester registration to total ANC registrations:Percent:Total","rank":9,"src":6,"subgrp":1,"top":[],"tp":"2014-2015","trend":"up","value":"28.0","slugiddata":83135,"dKPIRSrs":false,"dNITIRSrs":true,"tps":"","dTHEMATICRSrs":false},{"_id":"83846","area":"IND007002","below":[],"indicator":88,"ius":"1st trimester registration to total ANC registrations:Percent:Total","rank":8,"src":6,"subgrp":1,"top":[],"tp":"2015-2016","trend":"up","value":"30.3","slugiddata":83846,"dKPIRSrs":false,"dNITIRSrs":true,"tps":"","dTHEMATICRSrs":false},{"_id":"84559","area":"IND007002","below":[],"indicator":88,"ius":"1st trimester registration to total ANC registrations:Percent:Total","rank":9,"src":6,"subgrp":1,"top":[],"tp":"2016-2017","trend":"dn","value":"27.9","slugiddata":84559,"dKPIRSrs":false,"dNITIRSrs":true,"tps":"","dTHEMATICRSrs":false},{"_id":"85921","area":"IND007002","below":[],"indicator":46,"ius":"Mothers who received 3 or more antenatal care:Percent:Total","rank":4,"src":6,"subgrp":1,"top":[],"tp":"2009-2010","trend":"na","value":"55.5","slugiddata":85921,"dKPIRSrs":false,"dNITIRSrs":false,"tps":"","dTHEMATICRSrs":false},{"_id":"86593","area":"IND007002","below":[],"indicator":46,"ius":"Mothers who received 3 or more antenatal care:Percent:Total","rank":3,"src":6,"subgrp":1,"top":[],"tp":"2010-2011","trend":"up","value":"59.2","slugiddata":86593,"dKPIRSrs":false,"dNITIRSrs":false,"tps":"","dTHEMATICRSrs":false},{"_id":"87271","area":"IND007002","below":[],"indicator":46,"ius":"Mothers who received 3 or more antenatal care:Percent:Total","rank":7,"src":6,"subgrp":1,"top":[],"tp":"2011-2012","trend":"dn","value":"46.4","slugiddata":87271,"dKPIRSrs":false,"dNITIRSrs":false,"tps":"","dTHEMATICRSrs":false},{"_id":"87963","area":"IND007002","below":[],"indicator":46,"ius":"Mothers who received 3 or more antenatal care:Percent:Total","rank":7,"src":6,"subgrp":1,"top":[],"tp":"2012-2013","trend":"up","value":"51.6","slugiddata":87963,"dKPIRSrs":false,"dNITIRSrs":false,"tps":"","dTHEMATICRSrs":false},{"_id":"88663","area":"IND007002","below":[],"indicator":46,"ius":"Mothers who received 3 or more antenatal care:Percent:Total","rank":10,"src":6,"subgrp":1,"top":[],"tp":"2013-2014","trend":"dn","value":"41.7","slugiddata":88663,"dKPIRSrs":false,"dNITIRSrs":false,"tps":"","dTHEMATICRSrs":false},{"_id":"89360","area":"IND007002","below":[],"indicator":46,"ius":"Mothers who received 3 or more antenatal care:Percent:Total","rank":8,"src":6,"subgrp":1,"top":[],"tp":"2014-2015","trend":"up","value":"53.5","slugiddata":89360,"dKPIRSrs":false,"dNITIRSrs":false,"tps":"","dTHEMATICRSrs":false},{"_id":"90071","area":"IND007002","below":[],"indicator":46,"ius":"Mothers who received 3 or more antenatal care:Percent:Total","rank":9,"src":6,"subgrp":1,"top":[],"tp":"2015-2016","trend":"dn","value":"45.5","slugiddata":90071,"dKPIRSrs":false,"dNITIRSrs":false,"tps":"","dTHEMATICRSrs":false},{"_id":"90784","area":"IND007002","below":[],"indicator":46,"ius":"Mothers who received 3 or more antenatal care:Percent:Total","rank":8,"src":6,"subgrp":1,"top":[],"tp":"2016-2017","trend":"up","value":"53.0","slugiddata":90784,"dKPIRSrs":false,"dNITIRSrs":false,"tps":"","dTHEMATICRSrs":false},{"_id":"92146","area":"IND007002","below":[],"indicator":89,"ius":"Pregnant women received TT2 or Booster to total ANC registration:Percent:Total","rank":6,"src":6,"subgrp":1,"top":[],"tp":"2009-2010","trend":"na","value":"22.7","slugiddata":92146,"dKPIRSrs":false,"dNITIRSrs":false,"tps":"","dTHEMATICRSrs":true},{"_id":"92818","area":"IND007002","below":[],"indicator":89,"ius":"Pregnant women received TT2 or Booster to total ANC registration:Percent:Total","rank":7,"src":6,"subgrp":1,"top":[],"tp":"2010-2011","trend":"up","value":"23.5","slugiddata":92818,"dKPIRSrs":false,"dNITIRSrs":false,"tps":"","dTHEMATICRSrs":true},{"_id":"93496","area":"IND007002","below":[],"indicator":89,"ius":"Pregnant women received TT2 or Booster to total ANC registration:Percent:Total","rank":8,"src":6,"subgrp":1,"top":[],"tp":"2011-2012","trend":"up","value":"25.6","slugiddata":93496,"dKPIRSrs":false,"dNITIRSrs":false,"tps":"","dTHEMATICRSrs":true},{"_id":"94188","area":"IND007002","below":[],"indicator":89,"ius":"Pregnant women received TT2 or Booster to total ANC registration:Percent:Total","rank":8,"src":6,"subgrp":1,"top":[],"tp":"2012-2013","trend":"up","value":"26.4","slugiddata":94188,"dKPIRSrs":false,"dNITIRSrs":false,"tps":"","dTHEMATICRSrs":true},{"_id":"94888","area":"IND007002","below":[],"indicator":89,"ius":"Pregnant women received TT2 or Booster to total ANC registration:Percent:Total","rank":11,"src":6,"subgrp":1,"top":[],"tp":"2013-2014","trend":"dn","value":"19.1","slugiddata":94888,"dKPIRSrs":false,"dNITIRSrs":false,"tps":"","dTHEMATICRSrs":true},{"_id":"95585","area":"IND007002","below":[],"indicator":89,"ius":"Pregnant women received TT2 or Booster to total ANC registration:Percent:Total","rank":11,"src":6,"subgrp":1,"top":[],"tp":"2014-2015","trend":"up","value":"23.0","slugiddata":95585,"dKPIRSrs":false,"dNITIRSrs":false,"tps":"","dTHEMATICRSrs":true},{"_id":"96296","area":"IND007002","below":[],"indicator":89,"ius":"Pregnant women received TT2 or Booster to total ANC registration:Percent:Total","rank":8,"src":6,"subgrp":1,"top":[],"tp":"2015-2016","trend":"up","value":"26.6","slugiddata":96296,"dKPIRSrs":false,"dNITIRSrs":false,"tps":"","dTHEMATICRSrs":true},{"_id":"97009","area":"IND007002","below":[],"indicator":89,"ius":"Pregnant women received TT2 or Booster to total ANC registration:Percent:Total","rank":7,"src":6,"subgrp":1,"top":[],"tp":"2016-2017","trend":"up","value":"26.9","slugiddata":97009,"dKPIRSrs":false,"dNITIRSrs":false,"tps":"","dTHEMATICRSrs":true}]