[{"_id":"108076","area":"IND036013","below":[],"indicator":91,"ius":"New cases detected at institution for hypertension to total ANC registrations:Percent:Total","rank":8,"src":6,"subgrp":1,"top":[],"tp":"2014-2015","trend":"na","value":"3.4","slugiddata":108076,"dKPIRSrs":false,"dNITIRSrs":false,"tps":"","dTHEMATICRSrs":true},{"_id":"108787","area":"IND036013","below":[],"indicator":91,"ius":"New cases detected at institution for hypertension to total ANC registrations:Percent:Total","rank":4,"src":6,"subgrp":1,"top":[],"tp":"2015-2016","trend":"up","value":"2.1","slugiddata":108787,"dKPIRSrs":false,"dNITIRSrs":false,"tps":"","dTHEMATICRSrs":true},{"_id":"109500","area":"IND036013","below":[],"indicator":91,"ius":"New cases detected at institution for hypertension to total ANC registrations:Percent:Total","rank":6,"src":6,"subgrp":1,"top":[],"tp":"2016-2017","trend":"up","value":"1.8","slugiddata":109500,"dKPIRSrs":false,"dNITIRSrs":false,"tps":"","dTHEMATICRSrs":true},{"_id":"114247","area":"IND036013","below":[],"indicator":12,"ius":"Home delivery conducted by skilled health personnel:Percent:Total","rank":8,"src":6,"subgrp":1,"top":[],"tp":"2014-2015","trend":"na","value":"30.7","slugiddata":114247,"dKPIRSrs":false,"dNITIRSrs":true,"tps":"","dTHEMATICRSrs":false},{"_id":"114936","area":"IND036013","below":[],"indicator":12,"ius":"Home delivery conducted by skilled health personnel:Percent:Total","rank":7,"src":6,"subgrp":1,"top":[],"tp":"2015-2016","trend":"up","value":"36.2","slugiddata":114936,"dKPIRSrs":false,"dNITIRSrs":true,"tps":"","dTHEMATICRSrs":false},{"_id":"115623","area":"IND036013","below":[],"indicator":12,"ius":"Home delivery conducted by skilled health personnel:Percent:Total","rank":3,"src":6,"subgrp":1,"top":[],"tp":"2016-2017","trend":"up","value":"54.0","slugiddata":115623,"dKPIRSrs":false,"dNITIRSrs":true,"tps":"","dTHEMATICRSrs":false},{"_id":"126545","area":"IND036013","below":[],"indicator":92,"ius":"Women discharged in less than 48 hours of delivery to total reported deliveries at public institutions:Percent:Total","rank":10,"src":6,"subgrp":1,"top":[],"tp":"2014-2015","trend":"na","value":"71.8","slugiddata":126545,"dKPIRSrs":false,"dNITIRSrs":false,"tps":"","dTHEMATICRSrs":true},{"_id":"127256","area":"IND036013","below":[],"indicator":92,"ius":"Women discharged in less than 48 hours of delivery to total reported deliveries at public institutions:Percent:Total","rank":9,"src":6,"subgrp":1,"top":[],"tp":"2015-2016","trend":"up","value":"64.8","slugiddata":127256,"dKPIRSrs":false,"dNITIRSrs":false,"tps":"","dTHEMATICRSrs":true},{"_id":"127969","area":"IND036013","below":[],"indicator":92,"ius":"Women discharged in less than 48 hours of delivery to total reported deliveries at public institutions:Percent:Total","rank":10,"src":6,"subgrp":1,"top":[],"tp":"2016-2017","trend":"dn","value":"71.2","slugiddata":127969,"dKPIRSrs":false,"dNITIRSrs":false,"tps":"","dTHEMATICRSrs":true},{"_id":"138999","area":"IND036013","below":[],"indicator":93,"ius":"Home deliveries to total reported deliveries:Percent:Total","rank":7,"src":6,"subgrp":1,"top":[],"tp":"2014-2015","trend":"na","value":"15.3","slugiddata":138999,"dKPIRSrs":true,"dNITIRSrs":false,"tps":"","dTHEMATICRSrs":true},{"_id":"139710","area":"IND036013","below":[],"indicator":93,"ius":"Home deliveries to total reported deliveries:Percent:Total","rank":5,"src":6,"subgrp":1,"top":[],"tp":"2015-2016","trend":"up","value":"3.3","slugiddata":139710,"dKPIRSrs":true,"dNITIRSrs":false,"tps":"","dTHEMATICRSrs":true},{"_id":"140423","area":"IND036013","below":[],"indicator":93,"ius":"Home deliveries to total reported deliveries:Percent:Total","rank":5,"src":6,"subgrp":1,"top":[],"tp":"2016-2017","trend":"up","value":"1.8","slugiddata":140423,"dKPIRSrs":true,"dNITIRSrs":false,"tps":"","dTHEMATICRSrs":true},{"_id":"145225","area":"IND036013","below":[],"indicator":2,"ius":"Births delivered by caesarean section:Percent:Total","rank":10,"src":6,"subgrp":1,"top":[],"tp":"2014-2015","trend":"na","value":"8.8","slugiddata":145225,"dKPIRSrs":false,"dNITIRSrs":false,"tps":"","dTHEMATICRSrs":false},{"_id":"145936","area":"IND036013","below":[],"indicator":2,"ius":"Births delivered by caesarean section:Percent:Total","rank":7,"src":6,"subgrp":1,"top":[],"tp":"2015-2016","trend":"up","value":"43.9","slugiddata":145936,"dKPIRSrs":false,"dNITIRSrs":false,"tps":"","dTHEMATICRSrs":false},{"_id":"146649","area":"IND036013","below":[],"indicator":2,"ius":"Births delivered by caesarean section:Percent:Total","rank":7,"src":6,"subgrp":1,"top":[],"tp":"2016-2017","trend":"up","value":"44.2","slugiddata":146649,"dKPIRSrs":false,"dNITIRSrs":false,"tps":"","dTHEMATICRSrs":false},{"_id":"151452","area":"IND036013","below":[],"indicator":33,"ius":"Mothers who received post-natal check-up within 48 hrs. of delivery:Percent:Total","rank":1,"src":6,"subgrp":1,"top":[],"tp":"2014-2015","trend":"na","value":"180.8","slugiddata":151452,"dKPIRSrs":false,"dNITIRSrs":false,"tps":"","dTHEMATICRSrs":true},{"_id":"152163","area":"IND036013","below":[],"indicator":33,"ius":"Mothers who received post-natal check-up within 48 hrs. of delivery:Percent:Total","rank":8,"src":6,"subgrp":1,"top":[],"tp":"2015-2016","trend":"dn","value":"41.7","slugiddata":152163,"dKPIRSrs":false,"dNITIRSrs":false,"tps":"","dTHEMATICRSrs":true},{"_id":"152876","area":"IND036013","below":[],"indicator":33,"ius":"Mothers who received post-natal check-up within 48 hrs. of delivery:Percent:Total","rank":7,"src":6,"subgrp":1,"top":[],"tp":"2016-2017","trend":"up","value":"51.5","slugiddata":152876,"dKPIRSrs":false,"dNITIRSrs":false,"tps":"","dTHEMATICRSrs":true},{"_id":"157666","area":"IND036013","below":[],"indicator":112,"ius":"Newborns having weight less than 2.5 kg to newborns weighed at birth:Percent:Total","rank":5,"src":6,"subgrp":1,"top":[],"tp":"2014-2015","trend":"na","value":"5.7","slugiddata":157666,"dKPIRSrs":true,"dNITIRSrs":true,"tps":"","dTHEMATICRSrs":false},{"_id":"158377","area":"IND036013","below":[],"indicator":112,"ius":"Newborns having weight less than 2.5 kg to newborns weighed at birth:Percent:Total","rank":8,"src":6,"subgrp":1,"top":[],"tp":"2015-2016","trend":"dn","value":"7.7","slugiddata":158377,"dKPIRSrs":true,"dNITIRSrs":true,"tps":"","dTHEMATICRSrs":false},{"_id":"159090","area":"IND036013","below":[],"indicator":112,"ius":"Newborns having weight less than 2.5 kg to newborns weighed at birth:Percent:Total","rank":6,"src":6,"subgrp":1,"top":[],"tp":"2016-2017","trend":"dn","value":"7.9","slugiddata":159090,"dKPIRSrs":true,"dNITIRSrs":true,"tps":"","dTHEMATICRSrs":false},{"_id":"163884","area":"IND036013","below":[],"indicator":111,"ius":"Newborns breastfed within 1 hour of birth to total live birth:Percent:Total","rank":4,"src":6,"subgrp":1,"top":[],"tp":"2014-2015","trend":"na","value":"91.7","slugiddata":163884,"dKPIRSrs":false,"dNITIRSrs":true,"tps":"","dTHEMATICRSrs":false},{"_id":"164595","area":"IND036013","below":[],"indicator":111,"ius":"Newborns breastfed within 1 hour of birth to total live birth:Percent:Total","rank":9,"src":6,"subgrp":1,"top":[],"tp":"2015-2016","trend":"dn","value":"26.9","slugiddata":164595,"dKPIRSrs":false,"dNITIRSrs":true,"tps":"","dTHEMATICRSrs":false},{"_id":"165308","area":"IND036013","below":[],"indicator":111,"ius":"Newborns breastfed within 1 hour of birth to total live birth:Percent:Total","rank":10,"src":6,"subgrp":1,"top":[],"tp":"2016-2017","trend":"up","value":"34.6","slugiddata":165308,"dKPIRSrs":false,"dNITIRSrs":true,"tps":"","dTHEMATICRSrs":false},{"_id":"170055","area":"IND036013","below":[],"indicator":94,"ius":"Newborns visited within 24hrs of home delivery to total reported home deliveries:Percent:Total","rank":4,"src":6,"subgrp":1,"top":[],"tp":"2014-2015","trend":"na","value":"72.1","slugiddata":170055,"dKPIRSrs":false,"dNITIRSrs":false,"tps":"","dTHEMATICRSrs":false},{"_id":"170744","area":"IND036013","below":[],"indicator":94,"ius":"Newborns visited within 24hrs of home delivery to total reported home deliveries:Percent:Total","rank":5,"src":6,"subgrp":1,"top":[],"tp":"2015-2016","trend":"dn","value":"64.8","slugiddata":170744,"dKPIRSrs":false,"dNITIRSrs":false,"tps":"","dTHEMATICRSrs":false},{"_id":"171431","area":"IND036013","below":[],"indicator":94,"ius":"Newborns visited within 24hrs of home delivery to total reported home deliveries:Percent:Total","rank":7,"src":6,"subgrp":1,"top":[],"tp":"2016-2017","trend":"dn","value":"46.2","slugiddata":171431,"dKPIRSrs":false,"dNITIRSrs":false,"tps":"","dTHEMATICRSrs":false},{"_id":"181627","area":"IND036013","below":[],"indicator":96,"ius":"MTPs conducted at public institutions to total MTPs:Percent:Total","rank":4,"src":6,"subgrp":1,"top":[],"tp":"2014-2015","trend":"na","value":"90.9","slugiddata":181627,"dKPIRSrs":false,"dNITIRSrs":false,"tps":"","dTHEMATICRSrs":true},{"_id":"182302","area":"IND036013","below":[],"indicator":96,"ius":"MTPs conducted at public institutions to total MTPs:Percent:Total","rank":1,"src":6,"subgrp":1,"top":[],"tp":"2015-2016","trend":"up","value":"100.0","slugiddata":182302,"dKPIRSrs":false,"dNITIRSrs":false,"tps":"","dTHEMATICRSrs":true},{"_id":"182983","area":"IND036013","below":[],"indicator":96,"ius":"MTPs conducted at public institutions to total MTPs:Percent:Total","rank":1,"src":6,"subgrp":1,"top":[],"tp":"2016-2017","trend":"eq","value":"100.0","slugiddata":182983,"dKPIRSrs":false,"dNITIRSrs":false,"tps":"","dTHEMATICRSrs":true},{"_id":"193592","area":"IND036013","below":[],"indicator":98,"ius":"Male sterilization (vasectomies) to total sterilization:Percent:Total","rank":8,"src":6,"subgrp":1,"top":[],"tp":"2014-2015","trend":"na","value":"0.0","slugiddata":193592,"dKPIRSrs":false,"dNITIRSrs":false,"tps":"","dTHEMATICRSrs":true},{"_id":"194288","area":"IND036013","below":[],"indicator":98,"ius":"Male sterilization (vasectomies) to total sterilization:Percent:Total","rank":7,"src":6,"subgrp":1,"top":[],"tp":"2015-2016","trend":"up","value":"0.1","slugiddata":194288,"dKPIRSrs":false,"dNITIRSrs":false,"tps":"","dTHEMATICRSrs":true},{"_id":"194983","area":"IND036013","below":[],"indicator":98,"ius":"Male sterilization (vasectomies) to total sterilization:Percent:Total","rank":7,"src":6,"subgrp":1,"top":[],"tp":"2016-2017","trend":"eq","value":"0.1","slugiddata":194983,"dKPIRSrs":false,"dNITIRSrs":false,"tps":"","dTHEMATICRSrs":true},{"_id":"199683","area":"IND036013","below":[],"indicator":99,"ius":"Post partum sterilizations to total female sterilizations:Percent:Total","rank":1,"src":6,"subgrp":1,"top":[],"tp":"2014-2015","trend":"na","value":"11.5","slugiddata":199683,"dKPIRSrs":false,"dNITIRSrs":false,"tps":"","dTHEMATICRSrs":false},{"_id":"200378","area":"IND036013","below":[],"indicator":99,"ius":"Post partum sterilizations to total female sterilizations:Percent:Total","rank":4,"src":6,"subgrp":1,"top":[],"tp":"2015-2016","trend":"dn","value":"21.6","slugiddata":200378,"dKPIRSrs":false,"dNITIRSrs":false,"tps":"","dTHEMATICRSrs":false},{"_id":"201072","area":"IND036013","below":[],"indicator":99,"ius":"Post partum sterilizations to total female sterilizations:Percent:Total","rank":4,"src":6,"subgrp":1,"top":[],"tp":"2016-2017","trend":"dn","value":"26.6","slugiddata":201072,"dKPIRSrs":false,"dNITIRSrs":false,"tps":"","dTHEMATICRSrs":false},{"_id":"212096","area":"IND036013","below":[],"indicator":101,"ius":"IUCD insertions in public plus private institutions to all family planning methods ( IUCD plus permanent):Percent:Total","rank":6,"src":6,"subgrp":1,"top":[],"tp":"2014-2015","trend":"na","value":"25.2","slugiddata":212096,"dKPIRSrs":false,"dNITIRSrs":false,"tps":"","dTHEMATICRSrs":true},{"_id":"212807","area":"IND036013","below":[],"indicator":101,"ius":"IUCD insertions in public plus private institutions to all family planning methods ( IUCD plus permanent):Percent:Total","rank":4,"src":6,"subgrp":1,"top":[],"tp":"2015-2016","trend":"dn","value":"17.5","slugiddata":212807,"dKPIRSrs":false,"dNITIRSrs":false,"tps":"","dTHEMATICRSrs":true},{"_id":"213520","area":"IND036013","below":[],"indicator":101,"ius":"IUCD insertions in public plus private institutions to all family planning methods ( IUCD plus permanent):Percent:Total","rank":7,"src":6,"subgrp":1,"top":[],"tp":"2016-2017","trend":"dn","value":"11.8","slugiddata":213520,"dKPIRSrs":false,"dNITIRSrs":false,"tps":"","dTHEMATICRSrs":true},{"_id":"218314","area":"IND036013","below":[],"indicator":102,"ius":"Newborns given BCG to reported live birth:Percent:Total","rank":1,"src":6,"subgrp":1,"top":[],"tp":"2014-2015","trend":"na","value":"165.4","slugiddata":218314,"dKPIRSrs":false,"dNITIRSrs":false,"tps":"","dTHEMATICRSrs":true},{"_id":"219025","area":"IND036013","below":[],"indicator":102,"ius":"Newborns given BCG to reported live birth:Percent:Total","rank":2,"src":6,"subgrp":1,"top":[],"tp":"2015-2016","trend":"dn","value":"99.1","slugiddata":219025,"dKPIRSrs":false,"dNITIRSrs":false,"tps":"","dTHEMATICRSrs":true},{"_id":"219738","area":"IND036013","below":[],"indicator":102,"ius":"Newborns given BCG to reported live birth:Percent:Total","rank":2,"src":6,"subgrp":1,"top":[],"tp":"2016-2017","trend":"up","value":"155.1","slugiddata":219738,"dKPIRSrs":false,"dNITIRSrs":false,"tps":"","dTHEMATICRSrs":true},{"_id":"224532","area":"IND036013","below":[],"indicator":103,"ius":"Infants 0 to 11 months old who received measles vaccine to reported live births:Percent:Total","rank":2,"src":6,"subgrp":1,"top":[],"tp":"2014-2015","trend":"na","value":"152.3","slugiddata":224532,"dKPIRSrs":false,"dNITIRSrs":false,"tps":"","dTHEMATICRSrs":true},{"_id":"225243","area":"IND036013","below":[],"indicator":103,"ius":"Infants 0 to 11 months old who received measles vaccine to reported live births:Percent:Total","rank":3,"src":6,"subgrp":1,"top":[],"tp":"2015-2016","trend":"dn","value":"110.0","slugiddata":225243,"dKPIRSrs":false,"dNITIRSrs":false,"tps":"","dTHEMATICRSrs":true},{"_id":"225956","area":"IND036013","below":[],"indicator":103,"ius":"Infants 0 to 11 months old who received measles vaccine to reported live births:Percent:Total","rank":5,"src":6,"subgrp":1,"top":[],"tp":"2016-2017","trend":"up","value":"120.8","slugiddata":225956,"dKPIRSrs":false,"dNITIRSrs":false,"tps":"","dTHEMATICRSrs":true},{"_id":"236860","area":"IND036013","below":[],"indicator":14,"ius":"Institutional delivery:Percent:Total","rank":7,"src":6,"subgrp":1,"top":[],"tp":"2014-2015","trend":"na","value":"84.7","slugiddata":236860,"dKPIRSrs":false,"dNITIRSrs":false,"tps":"","dTHEMATICRSrs":false},{"_id":"237571","area":"IND036013","below":[],"indicator":14,"ius":"Institutional delivery:Percent:Total","rank":5,"src":6,"subgrp":1,"top":[],"tp":"2015-2016","trend":"up","value":"96.7","slugiddata":237571,"dKPIRSrs":false,"dNITIRSrs":false,"tps":"","dTHEMATICRSrs":false},{"_id":"238284","area":"IND036013","below":[],"indicator":14,"ius":"Institutional delivery:Percent:Total","rank":5,"src":6,"subgrp":1,"top":[],"tp":"2016-2017","trend":"up","value":"98.2","slugiddata":238284,"dKPIRSrs":false,"dNITIRSrs":false,"tps":"","dTHEMATICRSrs":false},{"_id":"243086","area":"IND036013","below":[],"indicator":11,"ius":"Institutional delivery in public/government health facility:Percent:Total","rank":1,"src":6,"subgrp":1,"top":[],"tp":"2014-2015","trend":"na","value":"100.0","slugiddata":243086,"dKPIRSrs":false,"dNITIRSrs":false,"tps":"","dTHEMATICRSrs":false},{"_id":"243797","area":"IND036013","below":[],"indicator":11,"ius":"Institutional delivery in public/government health facility:Percent:Total","rank":7,"src":6,"subgrp":1,"top":[],"tp":"2015-2016","trend":"dn","value":"26.6","slugiddata":243797,"dKPIRSrs":false,"dNITIRSrs":false,"tps":"","dTHEMATICRSrs":false},{"_id":"244510","area":"IND036013","below":[],"indicator":11,"ius":"Institutional delivery in public/government health facility:Percent:Total","rank":7,"src":6,"subgrp":1,"top":[],"tp":"2016-2017","trend":"up","value":"33.3","slugiddata":244510,"dKPIRSrs":false,"dNITIRSrs":false,"tps":"","dTHEMATICRSrs":false},{"_id":"254820","area":"IND036013","below":[],"indicator":105,"ius":"Adolescent counselled:Number:Total","rank":4,"src":6,"subgrp":1,"top":[],"tp":"2014-2015","trend":"na","value":"6964.0","slugiddata":254820,"dKPIRSrs":false,"dNITIRSrs":false,"tps":"","dTHEMATICRSrs":true},{"_id":"255529","area":"IND036013","below":[],"indicator":105,"ius":"Adolescent counselled:Number:Total","rank":5,"src":6,"subgrp":1,"top":[],"tp":"2015-2016","trend":"dn","value":"4132.0","slugiddata":255529,"dKPIRSrs":false,"dNITIRSrs":false,"tps":"","dTHEMATICRSrs":true},{"_id":"256240","area":"IND036013","below":[],"indicator":105,"ius":"Adolescent counselled:Number:Total","rank":6,"src":6,"subgrp":1,"top":[],"tp":"2016-2017","trend":"dn","value":"3607.0","slugiddata":256240,"dKPIRSrs":false,"dNITIRSrs":false,"tps":"","dTHEMATICRSrs":true},{"_id":"263198","area":"IND036013","below":[],"indicator":88,"ius":"1st trimester registration to total ANC registrations:Percent:Total","rank":7,"src":6,"subgrp":1,"top":[],"tp":"2017-2018","trend":"up","value":"65.4","slugiddata":263198,"dKPIRSrs":false,"dNITIRSrs":true,"tps":"","dTHEMATICRSrs":false},{"_id":"263934","area":"IND036013","below":[],"indicator":48,"ius":"Mothers who had at least 4 antenatal care visits:Percent:Total","rank":7,"src":6,"subgrp":1,"top":[],"tp":"2017-2018","trend":"na","value":"75.0","slugiddata":263934,"dKPIRSrs":false,"dNITIRSrs":true,"tps":"","dTHEMATICRSrs":false},{"_id":"264664","area":"IND036013","below":[],"indicator":12,"ius":"Home delivery conducted by skilled health personnel:Percent:Total","rank":18,"src":6,"subgrp":1,"top":[],"tp":"2017-2018","trend":"dn","value":"53.3","slugiddata":264664,"dKPIRSrs":false,"dNITIRSrs":true,"tps":"","dTHEMATICRSrs":false},{"_id":"265397","area":"IND036013","below":[],"indicator":112,"ius":"Newborns having weight less than 2.5 kg to newborns weighed at birth:Percent:Total","rank":13,"src":6,"subgrp":1,"top":[],"tp":"2017-2018","trend":"dn","value":"10.7","slugiddata":265397,"dKPIRSrs":true,"dNITIRSrs":true,"tps":"","dTHEMATICRSrs":false},{"_id":"266133","area":"IND036013","below":[],"indicator":111,"ius":"Newborns breastfed within 1 hour of birth to total live birth:Percent:Total","rank":12,"src":6,"subgrp":1,"top":[],"tp":"2017-2018","trend":"up","value":"85.3","slugiddata":266133,"dKPIRSrs":false,"dNITIRSrs":true,"tps":"","dTHEMATICRSrs":false},{"_id":"266869","area":"IND036013","below":[],"indicator":109,"ius":"Percentage of institutional deliveries out of total ANC registration:Percent:Total","rank":4,"src":6,"subgrp":1,"top":[],"tp":"2017-2018","trend":"up","value":"63.3","slugiddata":266869,"dKPIRSrs":false,"dNITIRSrs":true,"tps":"","dTHEMATICRSrs":false},{"_id":"267605","area":"IND036013","below":[],"indicator":108,"ius":"Percentage of PW having Hb level<11 (tested cases) (7.1 to 10.9) against total ANC registration:Percent:Total","rank":23,"src":6,"subgrp":1,"top":[],"tp":"2017-2018","trend":"dn","value":"71.0","slugiddata":267605,"dKPIRSrs":false,"dNITIRSrs":true,"tps":"","dTHEMATICRSrs":false},{"_id":"268341","area":"IND036013","below":[],"indicator":113,"ius":"Percentage of PW having Hb level<7 (tested cases) against total ANC registration:Percent:Total","rank":1,"src":6,"subgrp":1,"top":[],"tp":"2017-2018","trend":"up","value":"0.2","slugiddata":268341,"dKPIRSrs":false,"dNITIRSrs":true,"tps":"","dTHEMATICRSrs":false},{"_id":"269077","area":"IND036013","below":[],"indicator":110,"ius":"Proportion of live babies weighed at birth:Percent:Total","rank":4,"src":6,"subgrp":1,"top":[],"tp":"2017-2018","trend":"up","value":"98.1","slugiddata":269077,"dKPIRSrs":false,"dNITIRSrs":true,"tps":"","dTHEMATICRSrs":false},{"_id":"273889","area":"IND036013","below":[],"indicator":108,"ius":"Percentage of PW having Hb level<11 (tested cases) (7.1 to 10.9) against total ANC registration:Percent:Total","rank":5,"src":6,"subgrp":1,"top":[],"tp":"2014-2015","trend":"na","value":"21.8","slugiddata":273889,"dKPIRSrs":false,"dNITIRSrs":true,"tps":"","dTHEMATICRSrs":false},{"_id":"274600","area":"IND036013","below":[],"indicator":108,"ius":"Percentage of PW having Hb level<11 (tested cases) (7.1 to 10.9) against total ANC registration:Percent:Total","rank":6,"src":6,"subgrp":1,"top":[],"tp":"2015-2016","trend":"dn","value":"34.7","slugiddata":274600,"dKPIRSrs":false,"dNITIRSrs":true,"tps":"","dTHEMATICRSrs":false},{"_id":"275313","area":"IND036013","below":[],"indicator":108,"ius":"Percentage of PW having Hb level<11 (tested cases) (7.1 to 10.9) against total ANC registration:Percent:Total","rank":6,"src":6,"subgrp":1,"top":[],"tp":"2016-2017","trend":"up","value":"32.5","slugiddata":275313,"dKPIRSrs":false,"dNITIRSrs":true,"tps":"","dTHEMATICRSrs":false},{"_id":"280114","area":"IND036013","below":[],"indicator":113,"ius":"Percentage of PW having Hb level<7 (tested cases) against total ANC registration:Percent:Total","rank":5,"src":6,"subgrp":1,"top":[],"tp":"2014-2015","trend":"na","value":"0.5","slugiddata":280114,"dKPIRSrs":false,"dNITIRSrs":true,"tps":"","dTHEMATICRSrs":false},{"_id":"280825","area":"IND036013","below":[],"indicator":113,"ius":"Percentage of PW having Hb level<7 (tested cases) against total ANC registration:Percent:Total","rank":3,"src":6,"subgrp":1,"top":[],"tp":"2015-2016","trend":"up","value":"0.4","slugiddata":280825,"dKPIRSrs":false,"dNITIRSrs":true,"tps":"","dTHEMATICRSrs":false},{"_id":"281538","area":"IND036013","below":[],"indicator":113,"ius":"Percentage of PW having Hb level<7 (tested cases) against total ANC registration:Percent:Total","rank":2,"src":6,"subgrp":1,"top":[],"tp":"2016-2017","trend":"dn","value":"0.6","slugiddata":281538,"dKPIRSrs":false,"dNITIRSrs":true,"tps":"","dTHEMATICRSrs":false},{"_id":"286339","area":"IND036013","below":[],"indicator":109,"ius":"Percentage of institutional deliveries out of total ANC registration:Percent:Total","rank":9,"src":6,"subgrp":1,"top":[],"tp":"2014-2015","trend":"na","value":"20.1","slugiddata":286339,"dKPIRSrs":false,"dNITIRSrs":true,"tps":"","dTHEMATICRSrs":false},{"_id":"287050","area":"IND036013","below":[],"indicator":109,"ius":"Percentage of institutional deliveries out of total ANC registration:Percent:Total","rank":7,"src":6,"subgrp":1,"top":[],"tp":"2015-2016","trend":"up","value":"70.6","slugiddata":287050,"dKPIRSrs":false,"dNITIRSrs":true,"tps":"","dTHEMATICRSrs":false},{"_id":"287763","area":"IND036013","below":[],"indicator":109,"ius":"Percentage of institutional deliveries out of total ANC registration:Percent:Total","rank":7,"src":6,"subgrp":1,"top":[],"tp":"2016-2017","trend":"dn","value":"54.4","slugiddata":287763,"dKPIRSrs":false,"dNITIRSrs":true,"tps":"","dTHEMATICRSrs":false},{"_id":"292557","area":"IND036013","below":[],"indicator":110,"ius":"Proportion of live babies weighed at birth:Percent:Total","rank":5,"src":6,"subgrp":1,"top":[],"tp":"2014-2015","trend":"na","value":"91.3","slugiddata":292557,"dKPIRSrs":false,"dNITIRSrs":true,"tps":"","dTHEMATICRSrs":false},{"_id":"293268","area":"IND036013","below":[],"indicator":110,"ius":"Proportion of live babies weighed at birth:Percent:Total","rank":9,"src":6,"subgrp":1,"top":[],"tp":"2015-2016","trend":"dn","value":"26.5","slugiddata":293268,"dKPIRSrs":false,"dNITIRSrs":true,"tps":"","dTHEMATICRSrs":false},{"_id":"293981","area":"IND036013","below":[],"indicator":110,"ius":"Proportion of live babies weighed at birth:Percent:Total","rank":10,"src":6,"subgrp":1,"top":[],"tp":"2016-2017","trend":"up","value":"35.9","slugiddata":293981,"dKPIRSrs":false,"dNITIRSrs":true,"tps":"","dTHEMATICRSrs":false},{"_id":"294751","area":"IND036013","below":[],"indicator":89,"ius":"Pregnant women received TT2 or Booster to total ANC registration:Percent:Total","rank":10,"src":6,"subgrp":1,"top":[],"tp":"2017-2018","trend":"up","value":"88.0","slugiddata":294751,"dKPIRSrs":false,"dNITIRSrs":false,"tps":"","dTHEMATICRSrs":true},{"_id":"295487","area":"IND036013","below":[],"indicator":92,"ius":"Women discharged in less than 48 hours of delivery to total reported deliveries at public institutions:Percent:Total","rank":27,"src":6,"subgrp":1,"top":[],"tp":"2017-2018","trend":"up","value":"65.3","slugiddata":295487,"dKPIRSrs":false,"dNITIRSrs":false,"tps":"","dTHEMATICRSrs":true},{"_id":"296223","area":"IND036013","below":[],"indicator":14,"ius":"Institutional delivery:Percent:Total","rank":3,"src":6,"subgrp":1,"top":[],"tp":"2017-2018","trend":"up","value":"99.8","slugiddata":296223,"dKPIRSrs":false,"dNITIRSrs":false,"tps":"","dTHEMATICRSrs":false},{"_id":"297695","area":"IND036013","below":[],"indicator":93,"ius":"Home deliveries to total reported deliveries:Percent:Total","rank":3,"src":6,"subgrp":1,"top":[],"tp":"2017-2018","trend":"up","value":"0.2","slugiddata":297695,"dKPIRSrs":true,"dNITIRSrs":false,"tps":"","dTHEMATICRSrs":true},{"_id":"298431","area":"IND036013","below":[],"indicator":2,"ius":"Births delivered by caesarean section:Percent:Total","rank":24,"src":6,"subgrp":1,"top":[],"tp":"2017-2018","trend":"dn","value":"29.3","slugiddata":298431,"dKPIRSrs":false,"dNITIRSrs":false,"tps":"","dTHEMATICRSrs":false},{"_id":"299167","area":"IND036013","below":[],"indicator":11,"ius":"Institutional delivery in public/government health facility:Percent:Total","rank":2,"src":6,"subgrp":1,"top":[],"tp":"2017-2018","trend":"up","value":"79.6","slugiddata":299167,"dKPIRSrs":false,"dNITIRSrs":false,"tps":"","dTHEMATICRSrs":false},{"_id":"300615","area":"IND036013","below":[],"indicator":96,"ius":"MTPs conducted at public institutions to total MTPs:Percent:Total","rank":1,"src":6,"subgrp":1,"top":[],"tp":"2017-2018","trend":"eq","value":"100.0","slugiddata":300615,"dKPIRSrs":false,"dNITIRSrs":false,"tps":"","dTHEMATICRSrs":true},{"_id":"302033","area":"IND036013","below":[],"indicator":98,"ius":"Male sterilization (vasectomies) to total sterilization:Percent:Total","rank":24,"src":6,"subgrp":1,"top":[],"tp":"2017-2018","trend":"dn","value":"0.0","slugiddata":302033,"dKPIRSrs":false,"dNITIRSrs":false,"tps":"","dTHEMATICRSrs":true},{"_id":"302753","area":"IND036013","below":[],"indicator":99,"ius":"Post partum sterilizations to total female sterilizations:Percent:Total","rank":7,"src":6,"subgrp":1,"top":[],"tp":"2017-2018","trend":"up","value":"18.8","slugiddata":302753,"dKPIRSrs":false,"dNITIRSrs":false,"tps":"","dTHEMATICRSrs":false},{"_id":"304224","area":"IND036013","below":[],"indicator":101,"ius":"IUCD insertions in public plus private institutions to all family planning methods ( IUCD plus permanent):Percent:Total","rank":22,"src":6,"subgrp":1,"top":[],"tp":"2017-2018","trend":"up","value":"12.8","slugiddata":304224,"dKPIRSrs":false,"dNITIRSrs":false,"tps":"","dTHEMATICRSrs":true},{"_id":"304960","area":"IND036013","below":[],"indicator":102,"ius":"Newborns given BCG to reported live birth:Percent:Total","rank":21,"src":6,"subgrp":1,"top":[],"tp":"2017-2018","trend":"dn","value":"140.3","slugiddata":304960,"dKPIRSrs":false,"dNITIRSrs":false,"tps":"","dTHEMATICRSrs":true},{"_id":"305696","area":"IND036013","below":[],"indicator":103,"ius":"Infants 0 to 11 months old who received measles vaccine to reported live births:Percent:Total","rank":28,"src":6,"subgrp":1,"top":[],"tp":"2017-2018","trend":"dn","value":"112.4","slugiddata":305696,"dKPIRSrs":false,"dNITIRSrs":false,"tps":"","dTHEMATICRSrs":true},{"_id":"312013","area":"IND036013","below":[],"indicator":119,"ius":"Cases of Pregnant women with obstetric complications and attended to reported deliveries:Percent:Total","rank":3,"src":6,"subgrp":1,"top":[],"tp":"2014-2015","trend":"na","value":"17.9","slugiddata":312013,"dKPIRSrs":false,"dNITIRSrs":false,"tps":"","dTHEMATICRSrs":false},{"_id":"312724","area":"IND036013","below":[],"indicator":119,"ius":"Cases of Pregnant women with obstetric complications and attended to reported deliveries:Percent:Total","rank":7,"src":6,"subgrp":1,"top":[],"tp":"2015-2016","trend":"dn","value":"2.4","slugiddata":312724,"dKPIRSrs":false,"dNITIRSrs":false,"tps":"","dTHEMATICRSrs":false},{"_id":"313437","area":"IND036013","below":[],"indicator":119,"ius":"Cases of Pregnant women with obstetric complications and attended to reported deliveries:Percent:Total","rank":8,"src":6,"subgrp":1,"top":[],"tp":"2016-2017","trend":"dn","value":"1.8","slugiddata":313437,"dKPIRSrs":false,"dNITIRSrs":false,"tps":"","dTHEMATICRSrs":false},{"_id":"314162","area":"IND036013","below":[],"indicator":119,"ius":"Cases of Pregnant women with obstetric complications and attended to reported deliveries:Percent:Total","rank":17,"src":6,"subgrp":1,"top":[],"tp":"2017-2018","trend":"dn","value":"1.0","slugiddata":314162,"dKPIRSrs":false,"dNITIRSrs":false,"tps":"","dTHEMATICRSrs":false},{"_id":"314898","area":"IND036013","below":[],"indicator":118,"ius":"Pregnant women given 180 IFA to total ANC registration:Percent:Total","rank":10,"src":6,"subgrp":1,"top":[],"tp":"2017-2018","trend":"na","value":"103.3","slugiddata":314898,"dKPIRSrs":false,"dNITIRSrs":false,"tps":"","dTHEMATICRSrs":false},{"_id":"315634","area":"IND036013","below":[],"indicator":88,"ius":"1st trimester registration to total ANC registrations:Percent:Total","rank":11,"src":6,"subgrp":1,"top":[],"tp":"Apr-Sep_2018","trend":"up","value":"71.4","slugiddata":315634,"dKPIRSrs":false,"dNITIRSrs":true,"tps":"","dTHEMATICRSrs":false},{"_id":"316373","area":"IND036013","below":[],"indicator":48,"ius":"Mothers who had at least 4 antenatal care visits:Percent:Total","rank":8,"src":6,"subgrp":1,"top":[],"tp":"Apr-Sep_2018","trend":"up","value":"84.1","slugiddata":316373,"dKPIRSrs":false,"dNITIRSrs":true,"tps":"","dTHEMATICRSrs":false},{"_id":"317112","area":"IND036013","below":[],"indicator":89,"ius":"Pregnant women received TT2 or Booster to total ANC registration:Percent:Total","rank":14,"src":6,"subgrp":1,"top":[],"tp":"Apr-Sep_2018","trend":"up","value":"89.0","slugiddata":317112,"dKPIRSrs":false,"dNITIRSrs":false,"tps":"","dTHEMATICRSrs":true},{"_id":"317851","area":"IND036013","below":[],"indicator":118,"ius":"Pregnant women given 180 IFA to total ANC registration:Percent:Total","rank":7,"src":6,"subgrp":1,"top":[],"tp":"Apr-Sep_2018","trend":"up","value":"131.0","slugiddata":317851,"dKPIRSrs":false,"dNITIRSrs":false,"tps":"","dTHEMATICRSrs":false},{"_id":"318590","area":"IND036013","below":[],"indicator":108,"ius":"Percentage of PW having Hb level<11 (tested cases) (7.1 to 10.9) against total ANC registration:Percent:Total","rank":22,"src":6,"subgrp":1,"top":[],"tp":"Apr-Sep_2018","trend":"dn","value":"75.5","slugiddata":318590,"dKPIRSrs":false,"dNITIRSrs":true,"tps":"","dTHEMATICRSrs":false},{"_id":"320067","area":"IND036013","below":[],"indicator":113,"ius":"Percentage of PW having Hb level<7 (tested cases) against total ANC registration:Percent:Total","rank":8,"src":6,"subgrp":1,"top":[],"tp":"Apr-Sep_2018","trend":"dn","value":"1.0","slugiddata":320067,"dKPIRSrs":false,"dNITIRSrs":true,"tps":"","dTHEMATICRSrs":false},{"_id":"320806","area":"IND036013","below":[],"indicator":91,"ius":"New cases detected at institution for hypertension to total ANC registrations:Percent:Total","rank":2,"src":6,"subgrp":1,"top":[],"tp":"Apr-Sep_2018","trend":"up","value":"0.4","slugiddata":320806,"dKPIRSrs":false,"dNITIRSrs":false,"tps":"","dTHEMATICRSrs":true},{"_id":"321531","area":"IND036013","below":[],"indicator":12,"ius":"Home delivery conducted by skilled health personnel:Percent:Total","rank":1,"src":6,"subgrp":1,"top":[],"tp":"Apr-Sep_2018","trend":"up","value":"100.0","slugiddata":321531,"dKPIRSrs":false,"dNITIRSrs":true,"tps":"","dTHEMATICRSrs":false},{"_id":"322265","area":"IND036013","below":[],"indicator":92,"ius":"Women discharged in less than 48 hours of delivery to total reported deliveries at public institutions:Percent:Total","rank":25,"src":6,"subgrp":1,"top":[],"tp":"Apr-Sep_2018","trend":"eq","value":"65.3","slugiddata":322265,"dKPIRSrs":false,"dNITIRSrs":false,"tps":"","dTHEMATICRSrs":true},{"_id":"323004","area":"IND036013","below":[],"indicator":109,"ius":"Percentage of institutional deliveries out of total ANC registration:Percent:Total","rank":6,"src":6,"subgrp":1,"top":[],"tp":"Apr-Sep_2018","trend":"dn","value":"43.9","slugiddata":323004,"dKPIRSrs":false,"dNITIRSrs":true,"tps":"","dTHEMATICRSrs":false},{"_id":"323743","area":"IND036013","below":[],"indicator":14,"ius":"Institutional delivery:Percent:Total","rank":1,"src":6,"subgrp":1,"top":[],"tp":"Apr-Sep_2018","trend":"up","value":"100.0","slugiddata":323743,"dKPIRSrs":false,"dNITIRSrs":false,"tps":"","dTHEMATICRSrs":false},{"_id":"325221","area":"IND036013","below":[],"indicator":93,"ius":"Home deliveries to total reported deliveries:Percent:Total","rank":1,"src":6,"subgrp":1,"top":[],"tp":"Apr-Sep_2018","trend":"up","value":"0.0","slugiddata":325221,"dKPIRSrs":true,"dNITIRSrs":false,"tps":"","dTHEMATICRSrs":true},{"_id":"325960","area":"IND036013","below":[],"indicator":2,"ius":"Births delivered by caesarean section:Percent:Total","rank":26,"src":6,"subgrp":1,"top":[],"tp":"Apr-Sep_2018","trend":"dn","value":"27.7","slugiddata":325960,"dKPIRSrs":false,"dNITIRSrs":false,"tps":"","dTHEMATICRSrs":false},{"_id":"326699","area":"IND036013","below":[],"indicator":11,"ius":"Institutional delivery in public/government health facility:Percent:Total","rank":1,"src":6,"subgrp":1,"top":[],"tp":"Apr-Sep_2018","trend":"up","value":"100.0","slugiddata":326699,"dKPIRSrs":false,"dNITIRSrs":false,"tps":"","dTHEMATICRSrs":false},{"_id":"328177","area":"IND036013","below":[],"indicator":110,"ius":"Proportion of live babies weighed at birth:Percent:Total","rank":16,"src":6,"subgrp":1,"top":[],"tp":"Apr-Sep_2018","trend":"dn","value":"87.4","slugiddata":328177,"dKPIRSrs":false,"dNITIRSrs":true,"tps":"","dTHEMATICRSrs":false},{"_id":"328916","area":"IND036013","below":[],"indicator":112,"ius":"Newborns having weight less than 2.5 kg to newborns weighed at birth:Percent:Total","rank":9,"src":6,"subgrp":1,"top":[],"tp":"Apr-Sep_2018","trend":"up","value":"8.5","slugiddata":328916,"dKPIRSrs":true,"dNITIRSrs":true,"tps":"","dTHEMATICRSrs":false},{"_id":"329655","area":"IND036013","below":[],"indicator":111,"ius":"Newborns breastfed within 1 hour of birth to total live birth:Percent:Total","rank":24,"src":6,"subgrp":1,"top":[],"tp":"Apr-Sep_2018","trend":"dn","value":"71.1","slugiddata":329655,"dKPIRSrs":false,"dNITIRSrs":true,"tps":"","dTHEMATICRSrs":false},{"_id":"331133","area":"IND036013","below":[],"indicator":119,"ius":"Cases of Pregnant women with obstetric complications and attended to reported deliveries:Percent:Total","rank":8,"src":6,"subgrp":1,"top":[],"tp":"Apr-Sep_2018","trend":"up","value":"3.4","slugiddata":331133,"dKPIRSrs":false,"dNITIRSrs":false,"tps":"","dTHEMATICRSrs":false},{"_id":"331836","area":"IND036013","below":[],"indicator":96,"ius":"MTPs conducted at public institutions to total MTPs:Percent:Total","rank":1,"src":6,"subgrp":1,"top":[],"tp":"Apr-Sep_2018","trend":"eq","value":"100.0","slugiddata":331836,"dKPIRSrs":false,"dNITIRSrs":false,"tps":"","dTHEMATICRSrs":true},{"_id":"333229","area":"IND036013","below":[],"indicator":98,"ius":"Male sterilization (vasectomies) to total sterilization:Percent:Total","rank":18,"src":6,"subgrp":1,"top":[],"tp":"Apr-Sep_2018","trend":"eq","value":"0.0","slugiddata":333229,"dKPIRSrs":false,"dNITIRSrs":false,"tps":"","dTHEMATICRSrs":true},{"_id":"333940","area":"IND036013","below":[],"indicator":99,"ius":"Post partum sterilizations to total female sterilizations:Percent:Total","rank":20,"src":6,"subgrp":1,"top":[],"tp":"Apr-Sep_2018","trend":"dn","value":"77.6","slugiddata":333940,"dKPIRSrs":false,"dNITIRSrs":false,"tps":"","dTHEMATICRSrs":false},{"_id":"335414","area":"IND036013","below":[],"indicator":101,"ius":"IUCD insertions in public plus private institutions to all family planning methods ( IUCD plus permanent):Percent:Total","rank":15,"src":6,"subgrp":1,"top":[],"tp":"Apr-Sep_2018","trend":"up","value":"35.6","slugiddata":335414,"dKPIRSrs":false,"dNITIRSrs":false,"tps":"","dTHEMATICRSrs":true},{"_id":"336153","area":"IND036013","below":[],"indicator":102,"ius":"Newborns given BCG to reported live birth:Percent:Total","rank":8,"src":6,"subgrp":1,"top":[],"tp":"Apr-Sep_2018","trend":"up","value":"221.2","slugiddata":336153,"dKPIRSrs":false,"dNITIRSrs":false,"tps":"","dTHEMATICRSrs":true},{"_id":"336892","area":"IND036013","below":[],"indicator":103,"ius":"Infants 0 to 11 months old who received measles vaccine to reported live births:Percent:Total","rank":20,"src":6,"subgrp":1,"top":[],"tp":"Apr-Sep_2018","trend":"up","value":"192.7","slugiddata":336892,"dKPIRSrs":false,"dNITIRSrs":false,"tps":"","dTHEMATICRSrs":true},{"_id":"386929","area":"IND036013","below":[],"indicator":10,"ius":"Current Usage FP - Female sterilization:Percent:Total","rank":4,"src":1,"subgrp":1,"top":[],"tp":"2015-2016","trend":"na","value":"64.0","slugiddata":386929,"dKPIRSrs":false,"dNITIRSrs":false,"tps":"","dTHEMATICRSrs":true},{"_id":"387552","area":"IND036013","below":[],"indicator":53,"ius":"Unmet Need for FP - Unmet need for spacing:Percent:Total","rank":6,"src":1,"subgrp":1,"top":[],"tp":"2015-2016","trend":"na","value":"3.7","slugiddata":387552,"dKPIRSrs":false,"dNITIRSrs":false,"tps":"","dTHEMATICRSrs":true},{"_id":"388175","area":"IND036013","below":[],"indicator":48,"ius":"Mothers who had at least 4 antenatal care visits:Percent:Total","rank":9,"src":1,"subgrp":1,"top":[],"tp":"2015-2016","trend":"na","value":"60.2","slugiddata":388175,"dKPIRSrs":false,"dNITIRSrs":false,"tps":"","dTHEMATICRSrs":true},{"_id":"388798","area":"IND036013","below":[],"indicator":33,"ius":"Mothers who received post-natal check-up within 48 hrs. of delivery:Percent:Total","rank":9,"src":1,"subgrp":1,"top":[],"tp":"2015-2016","trend":"na","value":"70.6","slugiddata":388798,"dKPIRSrs":false,"dNITIRSrs":false,"tps":"","dTHEMATICRSrs":false},{"_id":"390044","area":"IND036013","below":[],"indicator":12,"ius":"Home delivery conducted by skilled health personnel:Percent:Total","rank":2,"src":1,"subgrp":1,"top":[],"tp":"2015-2016","trend":"na","value":"5.9","slugiddata":390044,"dKPIRSrs":false,"dNITIRSrs":false,"tps":"","dTHEMATICRSrs":false},{"_id":"391290","area":"IND036013","below":[],"indicator":2,"ius":"Births delivered by caesarean section:Percent:Total","rank":10,"src":1,"subgrp":1,"top":[],"tp":"2015-2016","trend":"na","value":"33.5","slugiddata":391290,"dKPIRSrs":false,"dNITIRSrs":false,"tps":"","dTHEMATICRSrs":true},{"_id":"393991","area":"IND036013","below":[],"indicator":58,"ius":"Children who are severely wasted (weight-for-height)/severe acute malnourished (SAM):Percent:Total","rank":6,"src":1,"subgrp":1,"top":[],"tp":"2015-2016","trend":"na","value":"5.1","slugiddata":393991,"dKPIRSrs":false,"dNITIRSrs":true,"tps":"","dTHEMATICRSrs":true},{"_id":"394614","area":"IND036013","below":[],"indicator":56,"ius":"Children who are underweight (weight-for-age):Percent:Total","rank":7,"src":1,"subgrp":1,"top":[],"tp":"2015-2016","trend":"na","value":"34.5","slugiddata":394614,"dKPIRSrs":false,"dNITIRSrs":true,"tps":"","dTHEMATICRSrs":true},{"_id":"395237","area":"IND036013","below":[],"indicator":28,"ius":"Children aged (6-59 months) who are anaemic (<11.0 g/dl):Percent:Total","rank":5,"src":1,"subgrp":1,"top":[],"tp":"2015-2016","trend":"na","value":"64.4","slugiddata":395237,"dKPIRSrs":false,"dNITIRSrs":false,"tps":"","dTHEMATICRSrs":true},{"_id":"396678","area":"IND036013","below":[],"indicator":1,"ius":"Current Usage FP - Any modern method:Percent:Total","rank":4,"src":1,"subgrp":1,"top":[],"tp":"2015-2016","trend":"na","value":"64.3","slugiddata":396678,"dKPIRSrs":true,"dNITIRSrs":false,"tps":"","dTHEMATICRSrs":true},{"_id":"397301","area":"IND036013","below":[],"indicator":9,"ius":"Current Usage FP - Copper-T/IUD/PPIUD:Percent:Total","rank":5,"src":1,"subgrp":1,"top":[],"tp":"2015-2016","trend":"na","value":"0.1","slugiddata":397301,"dKPIRSrs":true,"dNITIRSrs":false,"tps":"","dTHEMATICRSrs":true},{"_id":"397924","area":"IND036013","below":[],"indicator":51,"ius":"Unmet Need for FP - Total unmet need:Percent:Total","rank":4,"src":1,"subgrp":1,"top":[],"tp":"2015-2016","trend":"na","value":"6.3","slugiddata":397924,"dKPIRSrs":true,"dNITIRSrs":false,"tps":"","dTHEMATICRSrs":true},{"_id":"398547","area":"IND036013","below":[],"indicator":44,"ius":"Mothers who had antenatal check-up in the first trimester:Percent:Total","rank":6,"src":1,"subgrp":1,"top":[],"tp":"2015-2016","trend":"na","value":"82.1","slugiddata":398547,"dKPIRSrs":true,"dNITIRSrs":false,"tps":"","dTHEMATICRSrs":true},{"_id":"399170","area":"IND036013","below":[],"indicator":45,"ius":"Mothers who had full antenatal care:Percent:Total","rank":5,"src":1,"subgrp":1,"top":[],"tp":"2015-2016","trend":"na","value":"36.0","slugiddata":399170,"dKPIRSrs":true,"dNITIRSrs":false,"tps":"","dTHEMATICRSrs":false},{"_id":"399793","area":"IND036013","below":[],"indicator":59,"ius":"Children who received a health check after birth from a doctor/nurse/LHV/ANM/midwife/other health personnel within 2 days of birth:Percent:Total","rank":8,"src":1,"subgrp":1,"top":[],"tp":"2015-2016","trend":"na","value":"21.0","slugiddata":399793,"dKPIRSrs":true,"dNITIRSrs":false,"tps":"","dTHEMATICRSrs":true},{"_id":"400416","area":"IND036013","below":[],"indicator":14,"ius":"Institutional delivery:Percent:Total","rank":9,"src":1,"subgrp":1,"top":[],"tp":"2015-2016","trend":"na","value":"78.4","slugiddata":400416,"dKPIRSrs":true,"dNITIRSrs":false,"tps":"","dTHEMATICRSrs":true},{"_id":"401039","area":"IND036013","below":[],"indicator":11,"ius":"Institutional delivery in public/government health facility:Percent:Total","rank":5,"src":1,"subgrp":1,"top":[],"tp":"2015-2016","trend":"na","value":"35.0","slugiddata":401039,"dKPIRSrs":true,"dNITIRSrs":false,"tps":"","dTHEMATICRSrs":true},{"_id":"401658","area":"IND036013","below":[],"indicator":5,"ius":"Children fully immunized:Percent:Total","rank":10,"src":1,"subgrp":1,"top":[],"tp":"2015-2016","trend":"na","value":"45.0","slugiddata":401658,"dKPIRSrs":true,"dNITIRSrs":true,"tps":"","dTHEMATICRSrs":true},{"_id":"402466","area":"IND036013","below":[],"indicator":7,"ius":"Children with acute respiratory infection or fever in last 2 weeks and sought advice/treatment/taken to a health facility:Percent:Total","rank":6,"src":1,"subgrp":1,"top":[],"tp":"2015-2016","trend":"na","value":"73.8","slugiddata":402466,"dKPIRSrs":true,"dNITIRSrs":true,"tps":"","dTHEMATICRSrs":true},{"_id":"403080","area":"IND036013","below":[],"indicator":6,"ius":"Children breastfed within one hour of birth:Percent:Total","rank":7,"src":1,"subgrp":1,"top":[],"tp":"2015-2016","trend":"na","value":"34.6","slugiddata":403080,"dKPIRSrs":true,"dNITIRSrs":false,"tps":"","dTHEMATICRSrs":true},{"_id":"403527","area":"IND036013","below":[],"indicator":4,"ius":"Children under age 6 months exclusively breastfed:Percent:Total","rank":1,"src":1,"subgrp":1,"top":[],"tp":"2015-2016","trend":"na","value":"55.1","slugiddata":403527,"dKPIRSrs":true,"dNITIRSrs":false,"tps":"","dTHEMATICRSrs":false},{"_id":"404060","area":"IND036013","below":[],"indicator":42,"ius":"Pregnant women aged (15-49 years) who are anaemic (<11.0 g/dl):Percent:Total","rank":2,"src":1,"subgrp":1,"top":[],"tp":"2015-2016","trend":"na","value":"54.4","slugiddata":404060,"dKPIRSrs":true,"dNITIRSrs":false,"tps":"","dTHEMATICRSrs":true},{"_id":"405320","area":"IND036013","below":[],"indicator":57,"ius":"Children who are wasted (weight-for-height)/moderate acute malnourished (MAM):Percent:Total","rank":5,"src":1,"subgrp":1,"top":[],"tp":"2015-2016","trend":"na","value":"18.6","slugiddata":405320,"dKPIRSrs":false,"dNITIRSrs":true,"tps":"","dTHEMATICRSrs":false},{"_id":"406702","area":"IND036013","below":[],"indicator":116,"ius":"Children who are stunted (height-for-age):Percent:Total","rank":9,"src":1,"subgrp":1,"top":[],"tp":"2015-2016","trend":"na","value":"37.1","slugiddata":406702,"dKPIRSrs":false,"dNITIRSrs":true,"tps":"","dTHEMATICRSrs":false},{"_id":"407359","area":"IND036013","below":[],"indicator":114,"ius":"Breastfeeding children receiving adequate diet (6-23 months):Percent:Total","rank":4,"src":1,"subgrp":1,"top":[],"tp":"2015-2016","trend":"na","value":"8.5","slugiddata":407359,"dKPIRSrs":false,"dNITIRSrs":true,"tps":"","dTHEMATICRSrs":false},{"_id":"83579","area":"IND036013","below":[],"indicator":88,"ius":"1st trimester registration to total ANC registrations:Percent:Total","rank":7,"src":6,"subgrp":1,"top":[],"tp":"2014-2015","trend":"na","value":"62.9","slugiddata":83579,"dKPIRSrs":false,"dNITIRSrs":true,"tps":"","dTHEMATICRSrs":false},{"_id":"84290","area":"IND036013","below":[],"indicator":88,"ius":"1st trimester registration to total ANC registrations:Percent:Total","rank":8,"src":6,"subgrp":1,"top":[],"tp":"2015-2016","trend":"dn","value":"62.0","slugiddata":84290,"dKPIRSrs":false,"dNITIRSrs":true,"tps":"","dTHEMATICRSrs":false},{"_id":"85003","area":"IND036013","below":[],"indicator":88,"ius":"1st trimester registration to total ANC registrations:Percent:Total","rank":7,"src":6,"subgrp":1,"top":[],"tp":"2016-2017","trend":"dn","value":"55.5","slugiddata":85003,"dKPIRSrs":false,"dNITIRSrs":true,"tps":"","dTHEMATICRSrs":false},{"_id":"89804","area":"IND036013","below":[],"indicator":46,"ius":"Mothers who received 3 or more antenatal care:Percent:Total","rank":8,"src":6,"subgrp":1,"top":[],"tp":"2014-2015","trend":"na","value":"85.7","slugiddata":89804,"dKPIRSrs":false,"dNITIRSrs":false,"tps":"","dTHEMATICRSrs":false},{"_id":"90515","area":"IND036013","below":[],"indicator":46,"ius":"Mothers who received 3 or more antenatal care:Percent:Total","rank":9,"src":6,"subgrp":1,"top":[],"tp":"2015-2016","trend":"up","value":"86.2","slugiddata":90515,"dKPIRSrs":false,"dNITIRSrs":false,"tps":"","dTHEMATICRSrs":false},{"_id":"91228","area":"IND036013","below":[],"indicator":46,"ius":"Mothers who received 3 or more antenatal care:Percent:Total","rank":8,"src":6,"subgrp":1,"top":[],"tp":"2016-2017","trend":"dn","value":"82.0","slugiddata":91228,"dKPIRSrs":false,"dNITIRSrs":false,"tps":"","dTHEMATICRSrs":false},{"_id":"96029","area":"IND036013","below":[],"indicator":89,"ius":"Pregnant women received TT2 or Booster to total ANC registration:Percent:Total","rank":7,"src":6,"subgrp":1,"top":[],"tp":"2014-2015","trend":"na","value":"85.9","slugiddata":96029,"dKPIRSrs":false,"dNITIRSrs":false,"tps":"","dTHEMATICRSrs":true},{"_id":"96740","area":"IND036013","below":[],"indicator":89,"ius":"Pregnant women received TT2 or Booster to total ANC registration:Percent:Total","rank":8,"src":6,"subgrp":1,"top":[],"tp":"2015-2016","trend":"dn","value":"83.9","slugiddata":96740,"dKPIRSrs":false,"dNITIRSrs":false,"tps":"","dTHEMATICRSrs":true},{"_id":"97453","area":"IND036013","below":[],"indicator":89,"ius":"Pregnant women received TT2 or Booster to total ANC registration:Percent:Total","rank":8,"src":6,"subgrp":1,"top":[],"tp":"2016-2017","trend":"dn","value":"72.5","slugiddata":97453,"dKPIRSrs":false,"dNITIRSrs":false,"tps":"","dTHEMATICRSrs":true}]