[{"_id":"108078","area":"IND036018","below":[],"indicator":91,"ius":"New cases detected at institution for hypertension to total ANC registrations:Percent:Total","rank":6,"src":6,"subgrp":1,"top":[],"tp":"2014-2015","trend":"na","value":"2.3","slugiddata":108078,"dKPIRSrs":false,"dNITIRSrs":false,"tps":"","dTHEMATICRSrs":true},{"_id":"108789","area":"IND036018","below":[],"indicator":91,"ius":"New cases detected at institution for hypertension to total ANC registrations:Percent:Total","rank":3,"src":6,"subgrp":1,"top":[],"tp":"2015-2016","trend":"up","value":"1.6","slugiddata":108789,"dKPIRSrs":false,"dNITIRSrs":false,"tps":"","dTHEMATICRSrs":true},{"_id":"109502","area":"IND036018","below":[],"indicator":91,"ius":"New cases detected at institution for hypertension to total ANC registrations:Percent:Total","rank":5,"src":6,"subgrp":1,"top":[],"tp":"2016-2017","trend":"up","value":"1.4","slugiddata":109502,"dKPIRSrs":false,"dNITIRSrs":false,"tps":"","dTHEMATICRSrs":true},{"_id":"114248","area":"IND036018","below":[],"indicator":12,"ius":"Home delivery conducted by skilled health personnel:Percent:Total","rank":5,"src":6,"subgrp":1,"top":[],"tp":"2014-2015","trend":"na","value":"54.7","slugiddata":114248,"dKPIRSrs":false,"dNITIRSrs":true,"tps":"","dTHEMATICRSrs":false},{"_id":"114937","area":"IND036018","below":[],"indicator":12,"ius":"Home delivery conducted by skilled health personnel:Percent:Total","rank":6,"src":6,"subgrp":1,"top":[],"tp":"2015-2016","trend":"dn","value":"43.8","slugiddata":114937,"dKPIRSrs":false,"dNITIRSrs":true,"tps":"","dTHEMATICRSrs":false},{"_id":"115625","area":"IND036018","below":[],"indicator":12,"ius":"Home delivery conducted by skilled health personnel:Percent:Total","rank":6,"src":6,"subgrp":1,"top":[],"tp":"2016-2017","trend":"dn","value":"41.7","slugiddata":115625,"dKPIRSrs":false,"dNITIRSrs":true,"tps":"","dTHEMATICRSrs":false},{"_id":"126547","area":"IND036018","below":[],"indicator":92,"ius":"Women discharged in less than 48 hours of delivery to total reported deliveries at public institutions:Percent:Total","rank":6,"src":6,"subgrp":1,"top":[],"tp":"2014-2015","trend":"na","value":"59.9","slugiddata":126547,"dKPIRSrs":false,"dNITIRSrs":false,"tps":"","dTHEMATICRSrs":true},{"_id":"127258","area":"IND036018","below":[],"indicator":92,"ius":"Women discharged in less than 48 hours of delivery to total reported deliveries at public institutions:Percent:Total","rank":3,"src":6,"subgrp":1,"top":[],"tp":"2015-2016","trend":"up","value":"39.1","slugiddata":127258,"dKPIRSrs":false,"dNITIRSrs":false,"tps":"","dTHEMATICRSrs":true},{"_id":"127971","area":"IND036018","below":[],"indicator":92,"ius":"Women discharged in less than 48 hours of delivery to total reported deliveries at public institutions:Percent:Total","rank":1,"src":6,"subgrp":1,"top":[],"tp":"2016-2017","trend":"up","value":"37.5","slugiddata":127971,"dKPIRSrs":false,"dNITIRSrs":false,"tps":"","dTHEMATICRSrs":true},{"_id":"139001","area":"IND036018","below":[],"indicator":93,"ius":"Home deliveries to total reported deliveries:Percent:Total","rank":6,"src":6,"subgrp":1,"top":[],"tp":"2014-2015","trend":"na","value":"2.3","slugiddata":139001,"dKPIRSrs":true,"dNITIRSrs":false,"tps":"","dTHEMATICRSrs":true},{"_id":"139712","area":"IND036018","below":[],"indicator":93,"ius":"Home deliveries to total reported deliveries:Percent:Total","rank":4,"src":6,"subgrp":1,"top":[],"tp":"2015-2016","trend":"up","value":"1.9","slugiddata":139712,"dKPIRSrs":true,"dNITIRSrs":false,"tps":"","dTHEMATICRSrs":true},{"_id":"140425","area":"IND036018","below":[],"indicator":93,"ius":"Home deliveries to total reported deliveries:Percent:Total","rank":4,"src":6,"subgrp":1,"top":[],"tp":"2016-2017","trend":"up","value":"1.4","slugiddata":140425,"dKPIRSrs":true,"dNITIRSrs":false,"tps":"","dTHEMATICRSrs":true},{"_id":"145227","area":"IND036018","below":[],"indicator":2,"ius":"Births delivered by caesarean section:Percent:Total","rank":2,"src":6,"subgrp":1,"top":[],"tp":"2014-2015","trend":"na","value":"61.4","slugiddata":145227,"dKPIRSrs":false,"dNITIRSrs":false,"tps":"","dTHEMATICRSrs":false},{"_id":"145938","area":"IND036018","below":[],"indicator":2,"ius":"Births delivered by caesarean section:Percent:Total","rank":6,"src":6,"subgrp":1,"top":[],"tp":"2015-2016","trend":"dn","value":"54.7","slugiddata":145938,"dKPIRSrs":false,"dNITIRSrs":false,"tps":"","dTHEMATICRSrs":false},{"_id":"146651","area":"IND036018","below":[],"indicator":2,"ius":"Births delivered by caesarean section:Percent:Total","rank":4,"src":6,"subgrp":1,"top":[],"tp":"2016-2017","trend":"up","value":"57.2","slugiddata":146651,"dKPIRSrs":false,"dNITIRSrs":false,"tps":"","dTHEMATICRSrs":false},{"_id":"151454","area":"IND036018","below":[],"indicator":33,"ius":"Mothers who received post-natal check-up within 48 hrs. of delivery:Percent:Total","rank":9,"src":6,"subgrp":1,"top":[],"tp":"2014-2015","trend":"na","value":"67.3","slugiddata":151454,"dKPIRSrs":false,"dNITIRSrs":false,"tps":"","dTHEMATICRSrs":true},{"_id":"152165","area":"IND036018","below":[],"indicator":33,"ius":"Mothers who received post-natal check-up within 48 hrs. of delivery:Percent:Total","rank":5,"src":6,"subgrp":1,"top":[],"tp":"2015-2016","trend":"dn","value":"50.3","slugiddata":152165,"dKPIRSrs":false,"dNITIRSrs":false,"tps":"","dTHEMATICRSrs":true},{"_id":"152878","area":"IND036018","below":[],"indicator":33,"ius":"Mothers who received post-natal check-up within 48 hrs. of delivery:Percent:Total","rank":4,"src":6,"subgrp":1,"top":[],"tp":"2016-2017","trend":"up","value":"66.9","slugiddata":152878,"dKPIRSrs":false,"dNITIRSrs":false,"tps":"","dTHEMATICRSrs":true},{"_id":"157668","area":"IND036018","below":[],"indicator":112,"ius":"Newborns having weight less than 2.5 kg to newborns weighed at birth:Percent:Total","rank":6,"src":6,"subgrp":1,"top":[],"tp":"2014-2015","trend":"na","value":"7.9","slugiddata":157668,"dKPIRSrs":true,"dNITIRSrs":true,"tps":"","dTHEMATICRSrs":false},{"_id":"158379","area":"IND036018","below":[],"indicator":112,"ius":"Newborns having weight less than 2.5 kg to newborns weighed at birth:Percent:Total","rank":4,"src":6,"subgrp":1,"top":[],"tp":"2015-2016","trend":"up","value":"5.1","slugiddata":158379,"dKPIRSrs":true,"dNITIRSrs":true,"tps":"","dTHEMATICRSrs":false},{"_id":"159092","area":"IND036018","below":[],"indicator":112,"ius":"Newborns having weight less than 2.5 kg to newborns weighed at birth:Percent:Total","rank":3,"src":6,"subgrp":1,"top":[],"tp":"2016-2017","trend":"up","value":"4.8","slugiddata":159092,"dKPIRSrs":true,"dNITIRSrs":true,"tps":"","dTHEMATICRSrs":false},{"_id":"163886","area":"IND036018","below":[],"indicator":111,"ius":"Newborns breastfed within 1 hour of birth to total live birth:Percent:Total","rank":7,"src":6,"subgrp":1,"top":[],"tp":"2014-2015","trend":"na","value":"82.0","slugiddata":163886,"dKPIRSrs":false,"dNITIRSrs":true,"tps":"","dTHEMATICRSrs":false},{"_id":"164597","area":"IND036018","below":[],"indicator":111,"ius":"Newborns breastfed within 1 hour of birth to total live birth:Percent:Total","rank":4,"src":6,"subgrp":1,"top":[],"tp":"2015-2016","trend":"up","value":"88.5","slugiddata":164597,"dKPIRSrs":false,"dNITIRSrs":true,"tps":"","dTHEMATICRSrs":false},{"_id":"165310","area":"IND036018","below":[],"indicator":111,"ius":"Newborns breastfed within 1 hour of birth to total live birth:Percent:Total","rank":2,"src":6,"subgrp":1,"top":[],"tp":"2016-2017","trend":"eq","value":"88.5","slugiddata":165310,"dKPIRSrs":false,"dNITIRSrs":true,"tps":"","dTHEMATICRSrs":false},{"_id":"170056","area":"IND036018","below":[],"indicator":94,"ius":"Newborns visited within 24hrs of home delivery to total reported home deliveries:Percent:Total","rank":2,"src":6,"subgrp":1,"top":[],"tp":"2014-2015","trend":"na","value":"89.8","slugiddata":170056,"dKPIRSrs":false,"dNITIRSrs":false,"tps":"","dTHEMATICRSrs":false},{"_id":"170745","area":"IND036018","below":[],"indicator":94,"ius":"Newborns visited within 24hrs of home delivery to total reported home deliveries:Percent:Total","rank":2,"src":6,"subgrp":1,"top":[],"tp":"2015-2016","trend":"dn","value":"85.0","slugiddata":170745,"dKPIRSrs":false,"dNITIRSrs":false,"tps":"","dTHEMATICRSrs":false},{"_id":"171433","area":"IND036018","below":[],"indicator":94,"ius":"Newborns visited within 24hrs of home delivery to total reported home deliveries:Percent:Total","rank":3,"src":6,"subgrp":1,"top":[],"tp":"2016-2017","trend":"dn","value":"82.8","slugiddata":171433,"dKPIRSrs":false,"dNITIRSrs":false,"tps":"","dTHEMATICRSrs":false},{"_id":"181629","area":"IND036018","below":[],"indicator":96,"ius":"MTPs conducted at public institutions to total MTPs:Percent:Total","rank":8,"src":6,"subgrp":1,"top":[],"tp":"2014-2015","trend":"na","value":"52.0","slugiddata":181629,"dKPIRSrs":false,"dNITIRSrs":false,"tps":"","dTHEMATICRSrs":true},{"_id":"182304","area":"IND036018","below":[],"indicator":96,"ius":"MTPs conducted at public institutions to total MTPs:Percent:Total","rank":9,"src":6,"subgrp":1,"top":[],"tp":"2015-2016","trend":"dn","value":"43.4","slugiddata":182304,"dKPIRSrs":false,"dNITIRSrs":false,"tps":"","dTHEMATICRSrs":true},{"_id":"182985","area":"IND036018","below":[],"indicator":96,"ius":"MTPs conducted at public institutions to total MTPs:Percent:Total","rank":7,"src":6,"subgrp":1,"top":[],"tp":"2016-2017","trend":"dn","value":"19.8","slugiddata":182985,"dKPIRSrs":false,"dNITIRSrs":false,"tps":"","dTHEMATICRSrs":true},{"_id":"193594","area":"IND036018","below":[],"indicator":98,"ius":"Male sterilization (vasectomies) to total sterilization:Percent:Total","rank":7,"src":6,"subgrp":1,"top":[],"tp":"2014-2015","trend":"na","value":"0.3","slugiddata":193594,"dKPIRSrs":false,"dNITIRSrs":false,"tps":"","dTHEMATICRSrs":true},{"_id":"194290","area":"IND036018","below":[],"indicator":98,"ius":"Male sterilization (vasectomies) to total sterilization:Percent:Total","rank":8,"src":6,"subgrp":1,"top":[],"tp":"2015-2016","trend":"dn","value":"0.0","slugiddata":194290,"dKPIRSrs":false,"dNITIRSrs":false,"tps":"","dTHEMATICRSrs":true},{"_id":"194985","area":"IND036018","below":[],"indicator":98,"ius":"Male sterilization (vasectomies) to total sterilization:Percent:Total","rank":8,"src":6,"subgrp":1,"top":[],"tp":"2016-2017","trend":"eq","value":"0.0","slugiddata":194985,"dKPIRSrs":false,"dNITIRSrs":false,"tps":"","dTHEMATICRSrs":true},{"_id":"199685","area":"IND036018","below":[],"indicator":99,"ius":"Post partum sterilizations to total female sterilizations:Percent:Total","rank":9,"src":6,"subgrp":1,"top":[],"tp":"2014-2015","trend":"na","value":"46.9","slugiddata":199685,"dKPIRSrs":false,"dNITIRSrs":false,"tps":"","dTHEMATICRSrs":false},{"_id":"200380","area":"IND036018","below":[],"indicator":99,"ius":"Post partum sterilizations to total female sterilizations:Percent:Total","rank":7,"src":6,"subgrp":1,"top":[],"tp":"2015-2016","trend":"up","value":"34.5","slugiddata":200380,"dKPIRSrs":false,"dNITIRSrs":false,"tps":"","dTHEMATICRSrs":false},{"_id":"201074","area":"IND036018","below":[],"indicator":99,"ius":"Post partum sterilizations to total female sterilizations:Percent:Total","rank":8,"src":6,"subgrp":1,"top":[],"tp":"2016-2017","trend":"dn","value":"46.0","slugiddata":201074,"dKPIRSrs":false,"dNITIRSrs":false,"tps":"","dTHEMATICRSrs":false},{"_id":"212098","area":"IND036018","below":[],"indicator":101,"ius":"IUCD insertions in public plus private institutions to all family planning methods ( IUCD plus permanent):Percent:Total","rank":2,"src":6,"subgrp":1,"top":[],"tp":"2014-2015","trend":"na","value":"42.8","slugiddata":212098,"dKPIRSrs":false,"dNITIRSrs":false,"tps":"","dTHEMATICRSrs":true},{"_id":"212809","area":"IND036018","below":[],"indicator":101,"ius":"IUCD insertions in public plus private institutions to all family planning methods ( IUCD plus permanent):Percent:Total","rank":2,"src":6,"subgrp":1,"top":[],"tp":"2015-2016","trend":"dn","value":"33.7","slugiddata":212809,"dKPIRSrs":false,"dNITIRSrs":false,"tps":"","dTHEMATICRSrs":true},{"_id":"213522","area":"IND036018","below":[],"indicator":101,"ius":"IUCD insertions in public plus private institutions to all family planning methods ( IUCD plus permanent):Percent:Total","rank":2,"src":6,"subgrp":1,"top":[],"tp":"2016-2017","trend":"up","value":"38.7","slugiddata":213522,"dKPIRSrs":false,"dNITIRSrs":false,"tps":"","dTHEMATICRSrs":true},{"_id":"218316","area":"IND036018","below":[],"indicator":102,"ius":"Newborns given BCG to reported live birth:Percent:Total","rank":10,"src":6,"subgrp":1,"top":[],"tp":"2014-2015","trend":"na","value":"83.0","slugiddata":218316,"dKPIRSrs":false,"dNITIRSrs":false,"tps":"","dTHEMATICRSrs":true},{"_id":"219027","area":"IND036018","below":[],"indicator":102,"ius":"Newborns given BCG to reported live birth:Percent:Total","rank":7,"src":6,"subgrp":1,"top":[],"tp":"2015-2016","trend":"up","value":"94.4","slugiddata":219027,"dKPIRSrs":false,"dNITIRSrs":false,"tps":"","dTHEMATICRSrs":true},{"_id":"219740","area":"IND036018","below":[],"indicator":102,"ius":"Newborns given BCG to reported live birth:Percent:Total","rank":8,"src":6,"subgrp":1,"top":[],"tp":"2016-2017","trend":"up","value":"96.5","slugiddata":219740,"dKPIRSrs":false,"dNITIRSrs":false,"tps":"","dTHEMATICRSrs":true},{"_id":"224534","area":"IND036018","below":[],"indicator":103,"ius":"Infants 0 to 11 months old who received measles vaccine to reported live births:Percent:Total","rank":10,"src":6,"subgrp":1,"top":[],"tp":"2014-2015","trend":"na","value":"83.9","slugiddata":224534,"dKPIRSrs":false,"dNITIRSrs":false,"tps":"","dTHEMATICRSrs":true},{"_id":"225245","area":"IND036018","below":[],"indicator":103,"ius":"Infants 0 to 11 months old who received measles vaccine to reported live births:Percent:Total","rank":7,"src":6,"subgrp":1,"top":[],"tp":"2015-2016","trend":"up","value":"100.9","slugiddata":225245,"dKPIRSrs":false,"dNITIRSrs":false,"tps":"","dTHEMATICRSrs":true},{"_id":"225958","area":"IND036018","below":[],"indicator":103,"ius":"Infants 0 to 11 months old who received measles vaccine to reported live births:Percent:Total","rank":9,"src":6,"subgrp":1,"top":[],"tp":"2016-2017","trend":"up","value":"101.0","slugiddata":225958,"dKPIRSrs":false,"dNITIRSrs":false,"tps":"","dTHEMATICRSrs":true},{"_id":"236862","area":"IND036018","below":[],"indicator":14,"ius":"Institutional delivery:Percent:Total","rank":6,"src":6,"subgrp":1,"top":[],"tp":"2014-2015","trend":"na","value":"97.7","slugiddata":236862,"dKPIRSrs":false,"dNITIRSrs":false,"tps":"","dTHEMATICRSrs":false},{"_id":"237573","area":"IND036018","below":[],"indicator":14,"ius":"Institutional delivery:Percent:Total","rank":4,"src":6,"subgrp":1,"top":[],"tp":"2015-2016","trend":"up","value":"98.1","slugiddata":237573,"dKPIRSrs":false,"dNITIRSrs":false,"tps":"","dTHEMATICRSrs":false},{"_id":"238286","area":"IND036018","below":[],"indicator":14,"ius":"Institutional delivery:Percent:Total","rank":4,"src":6,"subgrp":1,"top":[],"tp":"2016-2017","trend":"up","value":"98.6","slugiddata":238286,"dKPIRSrs":false,"dNITIRSrs":false,"tps":"","dTHEMATICRSrs":false},{"_id":"243088","area":"IND036018","below":[],"indicator":11,"ius":"Institutional delivery in public/government health facility:Percent:Total","rank":5,"src":6,"subgrp":1,"top":[],"tp":"2014-2015","trend":"na","value":"23.8","slugiddata":243088,"dKPIRSrs":false,"dNITIRSrs":false,"tps":"","dTHEMATICRSrs":false},{"_id":"243799","area":"IND036018","below":[],"indicator":11,"ius":"Institutional delivery in public/government health facility:Percent:Total","rank":8,"src":6,"subgrp":1,"top":[],"tp":"2015-2016","trend":"up","value":"24.6","slugiddata":243799,"dKPIRSrs":false,"dNITIRSrs":false,"tps":"","dTHEMATICRSrs":false},{"_id":"244512","area":"IND036018","below":[],"indicator":11,"ius":"Institutional delivery in public/government health facility:Percent:Total","rank":8,"src":6,"subgrp":1,"top":[],"tp":"2016-2017","trend":"up","value":"27.7","slugiddata":244512,"dKPIRSrs":false,"dNITIRSrs":false,"tps":"","dTHEMATICRSrs":false},{"_id":"254822","area":"IND036018","below":[],"indicator":105,"ius":"Adolescent counselled:Number:Total","rank":6,"src":6,"subgrp":1,"top":[],"tp":"2014-2015","trend":"na","value":"4842.0","slugiddata":254822,"dKPIRSrs":false,"dNITIRSrs":false,"tps":"","dTHEMATICRSrs":true},{"_id":"255531","area":"IND036018","below":[],"indicator":105,"ius":"Adolescent counselled:Number:Total","rank":10,"src":6,"subgrp":1,"top":[],"tp":"2015-2016","trend":"dn","value":"852.0","slugiddata":255531,"dKPIRSrs":false,"dNITIRSrs":false,"tps":"","dTHEMATICRSrs":true},{"_id":"256242","area":"IND036018","below":[],"indicator":105,"ius":"Adolescent counselled:Number:Total","rank":9,"src":6,"subgrp":1,"top":[],"tp":"2016-2017","trend":"up","value":"1740.0","slugiddata":256242,"dKPIRSrs":false,"dNITIRSrs":false,"tps":"","dTHEMATICRSrs":true},{"_id":"263202","area":"IND036018","below":[],"indicator":88,"ius":"1st trimester registration to total ANC registrations:Percent:Total","rank":24,"src":6,"subgrp":1,"top":[],"tp":"2017-2018","trend":"dn","value":"43.3","slugiddata":263202,"dKPIRSrs":false,"dNITIRSrs":true,"tps":"","dTHEMATICRSrs":false},{"_id":"263938","area":"IND036018","below":[],"indicator":48,"ius":"Mothers who had at least 4 antenatal care visits:Percent:Total","rank":18,"src":6,"subgrp":1,"top":[],"tp":"2017-2018","trend":"na","value":"55.4","slugiddata":263938,"dKPIRSrs":false,"dNITIRSrs":true,"tps":"","dTHEMATICRSrs":false},{"_id":"264668","area":"IND036018","below":[],"indicator":12,"ius":"Home delivery conducted by skilled health personnel:Percent:Total","rank":23,"src":6,"subgrp":1,"top":[],"tp":"2017-2018","trend":"dn","value":"37.7","slugiddata":264668,"dKPIRSrs":false,"dNITIRSrs":true,"tps":"","dTHEMATICRSrs":false},{"_id":"265401","area":"IND036018","below":[],"indicator":112,"ius":"Newborns having weight less than 2.5 kg to newborns weighed at birth:Percent:Total","rank":11,"src":6,"subgrp":1,"top":[],"tp":"2017-2018","trend":"dn","value":"9.3","slugiddata":265401,"dKPIRSrs":true,"dNITIRSrs":true,"tps":"","dTHEMATICRSrs":false},{"_id":"266137","area":"IND036018","below":[],"indicator":111,"ius":"Newborns breastfed within 1 hour of birth to total live birth:Percent:Total","rank":6,"src":6,"subgrp":1,"top":[],"tp":"2017-2018","trend":"up","value":"92.6","slugiddata":266137,"dKPIRSrs":false,"dNITIRSrs":true,"tps":"","dTHEMATICRSrs":false},{"_id":"266873","area":"IND036018","below":[],"indicator":109,"ius":"Percentage of institutional deliveries out of total ANC registration:Percent:Total","rank":2,"src":6,"subgrp":1,"top":[],"tp":"2017-2018","trend":"up","value":"72.7","slugiddata":266873,"dKPIRSrs":false,"dNITIRSrs":true,"tps":"","dTHEMATICRSrs":false},{"_id":"267609","area":"IND036018","below":[],"indicator":108,"ius":"Percentage of PW having Hb level<11 (tested cases) (7.1 to 10.9) against total ANC registration:Percent:Total","rank":13,"src":6,"subgrp":1,"top":[],"tp":"2017-2018","trend":"dn","value":"44.7","slugiddata":267609,"dKPIRSrs":false,"dNITIRSrs":true,"tps":"","dTHEMATICRSrs":false},{"_id":"268345","area":"IND036018","below":[],"indicator":113,"ius":"Percentage of PW having Hb level<7 (tested cases) against total ANC registration:Percent:Total","rank":8,"src":6,"subgrp":1,"top":[],"tp":"2017-2018","trend":"dn","value":"1.2","slugiddata":268345,"dKPIRSrs":false,"dNITIRSrs":true,"tps":"","dTHEMATICRSrs":false},{"_id":"269081","area":"IND036018","below":[],"indicator":110,"ius":"Proportion of live babies weighed at birth:Percent:Total","rank":11,"src":6,"subgrp":1,"top":[],"tp":"2017-2018","trend":"up","value":"93.3","slugiddata":269081,"dKPIRSrs":false,"dNITIRSrs":true,"tps":"","dTHEMATICRSrs":false},{"_id":"273891","area":"IND036018","below":[],"indicator":108,"ius":"Percentage of PW having Hb level<11 (tested cases) (7.1 to 10.9) against total ANC registration:Percent:Total","rank":2,"src":6,"subgrp":1,"top":[],"tp":"2014-2015","trend":"na","value":"14.0","slugiddata":273891,"dKPIRSrs":false,"dNITIRSrs":true,"tps":"","dTHEMATICRSrs":false},{"_id":"274602","area":"IND036018","below":[],"indicator":108,"ius":"Percentage of PW having Hb level<11 (tested cases) (7.1 to 10.9) against total ANC registration:Percent:Total","rank":2,"src":6,"subgrp":1,"top":[],"tp":"2015-2016","trend":"dn","value":"15.9","slugiddata":274602,"dKPIRSrs":false,"dNITIRSrs":true,"tps":"","dTHEMATICRSrs":false},{"_id":"275315","area":"IND036018","below":[],"indicator":108,"ius":"Percentage of PW having Hb level<11 (tested cases) (7.1 to 10.9) against total ANC registration:Percent:Total","rank":2,"src":6,"subgrp":1,"top":[],"tp":"2016-2017","trend":"dn","value":"17.4","slugiddata":275315,"dKPIRSrs":false,"dNITIRSrs":true,"tps":"","dTHEMATICRSrs":false},{"_id":"280116","area":"IND036018","below":[],"indicator":113,"ius":"Percentage of PW having Hb level<7 (tested cases) against total ANC registration:Percent:Total","rank":4,"src":6,"subgrp":1,"top":[],"tp":"2014-2015","trend":"na","value":"0.4","slugiddata":280116,"dKPIRSrs":false,"dNITIRSrs":true,"tps":"","dTHEMATICRSrs":false},{"_id":"280827","area":"IND036018","below":[],"indicator":113,"ius":"Percentage of PW having Hb level<7 (tested cases) against total ANC registration:Percent:Total","rank":3,"src":6,"subgrp":1,"top":[],"tp":"2015-2016","trend":"eq","value":"0.4","slugiddata":280827,"dKPIRSrs":false,"dNITIRSrs":true,"tps":"","dTHEMATICRSrs":false},{"_id":"281540","area":"IND036018","below":[],"indicator":113,"ius":"Percentage of PW having Hb level<7 (tested cases) against total ANC registration:Percent:Total","rank":4,"src":6,"subgrp":1,"top":[],"tp":"2016-2017","trend":"dn","value":"1.0","slugiddata":281540,"dKPIRSrs":false,"dNITIRSrs":true,"tps":"","dTHEMATICRSrs":false},{"_id":"286341","area":"IND036018","below":[],"indicator":109,"ius":"Percentage of institutional deliveries out of total ANC registration:Percent:Total","rank":3,"src":6,"subgrp":1,"top":[],"tp":"2014-2015","trend":"na","value":"74.4","slugiddata":286341,"dKPIRSrs":false,"dNITIRSrs":true,"tps":"","dTHEMATICRSrs":false},{"_id":"287052","area":"IND036018","below":[],"indicator":109,"ius":"Percentage of institutional deliveries out of total ANC registration:Percent:Total","rank":6,"src":6,"subgrp":1,"top":[],"tp":"2015-2016","trend":"up","value":"76.8","slugiddata":287052,"dKPIRSrs":false,"dNITIRSrs":true,"tps":"","dTHEMATICRSrs":false},{"_id":"287765","area":"IND036018","below":[],"indicator":109,"ius":"Percentage of institutional deliveries out of total ANC registration:Percent:Total","rank":5,"src":6,"subgrp":1,"top":[],"tp":"2016-2017","trend":"dn","value":"63.2","slugiddata":287765,"dKPIRSrs":false,"dNITIRSrs":true,"tps":"","dTHEMATICRSrs":false},{"_id":"292559","area":"IND036018","below":[],"indicator":110,"ius":"Proportion of live babies weighed at birth:Percent:Total","rank":9,"src":6,"subgrp":1,"top":[],"tp":"2014-2015","trend":"na","value":"80.7","slugiddata":292559,"dKPIRSrs":false,"dNITIRSrs":true,"tps":"","dTHEMATICRSrs":false},{"_id":"293270","area":"IND036018","below":[],"indicator":110,"ius":"Proportion of live babies weighed at birth:Percent:Total","rank":7,"src":6,"subgrp":1,"top":[],"tp":"2015-2016","trend":"up","value":"90.2","slugiddata":293270,"dKPIRSrs":false,"dNITIRSrs":true,"tps":"","dTHEMATICRSrs":false},{"_id":"293983","area":"IND036018","below":[],"indicator":110,"ius":"Proportion of live babies weighed at birth:Percent:Total","rank":6,"src":6,"subgrp":1,"top":[],"tp":"2016-2017","trend":"dn","value":"89.8","slugiddata":293983,"dKPIRSrs":false,"dNITIRSrs":true,"tps":"","dTHEMATICRSrs":false},{"_id":"294755","area":"IND036018","below":[],"indicator":89,"ius":"Pregnant women received TT2 or Booster to total ANC registration:Percent:Total","rank":18,"src":6,"subgrp":1,"top":[],"tp":"2017-2018","trend":"dn","value":"68.9","slugiddata":294755,"dKPIRSrs":false,"dNITIRSrs":false,"tps":"","dTHEMATICRSrs":true},{"_id":"295491","area":"IND036018","below":[],"indicator":92,"ius":"Women discharged in less than 48 hours of delivery to total reported deliveries at public institutions:Percent:Total","rank":8,"src":6,"subgrp":1,"top":[],"tp":"2017-2018","trend":"up","value":"37.0","slugiddata":295491,"dKPIRSrs":false,"dNITIRSrs":false,"tps":"","dTHEMATICRSrs":true},{"_id":"296227","area":"IND036018","below":[],"indicator":14,"ius":"Institutional delivery:Percent:Total","rank":6,"src":6,"subgrp":1,"top":[],"tp":"2017-2018","trend":"up","value":"99.5","slugiddata":296227,"dKPIRSrs":false,"dNITIRSrs":false,"tps":"","dTHEMATICRSrs":false},{"_id":"297699","area":"IND036018","below":[],"indicator":93,"ius":"Home deliveries to total reported deliveries:Percent:Total","rank":6,"src":6,"subgrp":1,"top":[],"tp":"2017-2018","trend":"up","value":"0.5","slugiddata":297699,"dKPIRSrs":true,"dNITIRSrs":false,"tps":"","dTHEMATICRSrs":true},{"_id":"298435","area":"IND036018","below":[],"indicator":2,"ius":"Births delivered by caesarean section:Percent:Total","rank":12,"src":6,"subgrp":1,"top":[],"tp":"2017-2018","trend":"dn","value":"51.8","slugiddata":298435,"dKPIRSrs":false,"dNITIRSrs":false,"tps":"","dTHEMATICRSrs":false},{"_id":"299171","area":"IND036018","below":[],"indicator":11,"ius":"Institutional delivery in public/government health facility:Percent:Total","rank":3,"src":6,"subgrp":1,"top":[],"tp":"2017-2018","trend":"up","value":"45.9","slugiddata":299171,"dKPIRSrs":false,"dNITIRSrs":false,"tps":"","dTHEMATICRSrs":false},{"_id":"300619","area":"IND036018","below":[],"indicator":96,"ius":"MTPs conducted at public institutions to total MTPs:Percent:Total","rank":1,"src":6,"subgrp":1,"top":[],"tp":"2017-2018","trend":"up","value":"100.0","slugiddata":300619,"dKPIRSrs":false,"dNITIRSrs":false,"tps":"","dTHEMATICRSrs":true},{"_id":"302037","area":"IND036018","below":[],"indicator":98,"ius":"Male sterilization (vasectomies) to total sterilization:Percent:Total","rank":18,"src":6,"subgrp":1,"top":[],"tp":"2017-2018","trend":"up","value":"1.3","slugiddata":302037,"dKPIRSrs":false,"dNITIRSrs":false,"tps":"","dTHEMATICRSrs":true},{"_id":"302757","area":"IND036018","below":[],"indicator":99,"ius":"Post partum sterilizations to total female sterilizations:Percent:Total","rank":9,"src":6,"subgrp":1,"top":[],"tp":"2017-2018","trend":"up","value":"28.0","slugiddata":302757,"dKPIRSrs":false,"dNITIRSrs":false,"tps":"","dTHEMATICRSrs":false},{"_id":"304228","area":"IND036018","below":[],"indicator":101,"ius":"IUCD insertions in public plus private institutions to all family planning methods ( IUCD plus permanent):Percent:Total","rank":3,"src":6,"subgrp":1,"top":[],"tp":"2017-2018","trend":"up","value":"56.8","slugiddata":304228,"dKPIRSrs":false,"dNITIRSrs":false,"tps":"","dTHEMATICRSrs":true},{"_id":"304964","area":"IND036018","below":[],"indicator":102,"ius":"Newborns given BCG to reported live birth:Percent:Total","rank":28,"src":6,"subgrp":1,"top":[],"tp":"2017-2018","trend":"up","value":"101.6","slugiddata":304964,"dKPIRSrs":false,"dNITIRSrs":false,"tps":"","dTHEMATICRSrs":true},{"_id":"305700","area":"IND036018","below":[],"indicator":103,"ius":"Infants 0 to 11 months old who received measles vaccine to reported live births:Percent:Total","rank":30,"src":6,"subgrp":1,"top":[],"tp":"2017-2018","trend":"up","value":"104.6","slugiddata":305700,"dKPIRSrs":false,"dNITIRSrs":false,"tps":"","dTHEMATICRSrs":true},{"_id":"312015","area":"IND036018","below":[],"indicator":119,"ius":"Cases of Pregnant women with obstetric complications and attended to reported deliveries:Percent:Total","rank":7,"src":6,"subgrp":1,"top":[],"tp":"2014-2015","trend":"na","value":"1.0","slugiddata":312015,"dKPIRSrs":false,"dNITIRSrs":false,"tps":"","dTHEMATICRSrs":false},{"_id":"312726","area":"IND036018","below":[],"indicator":119,"ius":"Cases of Pregnant women with obstetric complications and attended to reported deliveries:Percent:Total","rank":6,"src":6,"subgrp":1,"top":[],"tp":"2015-2016","trend":"up","value":"2.5","slugiddata":312726,"dKPIRSrs":false,"dNITIRSrs":false,"tps":"","dTHEMATICRSrs":false},{"_id":"313439","area":"IND036018","below":[],"indicator":119,"ius":"Cases of Pregnant women with obstetric complications and attended to reported deliveries:Percent:Total","rank":4,"src":6,"subgrp":1,"top":[],"tp":"2016-2017","trend":"up","value":"6.4","slugiddata":313439,"dKPIRSrs":false,"dNITIRSrs":false,"tps":"","dTHEMATICRSrs":false},{"_id":"314166","area":"IND036018","below":[],"indicator":119,"ius":"Cases of Pregnant women with obstetric complications and attended to reported deliveries:Percent:Total","rank":12,"src":6,"subgrp":1,"top":[],"tp":"2017-2018","trend":"dn","value":"2.1","slugiddata":314166,"dKPIRSrs":false,"dNITIRSrs":false,"tps":"","dTHEMATICRSrs":false},{"_id":"314902","area":"IND036018","below":[],"indicator":118,"ius":"Pregnant women given 180 IFA to total ANC registration:Percent:Total","rank":27,"src":6,"subgrp":1,"top":[],"tp":"2017-2018","trend":"na","value":"60.1","slugiddata":314902,"dKPIRSrs":false,"dNITIRSrs":false,"tps":"","dTHEMATICRSrs":false},{"_id":"315638","area":"IND036018","below":[],"indicator":88,"ius":"1st trimester registration to total ANC registrations:Percent:Total","rank":8,"src":6,"subgrp":1,"top":[],"tp":"Apr-Sep_2018","trend":"up","value":"78.4","slugiddata":315638,"dKPIRSrs":false,"dNITIRSrs":true,"tps":"","dTHEMATICRSrs":false},{"_id":"316377","area":"IND036018","below":[],"indicator":48,"ius":"Mothers who had at least 4 antenatal care visits:Percent:Total","rank":2,"src":6,"subgrp":1,"top":[],"tp":"Apr-Sep_2018","trend":"up","value":"120.2","slugiddata":316377,"dKPIRSrs":false,"dNITIRSrs":true,"tps":"","dTHEMATICRSrs":false},{"_id":"317116","area":"IND036018","below":[],"indicator":89,"ius":"Pregnant women received TT2 or Booster to total ANC registration:Percent:Total","rank":3,"src":6,"subgrp":1,"top":[],"tp":"Apr-Sep_2018","trend":"up","value":"117.6","slugiddata":317116,"dKPIRSrs":false,"dNITIRSrs":false,"tps":"","dTHEMATICRSrs":true},{"_id":"317855","area":"IND036018","below":[],"indicator":118,"ius":"Pregnant women given 180 IFA to total ANC registration:Percent:Total","rank":5,"src":6,"subgrp":1,"top":[],"tp":"Apr-Sep_2018","trend":"up","value":"250.8","slugiddata":317855,"dKPIRSrs":false,"dNITIRSrs":false,"tps":"","dTHEMATICRSrs":false},{"_id":"318594","area":"IND036018","below":[],"indicator":108,"ius":"Percentage of PW having Hb level<11 (tested cases) (7.1 to 10.9) against total ANC registration:Percent:Total","rank":27,"src":6,"subgrp":1,"top":[],"tp":"Apr-Sep_2018","trend":"dn","value":"107.0","slugiddata":318594,"dKPIRSrs":false,"dNITIRSrs":true,"tps":"","dTHEMATICRSrs":false},{"_id":"320071","area":"IND036018","below":[],"indicator":113,"ius":"Percentage of PW having Hb level<7 (tested cases) against total ANC registration:Percent:Total","rank":17,"src":6,"subgrp":1,"top":[],"tp":"Apr-Sep_2018","trend":"dn","value":"2.5","slugiddata":320071,"dKPIRSrs":false,"dNITIRSrs":true,"tps":"","dTHEMATICRSrs":false},{"_id":"320810","area":"IND036018","below":[],"indicator":91,"ius":"New cases detected at institution for hypertension to total ANC registrations:Percent:Total","rank":10,"src":6,"subgrp":1,"top":[],"tp":"Apr-Sep_2018","trend":"up","value":"1.3","slugiddata":320810,"dKPIRSrs":false,"dNITIRSrs":false,"tps":"","dTHEMATICRSrs":true},{"_id":"321534","area":"IND036018","below":[],"indicator":12,"ius":"Home delivery conducted by skilled health personnel:Percent:Total","rank":7,"src":6,"subgrp":1,"top":[],"tp":"Apr-Sep_2018","trend":"up","value":"73.7","slugiddata":321534,"dKPIRSrs":false,"dNITIRSrs":true,"tps":"","dTHEMATICRSrs":false},{"_id":"322269","area":"IND036018","below":[],"indicator":92,"ius":"Women discharged in less than 48 hours of delivery to total reported deliveries at public institutions:Percent:Total","rank":15,"src":6,"subgrp":1,"top":[],"tp":"Apr-Sep_2018","trend":"dn","value":"45.3","slugiddata":322269,"dKPIRSrs":false,"dNITIRSrs":false,"tps":"","dTHEMATICRSrs":true},{"_id":"323008","area":"IND036018","below":[],"indicator":109,"ius":"Percentage of institutional deliveries out of total ANC registration:Percent:Total","rank":2,"src":6,"subgrp":1,"top":[],"tp":"Apr-Sep_2018","trend":"up","value":"88.3","slugiddata":323008,"dKPIRSrs":false,"dNITIRSrs":true,"tps":"","dTHEMATICRSrs":false},{"_id":"323747","area":"IND036018","below":[],"indicator":14,"ius":"Institutional delivery:Percent:Total","rank":9,"src":6,"subgrp":1,"top":[],"tp":"Apr-Sep_2018","trend":"dn","value":"98.9","slugiddata":323747,"dKPIRSrs":false,"dNITIRSrs":false,"tps":"","dTHEMATICRSrs":false},{"_id":"325225","area":"IND036018","below":[],"indicator":93,"ius":"Home deliveries to total reported deliveries:Percent:Total","rank":9,"src":6,"subgrp":1,"top":[],"tp":"Apr-Sep_2018","trend":"dn","value":"1.1","slugiddata":325225,"dKPIRSrs":true,"dNITIRSrs":false,"tps":"","dTHEMATICRSrs":true},{"_id":"325964","area":"IND036018","below":[],"indicator":2,"ius":"Births delivered by caesarean section:Percent:Total","rank":8,"src":6,"subgrp":1,"top":[],"tp":"Apr-Sep_2018","trend":"up","value":"52.9","slugiddata":325964,"dKPIRSrs":false,"dNITIRSrs":false,"tps":"","dTHEMATICRSrs":false},{"_id":"326703","area":"IND036018","below":[],"indicator":11,"ius":"Institutional delivery in public/government health facility:Percent:Total","rank":6,"src":6,"subgrp":1,"top":[],"tp":"Apr-Sep_2018","trend":"up","value":"65.4","slugiddata":326703,"dKPIRSrs":false,"dNITIRSrs":false,"tps":"","dTHEMATICRSrs":false},{"_id":"328181","area":"IND036018","below":[],"indicator":110,"ius":"Proportion of live babies weighed at birth:Percent:Total","rank":12,"src":6,"subgrp":1,"top":[],"tp":"Apr-Sep_2018","trend":"dn","value":"92.7","slugiddata":328181,"dKPIRSrs":false,"dNITIRSrs":true,"tps":"","dTHEMATICRSrs":false},{"_id":"328920","area":"IND036018","below":[],"indicator":112,"ius":"Newborns having weight less than 2.5 kg to newborns weighed at birth:Percent:Total","rank":7,"src":6,"subgrp":1,"top":[],"tp":"Apr-Sep_2018","trend":"up","value":"8.3","slugiddata":328920,"dKPIRSrs":true,"dNITIRSrs":true,"tps":"","dTHEMATICRSrs":false},{"_id":"329659","area":"IND036018","below":[],"indicator":111,"ius":"Newborns breastfed within 1 hour of birth to total live birth:Percent:Total","rank":9,"src":6,"subgrp":1,"top":[],"tp":"Apr-Sep_2018","trend":"dn","value":"91.7","slugiddata":329659,"dKPIRSrs":false,"dNITIRSrs":true,"tps":"","dTHEMATICRSrs":false},{"_id":"331137","area":"IND036018","below":[],"indicator":119,"ius":"Cases of Pregnant women with obstetric complications and attended to reported deliveries:Percent:Total","rank":15,"src":6,"subgrp":1,"top":[],"tp":"Apr-Sep_2018","trend":"dn","value":"0.5","slugiddata":331137,"dKPIRSrs":false,"dNITIRSrs":false,"tps":"","dTHEMATICRSrs":false},{"_id":"331839","area":"IND036018","below":[],"indicator":96,"ius":"MTPs conducted at public institutions to total MTPs:Percent:Total","rank":2,"src":6,"subgrp":1,"top":[],"tp":"Apr-Sep_2018","trend":"dn","value":"72.3","slugiddata":331839,"dKPIRSrs":false,"dNITIRSrs":false,"tps":"","dTHEMATICRSrs":true},{"_id":"333233","area":"IND036018","below":[],"indicator":98,"ius":"Male sterilization (vasectomies) to total sterilization:Percent:Total","rank":12,"src":6,"subgrp":1,"top":[],"tp":"Apr-Sep_2018","trend":"up","value":"1.7","slugiddata":333233,"dKPIRSrs":false,"dNITIRSrs":false,"tps":"","dTHEMATICRSrs":true},{"_id":"333944","area":"IND036018","below":[],"indicator":99,"ius":"Post partum sterilizations to total female sterilizations:Percent:Total","rank":4,"src":6,"subgrp":1,"top":[],"tp":"Apr-Sep_2018","trend":"up","value":"15.5","slugiddata":333944,"dKPIRSrs":false,"dNITIRSrs":false,"tps":"","dTHEMATICRSrs":false},{"_id":"335418","area":"IND036018","below":[],"indicator":101,"ius":"IUCD insertions in public plus private institutions to all family planning methods ( IUCD plus permanent):Percent:Total","rank":17,"src":6,"subgrp":1,"top":[],"tp":"Apr-Sep_2018","trend":"dn","value":"24.2","slugiddata":335418,"dKPIRSrs":false,"dNITIRSrs":false,"tps":"","dTHEMATICRSrs":true},{"_id":"336157","area":"IND036018","below":[],"indicator":102,"ius":"Newborns given BCG to reported live birth:Percent:Total","rank":21,"src":6,"subgrp":1,"top":[],"tp":"Apr-Sep_2018","trend":"up","value":"103.2","slugiddata":336157,"dKPIRSrs":false,"dNITIRSrs":false,"tps":"","dTHEMATICRSrs":true},{"_id":"336896","area":"IND036018","below":[],"indicator":103,"ius":"Infants 0 to 11 months old who received measles vaccine to reported live births:Percent:Total","rank":29,"src":6,"subgrp":1,"top":[],"tp":"Apr-Sep_2018","trend":"up","value":"104.8","slugiddata":336896,"dKPIRSrs":false,"dNITIRSrs":false,"tps":"","dTHEMATICRSrs":true},{"_id":"386931","area":"IND036018","below":[],"indicator":10,"ius":"Current Usage FP - Female sterilization:Percent:Total","rank":2,"src":1,"subgrp":1,"top":[],"tp":"2015-2016","trend":"na","value":"66.4","slugiddata":386931,"dKPIRSrs":false,"dNITIRSrs":false,"tps":"","dTHEMATICRSrs":true},{"_id":"387554","area":"IND036018","below":[],"indicator":53,"ius":"Unmet Need for FP - Unmet need for spacing:Percent:Total","rank":2,"src":1,"subgrp":1,"top":[],"tp":"2015-2016","trend":"na","value":"2.3","slugiddata":387554,"dKPIRSrs":false,"dNITIRSrs":false,"tps":"","dTHEMATICRSrs":true},{"_id":"388177","area":"IND036018","below":[],"indicator":48,"ius":"Mothers who had at least 4 antenatal care visits:Percent:Total","rank":6,"src":1,"subgrp":1,"top":[],"tp":"2015-2016","trend":"na","value":"72.8","slugiddata":388177,"dKPIRSrs":false,"dNITIRSrs":false,"tps":"","dTHEMATICRSrs":true},{"_id":"388800","area":"IND036018","below":[],"indicator":33,"ius":"Mothers who received post-natal check-up within 48 hrs. of delivery:Percent:Total","rank":3,"src":1,"subgrp":1,"top":[],"tp":"2015-2016","trend":"na","value":"91.0","slugiddata":388800,"dKPIRSrs":false,"dNITIRSrs":false,"tps":"","dTHEMATICRSrs":false},{"_id":"390046","area":"IND036018","below":[],"indicator":12,"ius":"Home delivery conducted by skilled health personnel:Percent:Total","rank":4,"src":1,"subgrp":1,"top":[],"tp":"2015-2016","trend":"na","value":"3.0","slugiddata":390046,"dKPIRSrs":false,"dNITIRSrs":false,"tps":"","dTHEMATICRSrs":false},{"_id":"391292","area":"IND036018","below":[],"indicator":2,"ius":"Births delivered by caesarean section:Percent:Total","rank":3,"src":1,"subgrp":1,"top":[],"tp":"2015-2016","trend":"na","value":"69.0","slugiddata":391292,"dKPIRSrs":false,"dNITIRSrs":false,"tps":"","dTHEMATICRSrs":true},{"_id":"393993","area":"IND036018","below":[],"indicator":58,"ius":"Children who are severely wasted (weight-for-height)/severe acute malnourished (SAM):Percent:Total","rank":10,"src":1,"subgrp":1,"top":[],"tp":"2015-2016","trend":"na","value":"6.6","slugiddata":393993,"dKPIRSrs":false,"dNITIRSrs":true,"tps":"","dTHEMATICRSrs":true},{"_id":"394616","area":"IND036018","below":[],"indicator":56,"ius":"Children who are underweight (weight-for-age):Percent:Total","rank":6,"src":1,"subgrp":1,"top":[],"tp":"2015-2016","trend":"na","value":"34.1","slugiddata":394616,"dKPIRSrs":false,"dNITIRSrs":true,"tps":"","dTHEMATICRSrs":true},{"_id":"395239","area":"IND036018","below":[],"indicator":28,"ius":"Children aged (6-59 months) who are anaemic (<11.0 g/dl):Percent:Total","rank":9,"src":1,"subgrp":1,"top":[],"tp":"2015-2016","trend":"na","value":"69.1","slugiddata":395239,"dKPIRSrs":false,"dNITIRSrs":false,"tps":"","dTHEMATICRSrs":true},{"_id":"396680","area":"IND036018","below":[],"indicator":1,"ius":"Current Usage FP - Any modern method:Percent:Total","rank":3,"src":1,"subgrp":1,"top":[],"tp":"2015-2016","trend":"na","value":"68.0","slugiddata":396680,"dKPIRSrs":true,"dNITIRSrs":false,"tps":"","dTHEMATICRSrs":true},{"_id":"397303","area":"IND036018","below":[],"indicator":9,"ius":"Current Usage FP - Copper-T/IUD/PPIUD:Percent:Total","rank":6,"src":1,"subgrp":1,"top":[],"tp":"2015-2016","trend":"na","value":"0.0","slugiddata":397303,"dKPIRSrs":true,"dNITIRSrs":false,"tps":"","dTHEMATICRSrs":true},{"_id":"397926","area":"IND036018","below":[],"indicator":51,"ius":"Unmet Need for FP - Total unmet need:Percent:Total","rank":1,"src":1,"subgrp":1,"top":[],"tp":"2015-2016","trend":"na","value":"3.5","slugiddata":397926,"dKPIRSrs":true,"dNITIRSrs":false,"tps":"","dTHEMATICRSrs":true},{"_id":"398549","area":"IND036018","below":[],"indicator":44,"ius":"Mothers who had antenatal check-up in the first trimester:Percent:Total","rank":8,"src":1,"subgrp":1,"top":[],"tp":"2015-2016","trend":"na","value":"77.8","slugiddata":398549,"dKPIRSrs":true,"dNITIRSrs":false,"tps":"","dTHEMATICRSrs":true},{"_id":"399172","area":"IND036018","below":[],"indicator":45,"ius":"Mothers who had full antenatal care:Percent:Total","rank":10,"src":1,"subgrp":1,"top":[],"tp":"2015-2016","trend":"na","value":"29.3","slugiddata":399172,"dKPIRSrs":true,"dNITIRSrs":false,"tps":"","dTHEMATICRSrs":false},{"_id":"399795","area":"IND036018","below":[],"indicator":59,"ius":"Children who received a health check after birth from a doctor/nurse/LHV/ANM/midwife/other health personnel within 2 days of birth:Percent:Total","rank":1,"src":1,"subgrp":1,"top":[],"tp":"2015-2016","trend":"na","value":"46.0","slugiddata":399795,"dKPIRSrs":true,"dNITIRSrs":false,"tps":"","dTHEMATICRSrs":true},{"_id":"400418","area":"IND036018","below":[],"indicator":14,"ius":"Institutional delivery:Percent:Total","rank":5,"src":1,"subgrp":1,"top":[],"tp":"2015-2016","trend":"na","value":"94.8","slugiddata":400418,"dKPIRSrs":true,"dNITIRSrs":false,"tps":"","dTHEMATICRSrs":true},{"_id":"401041","area":"IND036018","below":[],"indicator":11,"ius":"Institutional delivery in public/government health facility:Percent:Total","rank":8,"src":1,"subgrp":1,"top":[],"tp":"2015-2016","trend":"na","value":"25.8","slugiddata":401041,"dKPIRSrs":true,"dNITIRSrs":false,"tps":"","dTHEMATICRSrs":true},{"_id":"401660","area":"IND036018","below":[],"indicator":5,"ius":"Children fully immunized:Percent:Total","rank":5,"src":1,"subgrp":1,"top":[],"tp":"2015-2016","trend":"na","value":"69.0","slugiddata":401660,"dKPIRSrs":true,"dNITIRSrs":true,"tps":"","dTHEMATICRSrs":true},{"_id":"402468","area":"IND036018","below":[],"indicator":7,"ius":"Children with acute respiratory infection or fever in last 2 weeks and sought advice/treatment/taken to a health facility:Percent:Total","rank":3,"src":1,"subgrp":1,"top":[],"tp":"2015-2016","trend":"na","value":"80.8","slugiddata":402468,"dKPIRSrs":true,"dNITIRSrs":true,"tps":"","dTHEMATICRSrs":true},{"_id":"403082","area":"IND036018","below":[],"indicator":6,"ius":"Children breastfed within one hour of birth:Percent:Total","rank":6,"src":1,"subgrp":1,"top":[],"tp":"2015-2016","trend":"na","value":"35.1","slugiddata":403082,"dKPIRSrs":true,"dNITIRSrs":false,"tps":"","dTHEMATICRSrs":true},{"_id":"404061","area":"IND036018","below":[],"indicator":42,"ius":"Pregnant women aged (15-49 years) who are anaemic (<11.0 g/dl):Percent:Total","rank":3,"src":1,"subgrp":1,"top":[],"tp":"2015-2016","trend":"na","value":"57.3","slugiddata":404061,"dKPIRSrs":true,"dNITIRSrs":false,"tps":"","dTHEMATICRSrs":true},{"_id":"405322","area":"IND036018","below":[],"indicator":57,"ius":"Children who are wasted (weight-for-height)/moderate acute malnourished (MAM):Percent:Total","rank":10,"src":1,"subgrp":1,"top":[],"tp":"2015-2016","trend":"na","value":"23.1","slugiddata":405322,"dKPIRSrs":false,"dNITIRSrs":true,"tps":"","dTHEMATICRSrs":false},{"_id":"406704","area":"IND036018","below":[],"indicator":116,"ius":"Children who are stunted (height-for-age):Percent:Total","rank":6,"src":1,"subgrp":1,"top":[],"tp":"2015-2016","trend":"na","value":"28.9","slugiddata":406704,"dKPIRSrs":false,"dNITIRSrs":true,"tps":"","dTHEMATICRSrs":false},{"_id":"407361","area":"IND036018","below":[],"indicator":114,"ius":"Breastfeeding children receiving adequate diet (6-23 months):Percent:Total","rank":9,"src":1,"subgrp":1,"top":[],"tp":"2015-2016","trend":"na","value":"3.4","slugiddata":407361,"dKPIRSrs":false,"dNITIRSrs":true,"tps":"","dTHEMATICRSrs":false},{"_id":"83581","area":"IND036018","below":[],"indicator":88,"ius":"1st trimester registration to total ANC registrations:Percent:Total","rank":4,"src":6,"subgrp":1,"top":[],"tp":"2014-2015","trend":"na","value":"73.9","slugiddata":83581,"dKPIRSrs":false,"dNITIRSrs":true,"tps":"","dTHEMATICRSrs":false},{"_id":"84292","area":"IND036018","below":[],"indicator":88,"ius":"1st trimester registration to total ANC registrations:Percent:Total","rank":4,"src":6,"subgrp":1,"top":[],"tp":"2015-2016","trend":"dn","value":"72.5","slugiddata":84292,"dKPIRSrs":false,"dNITIRSrs":true,"tps":"","dTHEMATICRSrs":false},{"_id":"85005","area":"IND036018","below":[],"indicator":88,"ius":"1st trimester registration to total ANC registrations:Percent:Total","rank":6,"src":6,"subgrp":1,"top":[],"tp":"2016-2017","trend":"dn","value":"63.1","slugiddata":85005,"dKPIRSrs":false,"dNITIRSrs":true,"tps":"","dTHEMATICRSrs":false},{"_id":"89806","area":"IND036018","below":[],"indicator":46,"ius":"Mothers who received 3 or more antenatal care:Percent:Total","rank":3,"src":6,"subgrp":1,"top":[],"tp":"2014-2015","trend":"na","value":"99.8","slugiddata":89806,"dKPIRSrs":false,"dNITIRSrs":false,"tps":"","dTHEMATICRSrs":false},{"_id":"90517","area":"IND036018","below":[],"indicator":46,"ius":"Mothers who received 3 or more antenatal care:Percent:Total","rank":4,"src":6,"subgrp":1,"top":[],"tp":"2015-2016","trend":"up","value":"106.4","slugiddata":90517,"dKPIRSrs":false,"dNITIRSrs":false,"tps":"","dTHEMATICRSrs":false},{"_id":"91230","area":"IND036018","below":[],"indicator":46,"ius":"Mothers who received 3 or more antenatal care:Percent:Total","rank":1,"src":6,"subgrp":1,"top":[],"tp":"2016-2017","trend":"up","value":"115.2","slugiddata":91230,"dKPIRSrs":false,"dNITIRSrs":false,"tps":"","dTHEMATICRSrs":false},{"_id":"96031","area":"IND036018","below":[],"indicator":89,"ius":"Pregnant women received TT2 or Booster to total ANC registration:Percent:Total","rank":1,"src":6,"subgrp":1,"top":[],"tp":"2014-2015","trend":"na","value":"96.3","slugiddata":96031,"dKPIRSrs":false,"dNITIRSrs":false,"tps":"","dTHEMATICRSrs":true},{"_id":"96742","area":"IND036018","below":[],"indicator":89,"ius":"Pregnant women received TT2 or Booster to total ANC registration:Percent:Total","rank":3,"src":6,"subgrp":1,"top":[],"tp":"2015-2016","trend":"dn","value":"96.1","slugiddata":96742,"dKPIRSrs":false,"dNITIRSrs":false,"tps":"","dTHEMATICRSrs":true},{"_id":"97455","area":"IND036018","below":[],"indicator":89,"ius":"Pregnant women received TT2 or Booster to total ANC registration:Percent:Total","rank":1,"src":6,"subgrp":1,"top":[],"tp":"2016-2017","trend":"up","value":"103.6","slugiddata":97455,"dKPIRSrs":false,"dNITIRSrs":false,"tps":"","dTHEMATICRSrs":true}]