[{"_id":"108077","area":"IND036015","below":[],"indicator":91,"ius":"New cases detected at institution for hypertension to total ANC registrations:Percent:Total","rank":1,"src":6,"subgrp":1,"top":[],"tp":"2014-2015","trend":"na","value":"0.4","slugiddata":108077,"dKPIRSrs":false,"dNITIRSrs":false,"tps":"","dTHEMATICRSrs":true},{"_id":"108788","area":"IND036015","below":[],"indicator":91,"ius":"New cases detected at institution for hypertension to total ANC registrations:Percent:Total","rank":2,"src":6,"subgrp":1,"top":[],"tp":"2015-2016","trend":"dn","value":"0.9","slugiddata":108788,"dKPIRSrs":false,"dNITIRSrs":false,"tps":"","dTHEMATICRSrs":true},{"_id":"109501","area":"IND036015","below":[],"indicator":91,"ius":"New cases detected at institution for hypertension to total ANC registrations:Percent:Total","rank":2,"src":6,"subgrp":1,"top":[],"tp":"2016-2017","trend":"up","value":"0.8","slugiddata":109501,"dKPIRSrs":false,"dNITIRSrs":false,"tps":"","dTHEMATICRSrs":true},{"_id":"115624","area":"IND036015","below":[],"indicator":12,"ius":"Home delivery conducted by skilled health personnel:Percent:Total","rank":8,"src":6,"subgrp":1,"top":[],"tp":"2016-2017","trend":"na","value":"0.0","slugiddata":115624,"dKPIRSrs":false,"dNITIRSrs":true,"tps":"","dTHEMATICRSrs":false},{"_id":"126546","area":"IND036015","below":[],"indicator":92,"ius":"Women discharged in less than 48 hours of delivery to total reported deliveries at public institutions:Percent:Total","rank":8,"src":6,"subgrp":1,"top":[],"tp":"2014-2015","trend":"na","value":"64.3","slugiddata":126546,"dKPIRSrs":false,"dNITIRSrs":false,"tps":"","dTHEMATICRSrs":true},{"_id":"127257","area":"IND036015","below":[],"indicator":92,"ius":"Women discharged in less than 48 hours of delivery to total reported deliveries at public institutions:Percent:Total","rank":5,"src":6,"subgrp":1,"top":[],"tp":"2015-2016","trend":"up","value":"50.1","slugiddata":127257,"dKPIRSrs":false,"dNITIRSrs":false,"tps":"","dTHEMATICRSrs":true},{"_id":"127970","area":"IND036015","below":[],"indicator":92,"ius":"Women discharged in less than 48 hours of delivery to total reported deliveries at public institutions:Percent:Total","rank":9,"src":6,"subgrp":1,"top":[],"tp":"2016-2017","trend":"dn","value":"58.5","slugiddata":127970,"dKPIRSrs":false,"dNITIRSrs":false,"tps":"","dTHEMATICRSrs":true},{"_id":"139000","area":"IND036015","below":[],"indicator":93,"ius":"Home deliveries to total reported deliveries:Percent:Total","rank":1,"src":6,"subgrp":1,"top":[],"tp":"2014-2015","trend":"na","value":"0.0","slugiddata":139000,"dKPIRSrs":true,"dNITIRSrs":false,"tps":"","dTHEMATICRSrs":true},{"_id":"139711","area":"IND036015","below":[],"indicator":93,"ius":"Home deliveries to total reported deliveries:Percent:Total","rank":1,"src":6,"subgrp":1,"top":[],"tp":"2015-2016","trend":"eq","value":"0.0","slugiddata":139711,"dKPIRSrs":true,"dNITIRSrs":false,"tps":"","dTHEMATICRSrs":true},{"_id":"140424","area":"IND036015","below":[],"indicator":93,"ius":"Home deliveries to total reported deliveries:Percent:Total","rank":1,"src":6,"subgrp":1,"top":[],"tp":"2016-2017","trend":"eq","value":"0.0","slugiddata":140424,"dKPIRSrs":true,"dNITIRSrs":false,"tps":"","dTHEMATICRSrs":true},{"_id":"145226","area":"IND036015","below":[],"indicator":2,"ius":"Births delivered by caesarean section:Percent:Total","rank":7,"src":6,"subgrp":1,"top":[],"tp":"2014-2015","trend":"na","value":"17.2","slugiddata":145226,"dKPIRSrs":false,"dNITIRSrs":false,"tps":"","dTHEMATICRSrs":false},{"_id":"145937","area":"IND036015","below":[],"indicator":2,"ius":"Births delivered by caesarean section:Percent:Total","rank":8,"src":6,"subgrp":1,"top":[],"tp":"2015-2016","trend":"up","value":"42.4","slugiddata":145937,"dKPIRSrs":false,"dNITIRSrs":false,"tps":"","dTHEMATICRSrs":false},{"_id":"146650","area":"IND036015","below":[],"indicator":2,"ius":"Births delivered by caesarean section:Percent:Total","rank":8,"src":6,"subgrp":1,"top":[],"tp":"2016-2017","trend":"up","value":"42.7","slugiddata":146650,"dKPIRSrs":false,"dNITIRSrs":false,"tps":"","dTHEMATICRSrs":false},{"_id":"151453","area":"IND036015","below":[],"indicator":33,"ius":"Mothers who received post-natal check-up within 48 hrs. of delivery:Percent:Total","rank":2,"src":6,"subgrp":1,"top":[],"tp":"2014-2015","trend":"na","value":"129.4","slugiddata":151453,"dKPIRSrs":false,"dNITIRSrs":false,"tps":"","dTHEMATICRSrs":true},{"_id":"152164","area":"IND036015","below":[],"indicator":33,"ius":"Mothers who received post-natal check-up within 48 hrs. of delivery:Percent:Total","rank":9,"src":6,"subgrp":1,"top":[],"tp":"2015-2016","trend":"dn","value":"40.3","slugiddata":152164,"dKPIRSrs":false,"dNITIRSrs":false,"tps":"","dTHEMATICRSrs":true},{"_id":"152877","area":"IND036015","below":[],"indicator":33,"ius":"Mothers who received post-natal check-up within 48 hrs. of delivery:Percent:Total","rank":8,"src":6,"subgrp":1,"top":[],"tp":"2016-2017","trend":"up","value":"50.1","slugiddata":152877,"dKPIRSrs":false,"dNITIRSrs":false,"tps":"","dTHEMATICRSrs":true},{"_id":"157667","area":"IND036015","below":[],"indicator":112,"ius":"Newborns having weight less than 2.5 kg to newborns weighed at birth:Percent:Total","rank":4,"src":6,"subgrp":1,"top":[],"tp":"2014-2015","trend":"na","value":"3.5","slugiddata":157667,"dKPIRSrs":true,"dNITIRSrs":true,"tps":"","dTHEMATICRSrs":false},{"_id":"158378","area":"IND036015","below":[],"indicator":112,"ius":"Newborns having weight less than 2.5 kg to newborns weighed at birth:Percent:Total","rank":5,"src":6,"subgrp":1,"top":[],"tp":"2015-2016","trend":"dn","value":"5.3","slugiddata":158378,"dKPIRSrs":true,"dNITIRSrs":true,"tps":"","dTHEMATICRSrs":false},{"_id":"159091","area":"IND036015","below":[],"indicator":112,"ius":"Newborns having weight less than 2.5 kg to newborns weighed at birth:Percent:Total","rank":3,"src":6,"subgrp":1,"top":[],"tp":"2016-2017","trend":"up","value":"4.8","slugiddata":159091,"dKPIRSrs":true,"dNITIRSrs":true,"tps":"","dTHEMATICRSrs":false},{"_id":"163885","area":"IND036015","below":[],"indicator":111,"ius":"Newborns breastfed within 1 hour of birth to total live birth:Percent:Total","rank":2,"src":6,"subgrp":1,"top":[],"tp":"2014-2015","trend":"na","value":"93.6","slugiddata":163885,"dKPIRSrs":false,"dNITIRSrs":true,"tps":"","dTHEMATICRSrs":false},{"_id":"164596","area":"IND036015","below":[],"indicator":111,"ius":"Newborns breastfed within 1 hour of birth to total live birth:Percent:Total","rank":5,"src":6,"subgrp":1,"top":[],"tp":"2015-2016","trend":"dn","value":"86.7","slugiddata":164596,"dKPIRSrs":false,"dNITIRSrs":true,"tps":"","dTHEMATICRSrs":false},{"_id":"165309","area":"IND036015","below":[],"indicator":111,"ius":"Newborns breastfed within 1 hour of birth to total live birth:Percent:Total","rank":5,"src":6,"subgrp":1,"top":[],"tp":"2016-2017","trend":"dn","value":"86.4","slugiddata":165309,"dKPIRSrs":false,"dNITIRSrs":true,"tps":"","dTHEMATICRSrs":false},{"_id":"171432","area":"IND036015","below":[],"indicator":94,"ius":"Newborns visited within 24hrs of home delivery to total reported home deliveries:Percent:Total","rank":1,"src":6,"subgrp":1,"top":[],"tp":"2016-2017","trend":"na","value":"100.0","slugiddata":171432,"dKPIRSrs":false,"dNITIRSrs":false,"tps":"","dTHEMATICRSrs":false},{"_id":"181628","area":"IND036015","below":[],"indicator":96,"ius":"MTPs conducted at public institutions to total MTPs:Percent:Total","rank":7,"src":6,"subgrp":1,"top":[],"tp":"2014-2015","trend":"na","value":"54.5","slugiddata":181628,"dKPIRSrs":false,"dNITIRSrs":false,"tps":"","dTHEMATICRSrs":true},{"_id":"182303","area":"IND036015","below":[],"indicator":96,"ius":"MTPs conducted at public institutions to total MTPs:Percent:Total","rank":5,"src":6,"subgrp":1,"top":[],"tp":"2015-2016","trend":"up","value":"62.8","slugiddata":182303,"dKPIRSrs":false,"dNITIRSrs":false,"tps":"","dTHEMATICRSrs":true},{"_id":"182984","area":"IND036015","below":[],"indicator":96,"ius":"MTPs conducted at public institutions to total MTPs:Percent:Total","rank":3,"src":6,"subgrp":1,"top":[],"tp":"2016-2017","trend":"up","value":"94.9","slugiddata":182984,"dKPIRSrs":false,"dNITIRSrs":false,"tps":"","dTHEMATICRSrs":true},{"_id":"193593","area":"IND036015","below":[],"indicator":98,"ius":"Male sterilization (vasectomies) to total sterilization:Percent:Total","rank":6,"src":6,"subgrp":1,"top":[],"tp":"2014-2015","trend":"na","value":"0.4","slugiddata":193593,"dKPIRSrs":false,"dNITIRSrs":false,"tps":"","dTHEMATICRSrs":true},{"_id":"194289","area":"IND036015","below":[],"indicator":98,"ius":"Male sterilization (vasectomies) to total sterilization:Percent:Total","rank":7,"src":6,"subgrp":1,"top":[],"tp":"2015-2016","trend":"dn","value":"0.1","slugiddata":194289,"dKPIRSrs":false,"dNITIRSrs":false,"tps":"","dTHEMATICRSrs":true},{"_id":"194984","area":"IND036015","below":[],"indicator":98,"ius":"Male sterilization (vasectomies) to total sterilization:Percent:Total","rank":5,"src":6,"subgrp":1,"top":[],"tp":"2016-2017","trend":"up","value":"1.8","slugiddata":194984,"dKPIRSrs":false,"dNITIRSrs":false,"tps":"","dTHEMATICRSrs":true},{"_id":"199684","area":"IND036015","below":[],"indicator":99,"ius":"Post partum sterilizations to total female sterilizations:Percent:Total","rank":3,"src":6,"subgrp":1,"top":[],"tp":"2014-2015","trend":"na","value":"20.0","slugiddata":199684,"dKPIRSrs":false,"dNITIRSrs":false,"tps":"","dTHEMATICRSrs":false},{"_id":"200379","area":"IND036015","below":[],"indicator":99,"ius":"Post partum sterilizations to total female sterilizations:Percent:Total","rank":6,"src":6,"subgrp":1,"top":[],"tp":"2015-2016","trend":"dn","value":"30.1","slugiddata":200379,"dKPIRSrs":false,"dNITIRSrs":false,"tps":"","dTHEMATICRSrs":false},{"_id":"201073","area":"IND036015","below":[],"indicator":99,"ius":"Post partum sterilizations to total female sterilizations:Percent:Total","rank":2,"src":6,"subgrp":1,"top":[],"tp":"2016-2017","trend":"up","value":"18.7","slugiddata":201073,"dKPIRSrs":false,"dNITIRSrs":false,"tps":"","dTHEMATICRSrs":false},{"_id":"212097","area":"IND036015","below":[],"indicator":101,"ius":"IUCD insertions in public plus private institutions to all family planning methods ( IUCD plus permanent):Percent:Total","rank":5,"src":6,"subgrp":1,"top":[],"tp":"2014-2015","trend":"na","value":"26.8","slugiddata":212097,"dKPIRSrs":false,"dNITIRSrs":false,"tps":"","dTHEMATICRSrs":true},{"_id":"212808","area":"IND036015","below":[],"indicator":101,"ius":"IUCD insertions in public plus private institutions to all family planning methods ( IUCD plus permanent):Percent:Total","rank":5,"src":6,"subgrp":1,"top":[],"tp":"2015-2016","trend":"dn","value":"11.0","slugiddata":212808,"dKPIRSrs":false,"dNITIRSrs":false,"tps":"","dTHEMATICRSrs":true},{"_id":"213521","area":"IND036015","below":[],"indicator":101,"ius":"IUCD insertions in public plus private institutions to all family planning methods ( IUCD plus permanent):Percent:Total","rank":5,"src":6,"subgrp":1,"top":[],"tp":"2016-2017","trend":"up","value":"25.4","slugiddata":213521,"dKPIRSrs":false,"dNITIRSrs":false,"tps":"","dTHEMATICRSrs":true},{"_id":"218315","area":"IND036015","below":[],"indicator":102,"ius":"Newborns given BCG to reported live birth:Percent:Total","rank":9,"src":6,"subgrp":1,"top":[],"tp":"2014-2015","trend":"na","value":"84.6","slugiddata":218315,"dKPIRSrs":false,"dNITIRSrs":false,"tps":"","dTHEMATICRSrs":true},{"_id":"219026","area":"IND036015","below":[],"indicator":102,"ius":"Newborns given BCG to reported live birth:Percent:Total","rank":9,"src":6,"subgrp":1,"top":[],"tp":"2015-2016","trend":"up","value":"89.2","slugiddata":219026,"dKPIRSrs":false,"dNITIRSrs":false,"tps":"","dTHEMATICRSrs":true},{"_id":"219739","area":"IND036015","below":[],"indicator":102,"ius":"Newborns given BCG to reported live birth:Percent:Total","rank":10,"src":6,"subgrp":1,"top":[],"tp":"2016-2017","trend":"dn","value":"62.1","slugiddata":219739,"dKPIRSrs":false,"dNITIRSrs":false,"tps":"","dTHEMATICRSrs":true},{"_id":"224533","area":"IND036015","below":[],"indicator":103,"ius":"Infants 0 to 11 months old who received measles vaccine to reported live births:Percent:Total","rank":9,"src":6,"subgrp":1,"top":[],"tp":"2014-2015","trend":"na","value":"84.9","slugiddata":224533,"dKPIRSrs":false,"dNITIRSrs":false,"tps":"","dTHEMATICRSrs":true},{"_id":"225244","area":"IND036015","below":[],"indicator":103,"ius":"Infants 0 to 11 months old who received measles vaccine to reported live births:Percent:Total","rank":4,"src":6,"subgrp":1,"top":[],"tp":"2015-2016","trend":"up","value":"108.3","slugiddata":225244,"dKPIRSrs":false,"dNITIRSrs":false,"tps":"","dTHEMATICRSrs":true},{"_id":"225957","area":"IND036015","below":[],"indicator":103,"ius":"Infants 0 to 11 months old who received measles vaccine to reported live births:Percent:Total","rank":4,"src":6,"subgrp":1,"top":[],"tp":"2016-2017","trend":"up","value":"128.4","slugiddata":225957,"dKPIRSrs":false,"dNITIRSrs":false,"tps":"","dTHEMATICRSrs":true},{"_id":"236861","area":"IND036015","below":[],"indicator":14,"ius":"Institutional delivery:Percent:Total","rank":1,"src":6,"subgrp":1,"top":[],"tp":"2014-2015","trend":"na","value":"100.0","slugiddata":236861,"dKPIRSrs":false,"dNITIRSrs":false,"tps":"","dTHEMATICRSrs":false},{"_id":"237572","area":"IND036015","below":[],"indicator":14,"ius":"Institutional delivery:Percent:Total","rank":1,"src":6,"subgrp":1,"top":[],"tp":"2015-2016","trend":"eq","value":"100.0","slugiddata":237572,"dKPIRSrs":false,"dNITIRSrs":false,"tps":"","dTHEMATICRSrs":false},{"_id":"238285","area":"IND036015","below":[],"indicator":14,"ius":"Institutional delivery:Percent:Total","rank":1,"src":6,"subgrp":1,"top":[],"tp":"2016-2017","trend":"eq","value":"100.0","slugiddata":238285,"dKPIRSrs":false,"dNITIRSrs":false,"tps":"","dTHEMATICRSrs":false},{"_id":"243087","area":"IND036015","below":[],"indicator":11,"ius":"Institutional delivery in public/government health facility:Percent:Total","rank":1,"src":6,"subgrp":1,"top":[],"tp":"2014-2015","trend":"na","value":"100.0","slugiddata":243087,"dKPIRSrs":false,"dNITIRSrs":false,"tps":"","dTHEMATICRSrs":false},{"_id":"243798","area":"IND036015","below":[],"indicator":11,"ius":"Institutional delivery in public/government health facility:Percent:Total","rank":2,"src":6,"subgrp":1,"top":[],"tp":"2015-2016","trend":"dn","value":"58.7","slugiddata":243798,"dKPIRSrs":false,"dNITIRSrs":false,"tps":"","dTHEMATICRSrs":false},{"_id":"244511","area":"IND036015","below":[],"indicator":11,"ius":"Institutional delivery in public/government health facility:Percent:Total","rank":1,"src":6,"subgrp":1,"top":[],"tp":"2016-2017","trend":"up","value":"67.6","slugiddata":244511,"dKPIRSrs":false,"dNITIRSrs":false,"tps":"","dTHEMATICRSrs":false},{"_id":"254821","area":"IND036015","below":[],"indicator":105,"ius":"Adolescent counselled:Number:Total","rank":1,"src":6,"subgrp":1,"top":[],"tp":"2014-2015","trend":"na","value":"25236.0","slugiddata":254821,"dKPIRSrs":false,"dNITIRSrs":false,"tps":"","dTHEMATICRSrs":true},{"_id":"255530","area":"IND036015","below":[],"indicator":105,"ius":"Adolescent counselled:Number:Total","rank":1,"src":6,"subgrp":1,"top":[],"tp":"2015-2016","trend":"up","value":"31811.0","slugiddata":255530,"dKPIRSrs":false,"dNITIRSrs":false,"tps":"","dTHEMATICRSrs":true},{"_id":"256241","area":"IND036015","below":[],"indicator":105,"ius":"Adolescent counselled:Number:Total","rank":2,"src":6,"subgrp":1,"top":[],"tp":"2016-2017","trend":"dn","value":"20776.0","slugiddata":256241,"dKPIRSrs":false,"dNITIRSrs":false,"tps":"","dTHEMATICRSrs":true},{"_id":"263199","area":"IND036015","below":[],"indicator":88,"ius":"1st trimester registration to total ANC registrations:Percent:Total","rank":30,"src":6,"subgrp":1,"top":[],"tp":"2017-2018","trend":"dn","value":"12.8","slugiddata":263199,"dKPIRSrs":false,"dNITIRSrs":true,"tps":"","dTHEMATICRSrs":false},{"_id":"263935","area":"IND036015","below":[],"indicator":48,"ius":"Mothers who had at least 4 antenatal care visits:Percent:Total","rank":30,"src":6,"subgrp":1,"top":[],"tp":"2017-2018","trend":"na","value":"23.4","slugiddata":263935,"dKPIRSrs":false,"dNITIRSrs":true,"tps":"","dTHEMATICRSrs":false},{"_id":"264665","area":"IND036015","below":[],"indicator":12,"ius":"Home delivery conducted by skilled health personnel:Percent:Total","rank":14,"src":6,"subgrp":1,"top":[],"tp":"2017-2018","trend":"up","value":"68.2","slugiddata":264665,"dKPIRSrs":false,"dNITIRSrs":true,"tps":"","dTHEMATICRSrs":false},{"_id":"265398","area":"IND036015","below":[],"indicator":112,"ius":"Newborns having weight less than 2.5 kg to newborns weighed at birth:Percent:Total","rank":1,"src":6,"subgrp":1,"top":[],"tp":"2017-2018","trend":"up","value":"4.6","slugiddata":265398,"dKPIRSrs":true,"dNITIRSrs":true,"tps":"","dTHEMATICRSrs":false},{"_id":"266134","area":"IND036015","below":[],"indicator":111,"ius":"Newborns breastfed within 1 hour of birth to total live birth:Percent:Total","rank":25,"src":6,"subgrp":1,"top":[],"tp":"2017-2018","trend":"dn","value":"68.6","slugiddata":266134,"dKPIRSrs":false,"dNITIRSrs":true,"tps":"","dTHEMATICRSrs":false},{"_id":"266870","area":"IND036015","below":[],"indicator":109,"ius":"Percentage of institutional deliveries out of total ANC registration:Percent:Total","rank":31,"src":6,"subgrp":1,"top":[],"tp":"2017-2018","trend":"dn","value":"6.1","slugiddata":266870,"dKPIRSrs":false,"dNITIRSrs":true,"tps":"","dTHEMATICRSrs":false},{"_id":"267606","area":"IND036015","below":[],"indicator":108,"ius":"Percentage of PW having Hb level<11 (tested cases) (7.1 to 10.9) against total ANC registration:Percent:Total","rank":6,"src":6,"subgrp":1,"top":[],"tp":"2017-2018","trend":"up","value":"27.8","slugiddata":267606,"dKPIRSrs":false,"dNITIRSrs":true,"tps":"","dTHEMATICRSrs":false},{"_id":"268342","area":"IND036015","below":[],"indicator":113,"ius":"Percentage of PW having Hb level<7 (tested cases) against total ANC registration:Percent:Total","rank":4,"src":6,"subgrp":1,"top":[],"tp":"2017-2018","trend":"up","value":"0.5","slugiddata":268342,"dKPIRSrs":false,"dNITIRSrs":true,"tps":"","dTHEMATICRSrs":false},{"_id":"269078","area":"IND036015","below":[],"indicator":110,"ius":"Proportion of live babies weighed at birth:Percent:Total","rank":1,"src":6,"subgrp":1,"top":[],"tp":"2017-2018","trend":"up","value":"105.0","slugiddata":269078,"dKPIRSrs":false,"dNITIRSrs":true,"tps":"","dTHEMATICRSrs":false},{"_id":"273890","area":"IND036015","below":[],"indicator":108,"ius":"Percentage of PW having Hb level<11 (tested cases) (7.1 to 10.9) against total ANC registration:Percent:Total","rank":9,"src":6,"subgrp":1,"top":[],"tp":"2014-2015","trend":"na","value":"49.7","slugiddata":273890,"dKPIRSrs":false,"dNITIRSrs":true,"tps":"","dTHEMATICRSrs":false},{"_id":"274601","area":"IND036015","below":[],"indicator":108,"ius":"Percentage of PW having Hb level<11 (tested cases) (7.1 to 10.9) against total ANC registration:Percent:Total","rank":9,"src":6,"subgrp":1,"top":[],"tp":"2015-2016","trend":"dn","value":"74.9","slugiddata":274601,"dKPIRSrs":false,"dNITIRSrs":true,"tps":"","dTHEMATICRSrs":false},{"_id":"275314","area":"IND036015","below":[],"indicator":108,"ius":"Percentage of PW having Hb level<11 (tested cases) (7.1 to 10.9) against total ANC registration:Percent:Total","rank":7,"src":6,"subgrp":1,"top":[],"tp":"2016-2017","trend":"up","value":"37.2","slugiddata":275314,"dKPIRSrs":false,"dNITIRSrs":true,"tps":"","dTHEMATICRSrs":false},{"_id":"280115","area":"IND036015","below":[],"indicator":113,"ius":"Percentage of PW having Hb level<7 (tested cases) against total ANC registration:Percent:Total","rank":3,"src":6,"subgrp":1,"top":[],"tp":"2014-2015","trend":"na","value":"0.2","slugiddata":280115,"dKPIRSrs":false,"dNITIRSrs":true,"tps":"","dTHEMATICRSrs":false},{"_id":"280826","area":"IND036015","below":[],"indicator":113,"ius":"Percentage of PW having Hb level<7 (tested cases) against total ANC registration:Percent:Total","rank":1,"src":6,"subgrp":1,"top":[],"tp":"2015-2016","trend":"up","value":"0.0","slugiddata":280826,"dKPIRSrs":false,"dNITIRSrs":true,"tps":"","dTHEMATICRSrs":false},{"_id":"281539","area":"IND036015","below":[],"indicator":113,"ius":"Percentage of PW having Hb level<7 (tested cases) against total ANC registration:Percent:Total","rank":3,"src":6,"subgrp":1,"top":[],"tp":"2016-2017","trend":"dn","value":"0.8","slugiddata":281539,"dKPIRSrs":false,"dNITIRSrs":true,"tps":"","dTHEMATICRSrs":false},{"_id":"286340","area":"IND036015","below":[],"indicator":109,"ius":"Percentage of institutional deliveries out of total ANC registration:Percent:Total","rank":7,"src":6,"subgrp":1,"top":[],"tp":"2014-2015","trend":"na","value":"43.0","slugiddata":286340,"dKPIRSrs":false,"dNITIRSrs":true,"tps":"","dTHEMATICRSrs":false},{"_id":"287051","area":"IND036015","below":[],"indicator":109,"ius":"Percentage of institutional deliveries out of total ANC registration:Percent:Total","rank":3,"src":6,"subgrp":1,"top":[],"tp":"2015-2016","trend":"up","value":"86.2","slugiddata":287051,"dKPIRSrs":false,"dNITIRSrs":true,"tps":"","dTHEMATICRSrs":false},{"_id":"287764","area":"IND036015","below":[],"indicator":109,"ius":"Percentage of institutional deliveries out of total ANC registration:Percent:Total","rank":10,"src":6,"subgrp":1,"top":[],"tp":"2016-2017","trend":"dn","value":"28.8","slugiddata":287764,"dKPIRSrs":false,"dNITIRSrs":true,"tps":"","dTHEMATICRSrs":false},{"_id":"292558","area":"IND036015","below":[],"indicator":110,"ius":"Proportion of live babies weighed at birth:Percent:Total","rank":3,"src":6,"subgrp":1,"top":[],"tp":"2014-2015","trend":"na","value":"99.0","slugiddata":292558,"dKPIRSrs":false,"dNITIRSrs":true,"tps":"","dTHEMATICRSrs":false},{"_id":"293269","area":"IND036015","below":[],"indicator":110,"ius":"Proportion of live babies weighed at birth:Percent:Total","rank":4,"src":6,"subgrp":1,"top":[],"tp":"2015-2016","trend":"dn","value":"97.3","slugiddata":293269,"dKPIRSrs":false,"dNITIRSrs":true,"tps":"","dTHEMATICRSrs":false},{"_id":"293982","area":"IND036015","below":[],"indicator":110,"ius":"Proportion of live babies weighed at birth:Percent:Total","rank":1,"src":6,"subgrp":1,"top":[],"tp":"2016-2017","trend":"up","value":"102.3","slugiddata":293982,"dKPIRSrs":false,"dNITIRSrs":true,"tps":"","dTHEMATICRSrs":false},{"_id":"294752","area":"IND036015","below":[],"indicator":89,"ius":"Pregnant women received TT2 or Booster to total ANC registration:Percent:Total","rank":30,"src":6,"subgrp":1,"top":[],"tp":"2017-2018","trend":"dn","value":"20.8","slugiddata":294752,"dKPIRSrs":false,"dNITIRSrs":false,"tps":"","dTHEMATICRSrs":true},{"_id":"295488","area":"IND036015","below":[],"indicator":92,"ius":"Women discharged in less than 48 hours of delivery to total reported deliveries at public institutions:Percent:Total","rank":29,"src":6,"subgrp":1,"top":[],"tp":"2017-2018","trend":"dn","value":"65.9","slugiddata":295488,"dKPIRSrs":false,"dNITIRSrs":false,"tps":"","dTHEMATICRSrs":true},{"_id":"296224","area":"IND036015","below":[],"indicator":14,"ius":"Institutional delivery:Percent:Total","rank":6,"src":6,"subgrp":1,"top":[],"tp":"2017-2018","trend":"dn","value":"99.5","slugiddata":296224,"dKPIRSrs":false,"dNITIRSrs":false,"tps":"","dTHEMATICRSrs":false},{"_id":"297696","area":"IND036015","below":[],"indicator":93,"ius":"Home deliveries to total reported deliveries:Percent:Total","rank":6,"src":6,"subgrp":1,"top":[],"tp":"2017-2018","trend":"dn","value":"0.5","slugiddata":297696,"dKPIRSrs":true,"dNITIRSrs":false,"tps":"","dTHEMATICRSrs":true},{"_id":"298432","area":"IND036015","below":[],"indicator":2,"ius":"Births delivered by caesarean section:Percent:Total","rank":22,"src":6,"subgrp":1,"top":[],"tp":"2017-2018","trend":"dn","value":"32.4","slugiddata":298432,"dKPIRSrs":false,"dNITIRSrs":false,"tps":"","dTHEMATICRSrs":false},{"_id":"299168","area":"IND036015","below":[],"indicator":11,"ius":"Institutional delivery in public/government health facility:Percent:Total","rank":1,"src":6,"subgrp":1,"top":[],"tp":"2017-2018","trend":"up","value":"100.0","slugiddata":299168,"dKPIRSrs":false,"dNITIRSrs":false,"tps":"","dTHEMATICRSrs":false},{"_id":"300616","area":"IND036015","below":[],"indicator":96,"ius":"MTPs conducted at public institutions to total MTPs:Percent:Total","rank":1,"src":6,"subgrp":1,"top":[],"tp":"2017-2018","trend":"up","value":"100.0","slugiddata":300616,"dKPIRSrs":false,"dNITIRSrs":false,"tps":"","dTHEMATICRSrs":true},{"_id":"302034","area":"IND036015","below":[],"indicator":98,"ius":"Male sterilization (vasectomies) to total sterilization:Percent:Total","rank":21,"src":6,"subgrp":1,"top":[],"tp":"2017-2018","trend":"dn","value":"0.7","slugiddata":302034,"dKPIRSrs":false,"dNITIRSrs":false,"tps":"","dTHEMATICRSrs":true},{"_id":"302754","area":"IND036015","below":[],"indicator":99,"ius":"Post partum sterilizations to total female sterilizations:Percent:Total","rank":5,"src":6,"subgrp":1,"top":[],"tp":"2017-2018","trend":"up","value":"15.1","slugiddata":302754,"dKPIRSrs":false,"dNITIRSrs":false,"tps":"","dTHEMATICRSrs":false},{"_id":"304225","area":"IND036015","below":[],"indicator":101,"ius":"IUCD insertions in public plus private institutions to all family planning methods ( IUCD plus permanent):Percent:Total","rank":5,"src":6,"subgrp":1,"top":[],"tp":"2017-2018","trend":"up","value":"54.0","slugiddata":304225,"dKPIRSrs":false,"dNITIRSrs":false,"tps":"","dTHEMATICRSrs":true},{"_id":"304961","area":"IND036015","below":[],"indicator":102,"ius":"Newborns given BCG to reported live birth:Percent:Total","rank":17,"src":6,"subgrp":1,"top":[],"tp":"2017-2018","trend":"up","value":"146.0","slugiddata":304961,"dKPIRSrs":false,"dNITIRSrs":false,"tps":"","dTHEMATICRSrs":true},{"_id":"305697","area":"IND036015","below":[],"indicator":103,"ius":"Infants 0 to 11 months old who received measles vaccine to reported live births:Percent:Total","rank":10,"src":6,"subgrp":1,"top":[],"tp":"2017-2018","trend":"up","value":"240.0","slugiddata":305697,"dKPIRSrs":false,"dNITIRSrs":false,"tps":"","dTHEMATICRSrs":true},{"_id":"312014","area":"IND036015","below":[],"indicator":119,"ius":"Cases of Pregnant women with obstetric complications and attended to reported deliveries:Percent:Total","rank":2,"src":6,"subgrp":1,"top":[],"tp":"2014-2015","trend":"na","value":"35.9","slugiddata":312014,"dKPIRSrs":false,"dNITIRSrs":false,"tps":"","dTHEMATICRSrs":false},{"_id":"312725","area":"IND036015","below":[],"indicator":119,"ius":"Cases of Pregnant women with obstetric complications and attended to reported deliveries:Percent:Total","rank":2,"src":6,"subgrp":1,"top":[],"tp":"2015-2016","trend":"dn","value":"26.8","slugiddata":312725,"dKPIRSrs":false,"dNITIRSrs":false,"tps":"","dTHEMATICRSrs":false},{"_id":"313438","area":"IND036015","below":[],"indicator":119,"ius":"Cases of Pregnant women with obstetric complications and attended to reported deliveries:Percent:Total","rank":1,"src":6,"subgrp":1,"top":[],"tp":"2016-2017","trend":"dn","value":"21.3","slugiddata":313438,"dKPIRSrs":false,"dNITIRSrs":false,"tps":"","dTHEMATICRSrs":false},{"_id":"314163","area":"IND036015","below":[],"indicator":119,"ius":"Cases of Pregnant women with obstetric complications and attended to reported deliveries:Percent:Total","rank":8,"src":6,"subgrp":1,"top":[],"tp":"2017-2018","trend":"dn","value":"2.6","slugiddata":314163,"dKPIRSrs":false,"dNITIRSrs":false,"tps":"","dTHEMATICRSrs":false},{"_id":"314899","area":"IND036015","below":[],"indicator":118,"ius":"Pregnant women given 180 IFA to total ANC registration:Percent:Total","rank":31,"src":6,"subgrp":1,"top":[],"tp":"2017-2018","trend":"na","value":"17.6","slugiddata":314899,"dKPIRSrs":false,"dNITIRSrs":false,"tps":"","dTHEMATICRSrs":false},{"_id":"315635","area":"IND036015","below":[],"indicator":88,"ius":"1st trimester registration to total ANC registrations:Percent:Total","rank":30,"src":6,"subgrp":1,"top":[],"tp":"Apr-Sep_2018","trend":"up","value":"27.0","slugiddata":315635,"dKPIRSrs":false,"dNITIRSrs":true,"tps":"","dTHEMATICRSrs":false},{"_id":"316374","area":"IND036015","below":[],"indicator":48,"ius":"Mothers who had at least 4 antenatal care visits:Percent:Total","rank":26,"src":6,"subgrp":1,"top":[],"tp":"Apr-Sep_2018","trend":"up","value":"44.9","slugiddata":316374,"dKPIRSrs":false,"dNITIRSrs":true,"tps":"","dTHEMATICRSrs":false},{"_id":"317113","area":"IND036015","below":[],"indicator":89,"ius":"Pregnant women received TT2 or Booster to total ANC registration:Percent:Total","rank":31,"src":6,"subgrp":1,"top":[],"tp":"Apr-Sep_2018","trend":"up","value":"35.0","slugiddata":317113,"dKPIRSrs":false,"dNITIRSrs":false,"tps":"","dTHEMATICRSrs":true},{"_id":"317852","area":"IND036015","below":[],"indicator":118,"ius":"Pregnant women given 180 IFA to total ANC registration:Percent:Total","rank":30,"src":6,"subgrp":1,"top":[],"tp":"Apr-Sep_2018","trend":"up","value":"41.0","slugiddata":317852,"dKPIRSrs":false,"dNITIRSrs":false,"tps":"","dTHEMATICRSrs":false},{"_id":"318591","area":"IND036015","below":[],"indicator":108,"ius":"Percentage of PW having Hb level<11 (tested cases) (7.1 to 10.9) against total ANC registration:Percent:Total","rank":17,"src":6,"subgrp":1,"top":[],"tp":"Apr-Sep_2018","trend":"dn","value":"57.5","slugiddata":318591,"dKPIRSrs":false,"dNITIRSrs":true,"tps":"","dTHEMATICRSrs":false},{"_id":"320068","area":"IND036015","below":[],"indicator":113,"ius":"Percentage of PW having Hb level<7 (tested cases) against total ANC registration:Percent:Total","rank":5,"src":6,"subgrp":1,"top":[],"tp":"Apr-Sep_2018","trend":"dn","value":"0.6","slugiddata":320068,"dKPIRSrs":false,"dNITIRSrs":true,"tps":"","dTHEMATICRSrs":false},{"_id":"320807","area":"IND036015","below":[],"indicator":91,"ius":"New cases detected at institution for hypertension to total ANC registrations:Percent:Total","rank":8,"src":6,"subgrp":1,"top":[],"tp":"Apr-Sep_2018","trend":"dn","value":"1.1","slugiddata":320807,"dKPIRSrs":false,"dNITIRSrs":false,"tps":"","dTHEMATICRSrs":true},{"_id":"321532","area":"IND036015","below":[],"indicator":12,"ius":"Home delivery conducted by skilled health personnel:Percent:Total","rank":5,"src":6,"subgrp":1,"top":[],"tp":"Apr-Sep_2018","trend":"up","value":"81.8","slugiddata":321532,"dKPIRSrs":false,"dNITIRSrs":true,"tps":"","dTHEMATICRSrs":false},{"_id":"322266","area":"IND036015","below":[],"indicator":92,"ius":"Women discharged in less than 48 hours of delivery to total reported deliveries at public institutions:Percent:Total","rank":23,"src":6,"subgrp":1,"top":[],"tp":"Apr-Sep_2018","trend":"up","value":"62.5","slugiddata":322266,"dKPIRSrs":false,"dNITIRSrs":false,"tps":"","dTHEMATICRSrs":true},{"_id":"323005","area":"IND036015","below":[],"indicator":109,"ius":"Percentage of institutional deliveries out of total ANC registration:Percent:Total","rank":23,"src":6,"subgrp":1,"top":[],"tp":"Apr-Sep_2018","trend":"up","value":"14.8","slugiddata":323005,"dKPIRSrs":false,"dNITIRSrs":true,"tps":"","dTHEMATICRSrs":false},{"_id":"323744","area":"IND036015","below":[],"indicator":14,"ius":"Institutional delivery:Percent:Total","rank":5,"src":6,"subgrp":1,"top":[],"tp":"Apr-Sep_2018","trend":"up","value":"99.6","slugiddata":323744,"dKPIRSrs":false,"dNITIRSrs":false,"tps":"","dTHEMATICRSrs":false},{"_id":"325222","area":"IND036015","below":[],"indicator":93,"ius":"Home deliveries to total reported deliveries:Percent:Total","rank":5,"src":6,"subgrp":1,"top":[],"tp":"Apr-Sep_2018","trend":"up","value":"0.4","slugiddata":325222,"dKPIRSrs":true,"dNITIRSrs":false,"tps":"","dTHEMATICRSrs":true},{"_id":"325961","area":"IND036015","below":[],"indicator":2,"ius":"Births delivered by caesarean section:Percent:Total","rank":24,"src":6,"subgrp":1,"top":[],"tp":"Apr-Sep_2018","trend":"up","value":"34.3","slugiddata":325961,"dKPIRSrs":false,"dNITIRSrs":false,"tps":"","dTHEMATICRSrs":false},{"_id":"326700","area":"IND036015","below":[],"indicator":11,"ius":"Institutional delivery in public/government health facility:Percent:Total","rank":1,"src":6,"subgrp":1,"top":[],"tp":"Apr-Sep_2018","trend":"eq","value":"100.0","slugiddata":326700,"dKPIRSrs":false,"dNITIRSrs":false,"tps":"","dTHEMATICRSrs":false},{"_id":"328178","area":"IND036015","below":[],"indicator":110,"ius":"Proportion of live babies weighed at birth:Percent:Total","rank":2,"src":6,"subgrp":1,"top":[],"tp":"Apr-Sep_2018","trend":"up","value":"111.4","slugiddata":328178,"dKPIRSrs":false,"dNITIRSrs":true,"tps":"","dTHEMATICRSrs":false},{"_id":"328917","area":"IND036015","below":[],"indicator":112,"ius":"Newborns having weight less than 2.5 kg to newborns weighed at birth:Percent:Total","rank":5,"src":6,"subgrp":1,"top":[],"tp":"Apr-Sep_2018","trend":"dn","value":"6.9","slugiddata":328917,"dKPIRSrs":true,"dNITIRSrs":true,"tps":"","dTHEMATICRSrs":false},{"_id":"329656","area":"IND036015","below":[],"indicator":111,"ius":"Newborns breastfed within 1 hour of birth to total live birth:Percent:Total","rank":27,"src":6,"subgrp":1,"top":[],"tp":"Apr-Sep_2018","trend":"dn","value":"64.8","slugiddata":329656,"dKPIRSrs":false,"dNITIRSrs":true,"tps":"","dTHEMATICRSrs":false},{"_id":"331134","area":"IND036015","below":[],"indicator":119,"ius":"Cases of Pregnant women with obstetric complications and attended to reported deliveries:Percent:Total","rank":7,"src":6,"subgrp":1,"top":[],"tp":"Apr-Sep_2018","trend":"up","value":"3.5","slugiddata":331134,"dKPIRSrs":false,"dNITIRSrs":false,"tps":"","dTHEMATICRSrs":false},{"_id":"331837","area":"IND036015","below":[],"indicator":96,"ius":"MTPs conducted at public institutions to total MTPs:Percent:Total","rank":1,"src":6,"subgrp":1,"top":[],"tp":"Apr-Sep_2018","trend":"eq","value":"100.0","slugiddata":331837,"dKPIRSrs":false,"dNITIRSrs":false,"tps":"","dTHEMATICRSrs":true},{"_id":"333230","area":"IND036015","below":[],"indicator":98,"ius":"Male sterilization (vasectomies) to total sterilization:Percent:Total","rank":14,"src":6,"subgrp":1,"top":[],"tp":"Apr-Sep_2018","trend":"dn","value":"0.5","slugiddata":333230,"dKPIRSrs":false,"dNITIRSrs":false,"tps":"","dTHEMATICRSrs":true},{"_id":"333941","area":"IND036015","below":[],"indicator":99,"ius":"Post partum sterilizations to total female sterilizations:Percent:Total","rank":7,"src":6,"subgrp":1,"top":[],"tp":"Apr-Sep_2018","trend":"dn","value":"29.0","slugiddata":333941,"dKPIRSrs":false,"dNITIRSrs":false,"tps":"","dTHEMATICRSrs":false},{"_id":"335415","area":"IND036015","below":[],"indicator":101,"ius":"IUCD insertions in public plus private institutions to all family planning methods ( IUCD plus permanent):Percent:Total","rank":7,"src":6,"subgrp":1,"top":[],"tp":"Apr-Sep_2018","trend":"dn","value":"47.6","slugiddata":335415,"dKPIRSrs":false,"dNITIRSrs":false,"tps":"","dTHEMATICRSrs":true},{"_id":"336154","area":"IND036015","below":[],"indicator":102,"ius":"Newborns given BCG to reported live birth:Percent:Total","rank":20,"src":6,"subgrp":1,"top":[],"tp":"Apr-Sep_2018","trend":"dn","value":"136.6","slugiddata":336154,"dKPIRSrs":false,"dNITIRSrs":false,"tps":"","dTHEMATICRSrs":true},{"_id":"336893","area":"IND036015","below":[],"indicator":103,"ius":"Infants 0 to 11 months old who received measles vaccine to reported live births:Percent:Total","rank":13,"src":6,"subgrp":1,"top":[],"tp":"Apr-Sep_2018","trend":"dn","value":"236.8","slugiddata":336893,"dKPIRSrs":false,"dNITIRSrs":false,"tps":"","dTHEMATICRSrs":true},{"_id":"386930","area":"IND036015","below":[],"indicator":10,"ius":"Current Usage FP - Female sterilization:Percent:Total","rank":7,"src":1,"subgrp":1,"top":[],"tp":"2015-2016","trend":"na","value":"46.5","slugiddata":386930,"dKPIRSrs":false,"dNITIRSrs":false,"tps":"","dTHEMATICRSrs":true},{"_id":"387553","area":"IND036015","below":[],"indicator":53,"ius":"Unmet Need for FP - Unmet need for spacing:Percent:Total","rank":5,"src":1,"subgrp":1,"top":[],"tp":"2015-2016","trend":"na","value":"3.6","slugiddata":387553,"dKPIRSrs":false,"dNITIRSrs":false,"tps":"","dTHEMATICRSrs":true},{"_id":"388176","area":"IND036015","below":[],"indicator":48,"ius":"Mothers who had at least 4 antenatal care visits:Percent:Total","rank":8,"src":1,"subgrp":1,"top":[],"tp":"2015-2016","trend":"na","value":"68.3","slugiddata":388176,"dKPIRSrs":false,"dNITIRSrs":false,"tps":"","dTHEMATICRSrs":true},{"_id":"388799","area":"IND036015","below":[],"indicator":33,"ius":"Mothers who received post-natal check-up within 48 hrs. of delivery:Percent:Total","rank":6,"src":1,"subgrp":1,"top":[],"tp":"2015-2016","trend":"na","value":"83.0","slugiddata":388799,"dKPIRSrs":false,"dNITIRSrs":false,"tps":"","dTHEMATICRSrs":false},{"_id":"390045","area":"IND036015","below":[],"indicator":12,"ius":"Home delivery conducted by skilled health personnel:Percent:Total","rank":4,"src":1,"subgrp":1,"top":[],"tp":"2015-2016","trend":"na","value":"3.0","slugiddata":390045,"dKPIRSrs":false,"dNITIRSrs":false,"tps":"","dTHEMATICRSrs":false},{"_id":"391291","area":"IND036015","below":[],"indicator":2,"ius":"Births delivered by caesarean section:Percent:Total","rank":8,"src":1,"subgrp":1,"top":[],"tp":"2015-2016","trend":"na","value":"47.1","slugiddata":391291,"dKPIRSrs":false,"dNITIRSrs":false,"tps":"","dTHEMATICRSrs":true},{"_id":"393992","area":"IND036015","below":[],"indicator":58,"ius":"Children who are severely wasted (weight-for-height)/severe acute malnourished (SAM):Percent:Total","rank":3,"src":1,"subgrp":1,"top":[],"tp":"2015-2016","trend":"na","value":"4.2","slugiddata":393992,"dKPIRSrs":false,"dNITIRSrs":true,"tps":"","dTHEMATICRSrs":true},{"_id":"394615","area":"IND036015","below":[],"indicator":56,"ius":"Children who are underweight (weight-for-age):Percent:Total","rank":10,"src":1,"subgrp":1,"top":[],"tp":"2015-2016","trend":"na","value":"37.0","slugiddata":394615,"dKPIRSrs":false,"dNITIRSrs":true,"tps":"","dTHEMATICRSrs":true},{"_id":"395238","area":"IND036015","below":[],"indicator":28,"ius":"Children aged (6-59 months) who are anaemic (<11.0 g/dl):Percent:Total","rank":7,"src":1,"subgrp":1,"top":[],"tp":"2015-2016","trend":"na","value":"67.5","slugiddata":395238,"dKPIRSrs":false,"dNITIRSrs":false,"tps":"","dTHEMATICRSrs":true},{"_id":"396679","area":"IND036015","below":[],"indicator":1,"ius":"Current Usage FP - Any modern method:Percent:Total","rank":7,"src":1,"subgrp":1,"top":[],"tp":"2015-2016","trend":"na","value":"49.1","slugiddata":396679,"dKPIRSrs":true,"dNITIRSrs":false,"tps":"","dTHEMATICRSrs":true},{"_id":"397302","area":"IND036015","below":[],"indicator":9,"ius":"Current Usage FP - Copper-T/IUD/PPIUD:Percent:Total","rank":3,"src":1,"subgrp":1,"top":[],"tp":"2015-2016","trend":"na","value":"0.3","slugiddata":397302,"dKPIRSrs":true,"dNITIRSrs":false,"tps":"","dTHEMATICRSrs":true},{"_id":"397925","area":"IND036015","below":[],"indicator":51,"ius":"Unmet Need for FP - Total unmet need:Percent:Total","rank":5,"src":1,"subgrp":1,"top":[],"tp":"2015-2016","trend":"na","value":"6.5","slugiddata":397925,"dKPIRSrs":true,"dNITIRSrs":false,"tps":"","dTHEMATICRSrs":true},{"_id":"398548","area":"IND036015","below":[],"indicator":44,"ius":"Mothers who had antenatal check-up in the first trimester:Percent:Total","rank":7,"src":1,"subgrp":1,"top":[],"tp":"2015-2016","trend":"na","value":"79.2","slugiddata":398548,"dKPIRSrs":true,"dNITIRSrs":false,"tps":"","dTHEMATICRSrs":true},{"_id":"399171","area":"IND036015","below":[],"indicator":45,"ius":"Mothers who had full antenatal care:Percent:Total","rank":8,"src":1,"subgrp":1,"top":[],"tp":"2015-2016","trend":"na","value":"31.0","slugiddata":399171,"dKPIRSrs":true,"dNITIRSrs":false,"tps":"","dTHEMATICRSrs":false},{"_id":"399794","area":"IND036015","below":[],"indicator":59,"ius":"Children who received a health check after birth from a doctor/nurse/LHV/ANM/midwife/other health personnel within 2 days of birth:Percent:Total","rank":3,"src":1,"subgrp":1,"top":[],"tp":"2015-2016","trend":"na","value":"37.8","slugiddata":399794,"dKPIRSrs":true,"dNITIRSrs":false,"tps":"","dTHEMATICRSrs":true},{"_id":"400417","area":"IND036015","below":[],"indicator":14,"ius":"Institutional delivery:Percent:Total","rank":8,"src":1,"subgrp":1,"top":[],"tp":"2015-2016","trend":"na","value":"91.3","slugiddata":400417,"dKPIRSrs":true,"dNITIRSrs":false,"tps":"","dTHEMATICRSrs":true},{"_id":"401040","area":"IND036015","below":[],"indicator":11,"ius":"Institutional delivery in public/government health facility:Percent:Total","rank":1,"src":1,"subgrp":1,"top":[],"tp":"2015-2016","trend":"na","value":"38.1","slugiddata":401040,"dKPIRSrs":true,"dNITIRSrs":false,"tps":"","dTHEMATICRSrs":true},{"_id":"401659","area":"IND036015","below":[],"indicator":5,"ius":"Children fully immunized:Percent:Total","rank":2,"src":1,"subgrp":1,"top":[],"tp":"2015-2016","trend":"na","value":"81.4","slugiddata":401659,"dKPIRSrs":true,"dNITIRSrs":true,"tps":"","dTHEMATICRSrs":true},{"_id":"402467","area":"IND036015","below":[],"indicator":7,"ius":"Children with acute respiratory infection or fever in last 2 weeks and sought advice/treatment/taken to a health facility:Percent:Total","rank":9,"src":1,"subgrp":1,"top":[],"tp":"2015-2016","trend":"na","value":"62.3","slugiddata":402467,"dKPIRSrs":true,"dNITIRSrs":true,"tps":"","dTHEMATICRSrs":true},{"_id":"403081","area":"IND036015","below":[],"indicator":6,"ius":"Children breastfed within one hour of birth:Percent:Total","rank":2,"src":1,"subgrp":1,"top":[],"tp":"2015-2016","trend":"na","value":"49.4","slugiddata":403081,"dKPIRSrs":true,"dNITIRSrs":false,"tps":"","dTHEMATICRSrs":true},{"_id":"405321","area":"IND036015","below":[],"indicator":57,"ius":"Children who are wasted (weight-for-height)/moderate acute malnourished (MAM):Percent:Total","rank":7,"src":1,"subgrp":1,"top":[],"tp":"2015-2016","trend":"na","value":"20.7","slugiddata":405321,"dKPIRSrs":false,"dNITIRSrs":true,"tps":"","dTHEMATICRSrs":false},{"_id":"406703","area":"IND036015","below":[],"indicator":116,"ius":"Children who are stunted (height-for-age):Percent:Total","rank":7,"src":1,"subgrp":1,"top":[],"tp":"2015-2016","trend":"na","value":"33.4","slugiddata":406703,"dKPIRSrs":false,"dNITIRSrs":true,"tps":"","dTHEMATICRSrs":false},{"_id":"407360","area":"IND036015","below":[],"indicator":114,"ius":"Breastfeeding children receiving adequate diet (6-23 months):Percent:Total","rank":3,"src":1,"subgrp":1,"top":[],"tp":"2015-2016","trend":"na","value":"11.3","slugiddata":407360,"dKPIRSrs":false,"dNITIRSrs":true,"tps":"","dTHEMATICRSrs":false},{"_id":"83580","area":"IND036015","below":[],"indicator":88,"ius":"1st trimester registration to total ANC registrations:Percent:Total","rank":8,"src":6,"subgrp":1,"top":[],"tp":"2014-2015","trend":"na","value":"57.9","slugiddata":83580,"dKPIRSrs":false,"dNITIRSrs":true,"tps":"","dTHEMATICRSrs":false},{"_id":"84291","area":"IND036015","below":[],"indicator":88,"ius":"1st trimester registration to total ANC registrations:Percent:Total","rank":7,"src":6,"subgrp":1,"top":[],"tp":"2015-2016","trend":"up","value":"62.3","slugiddata":84291,"dKPIRSrs":false,"dNITIRSrs":true,"tps":"","dTHEMATICRSrs":false},{"_id":"85004","area":"IND036015","below":[],"indicator":88,"ius":"1st trimester registration to total ANC registrations:Percent:Total","rank":9,"src":6,"subgrp":1,"top":[],"tp":"2016-2017","trend":"dn","value":"47.5","slugiddata":85004,"dKPIRSrs":false,"dNITIRSrs":true,"tps":"","dTHEMATICRSrs":false},{"_id":"89805","area":"IND036015","below":[],"indicator":46,"ius":"Mothers who received 3 or more antenatal care:Percent:Total","rank":1,"src":6,"subgrp":1,"top":[],"tp":"2014-2015","trend":"na","value":"180.0","slugiddata":89805,"dKPIRSrs":false,"dNITIRSrs":false,"tps":"","dTHEMATICRSrs":false},{"_id":"90516","area":"IND036015","below":[],"indicator":46,"ius":"Mothers who received 3 or more antenatal care:Percent:Total","rank":1,"src":6,"subgrp":1,"top":[],"tp":"2015-2016","trend":"dn","value":"130.0","slugiddata":90516,"dKPIRSrs":false,"dNITIRSrs":false,"tps":"","dTHEMATICRSrs":false},{"_id":"91229","area":"IND036015","below":[],"indicator":46,"ius":"Mothers who received 3 or more antenatal care:Percent:Total","rank":10,"src":6,"subgrp":1,"top":[],"tp":"2016-2017","trend":"dn","value":"44.1","slugiddata":91229,"dKPIRSrs":false,"dNITIRSrs":false,"tps":"","dTHEMATICRSrs":false},{"_id":"96030","area":"IND036015","below":[],"indicator":89,"ius":"Pregnant women received TT2 or Booster to total ANC registration:Percent:Total","rank":9,"src":6,"subgrp":1,"top":[],"tp":"2014-2015","trend":"na","value":"70.9","slugiddata":96030,"dKPIRSrs":false,"dNITIRSrs":false,"tps":"","dTHEMATICRSrs":true},{"_id":"96741","area":"IND036015","below":[],"indicator":89,"ius":"Pregnant women received TT2 or Booster to total ANC registration:Percent:Total","rank":7,"src":6,"subgrp":1,"top":[],"tp":"2015-2016","trend":"up","value":"88.2","slugiddata":96741,"dKPIRSrs":false,"dNITIRSrs":false,"tps":"","dTHEMATICRSrs":true},{"_id":"97454","area":"IND036015","below":[],"indicator":89,"ius":"Pregnant women received TT2 or Booster to total ANC registration:Percent:Total","rank":10,"src":6,"subgrp":1,"top":[],"tp":"2016-2017","trend":"dn","value":"40.2","slugiddata":97454,"dKPIRSrs":false,"dNITIRSrs":false,"tps":"","dTHEMATICRSrs":true}]